age,gender,year_of_study,cgpa,attendance,study_hours,backlogs,academic_pressure,sleep_hours,screen_time,physical_activity_time,diet_quality,caffeine_intake,social_interaction,family_support,peer_pressure,stress_level,anxiety_level,mood_rating,loneliness,self_esteem,motivation_level,social_media_usage,late_night_usage,gaming_hours,past_mental_health_issue,therapy_taken,panic_attacks,course_type_commerce,course_type_engineering,course_type_law,course_type_management,course_type_science,living_condition_home,living_condition_hostel,living_condition_pg,relationship_status_single,mental_risk_score,mental_risk_percent,academic_stress_score,academic_stress_percent,lifestyle_risk_score,lifestyle_risk_percent,social_wellbeing_score,social_wellbeing_percent,social_risk_percent,overall_risk_percent,risk_level
23.0,1,3,6.55,62.27157919891147,1.6276464182475636,4.0,1.0,7.144827997560314,6.626248147031992,4.19072237534192,7.0,3.0,8.0,8.0,7.0,4.0,6.0,10.0,6.0,1.0,6.0,5.407200962207178,1,3.8827351179824263,0,1,0,False,False,True,False,False,True,False,False,False,16.0,40.0,9.0,30.0,15.290697774129757,50.96899258043253,19.0,63.33333333333333,36.66666666666667,39.4089148117748,0
20.0,0,1,6.55,41.35369904543965,6.370275808796807,4.0,3.0,4.140102092146869,6.626248147031992,4.735531459749182,8.0,2.0,3.0,10.0,7.0,10.0,1.0,4.0,8.0,1.0,5.0,2.0785140279543746,1,3.1516417711273315,1,1,1,False,True,False,False,False,False,True,False,True,25.0,62.5,12.0,40.0,17.75061459513594,59.168715317119805,16.0,53.333333333333336,46.666666666666664,52.08384549594661,1
29.0,2,4,4.55,48.85860955822953,1.39041593029663,9.0,8.0,8.879047715589362,3.552376888913692,0.9733864129420482,7.0,4.0,15.0,13.0,8.0,6.0,8.0,5.0,6.0,10.0,6.0,8.428535161476322,1,3.8827351179824263,1,0,1,False,False,False,False,False,False,True,False,True,25.0,62.5,21.0,70.0,13.699942760382282,45.66647586794094,30.0,100.0,0.0,44.54161896698523,1
27.0,1,4,5.55,41.58032210491312,2.4025919650140213,4.0,5.0,4.633971709163416,6.626248147031992,0.6041215844924652,5.0,2.0,4.0,3.0,2.0,7.0,8.0,7.0,8.0,9.0,6.0,2.099643176126327,1,2.523504145414223,0,0,1,False,False,False,False,True,False,False,True,False,26.0,65.0,13.0,43.333333333333336,21.38815485337611,71.29384951125371,15.0,50.0,50.0,57.40679571114676,1
24.0,2,2,6.55,99.3953885452437,0.6243581633981403,3.0,3.0,9.352916851065148,5.701479544969493,1.3338688889269037,10.0,1.0,6.0,5.0,6.0,7.0,8.0,6.0,9.0,1.0,8.0,6.906279850601865,1,0.1273403572167595,0,0,0,True,False,False,False,False,False,False,True,False,28.0,70.0,8.0,26.666666666666668,15.01469380497744,50.04897934992481,15.0,50.0,50.0,49.17891150414787,1
29.0,1,1,6.55,56.73225093947338,5.2587299345892,5.0,8.0,5.772811210425772,6.626248147031992,4.690700986516971,8.0,2.0,6.0,10.0,7.0,10.0,7.0,4.0,7.0,4.0,4.0,3.999094590890912,1,1.4701968208488156,0,1,1,False,False,False,False,False,True,False,False,False,30.0,75.0,19.0,63.33333333333333,16.16273595008925,53.875786500297494,19.0,63.33333333333333,36.66666666666667,57.218946625074366,1
21.0,1,4,6.55,72.37137661075897,9.679633460703116,9.0,6.0,6.179192882890575,5.197333628087486,3.9402503904344863,8.0,2.0,2.0,10.0,6.0,9.0,7.0,5.0,1.0,8.0,9.0,7.494608729630826,0,0.5429338796711907,1,1,0,False,False,False,False,True,False,False,True,True,22.0,55.00000000000001,16.0,53.333333333333336,15.077890354762424,50.25963451587475,16.0,53.333333333333336,46.666666666666664,51.31490862896869,1
23.0,1,4,6.55,99.75317654558296,7.031630144398746,0.0,3.0,3.296330489557969,9.089780837272624,3.9402503904344863,8.0,6.0,7.0,8.0,7.0,4.0,6.0,6.0,9.0,9.0,6.0,4.234613178409584,0,2.480052626314862,1,0,0,False,True,False,False,False,False,False,True,True,23.0,57.49999999999999,7.0,23.333333333333332,21.853199957280168,72.84399985760056,18.0,60.0,40.0,48.41933329773347,1
26.0,0,2,7.55,72.37137661075897,7.276143665815341,1.0,5.0,6.179192882890575,2.85217903961568,5.620367569488998,10.0,0.0,6.0,8.0,6.0,7.0,7.0,9.0,9.0,6.0,8.0,4.97650989328116,1,5.379273236005272,1,1,0,True,False,False,False,False,True,False,False,True,24.0,60.0,8.0,26.666666666666668,11.052618587236108,36.842061957453694,18.0,60.0,40.0,40.87718215603009,1
19.0,0,4,4.55,41.99177890393371,4.963788604621305,3.0,1.0,4.979810125820248,6.626248147031992,1.9867586162410855,6.0,2.0,10.0,6.0,3.0,9.0,9.0,10.0,10.0,8.0,4.0,9.6100542212944,1,4.129036558178338,1,1,0,False,False,True,False,False,True,False,False,True,28.0,70.0,10.0,33.33333333333333,19.65967940497066,65.53226468323552,23.0,76.66666666666667,23.33333333333333,48.049732837475545,1
23.0,0,4,9.55,44.89549782321562,4.1267261190283975,8.0,6.0,7.712138486485408,8.459735532126183,3.1802159156445526,2.0,3.0,12.0,4.0,5.0,2.0,6.0,6.0,2.0,6.0,9.0,7.587223420957172,1,1.9921171206000732,1,0,1,False,True,False,False,False,True,False,False,False,14.0,35.0,15.0,50.0,17.56738112999622,58.5579370999874,21.0,70.0,30.0,43.389484274996846,1
27.0,2,4,2.45,134.82992855818028,10.142905246089985,5.0,9.0,3.5385269844832177,9.822957507944194,16.52515337048831,8.0,2.0,7.0,6.0,3.0,8.0,6.0,7.0,2.0,8.0,9.0,8.276484830972077,0,7.990118518298751,0,0,0,False,False,False,True,False,False,False,False,True,19.0,47.5,15.0,50.0,9.759277152972665,32.53092384324221,20.0,66.66666666666666,33.33333333333334,40.84106429414389,1
27.0,2,2,3.25,64.37032077468916,1.0542742119181745,5.0,7.0,8.70895835525189,10.0,6.599972890888898,10.0,2.0,6.0,6.0,6.0,6.0,9.0,8.0,7.0,7.0,1.0,3.1288871753577,0,3.8827351179824263,1,1,1,False,False,False,False,True,True,False,False,False,24.0,60.0,21.0,70.0,14.691068753859213,48.97022917953071,16.0,53.333333333333336,46.666666666666664,56.409223961549344,1
24.0,0,4,5.55,76.37063834690606,10.295167844022403,8.0,6.0,4.11575063051544,2.745320978138263,2.0437780012652924,1.0,1.0,10.0,3.0,3.0,4.0,4.0,3.0,6.0,9.0,1.0,3.4795041172142884,1,4.985687625742359,0,1,0,False,False,False,True,False,False,True,False,True,21.0,52.5,23.0,76.66666666666667,16.58579234635753,55.285974487858425,20.0,66.66666666666666,33.33333333333334,54.44649362196461,1
21.0,2,4,9.55,66.33086858268183,5.804280315177428,3.0,6.0,6.179192882890575,2.5208683722980245,4.780606411214518,6.0,2.0,6.0,8.0,2.0,3.0,9.0,6.0,5.0,9.0,7.0,1.7280526460754642,1,6.413064921664719,1,1,1,True,False,False,False,False,False,False,True,False,21.0,52.5,12.0,40.0,11.561069078192931,38.53689692730977,22.0,73.33333333333333,26.66666666666667,39.42589089849412,0
20.0,1,1,5.55,96.04461095628906,6.370275808796807,2.0,5.0,8.565402751801834,7.762481144612699,5.326435381581342,9.0,6.0,5.0,4.0,6.0,10.0,8.0,4.0,6.0,6.0,3.0,4.467450627213914,0,7.664117585022745,1,1,1,False,True,False,False,False,True,False,False,False,30.0,75.0,14.0,46.666666666666664,13.870643011229525,46.23547670409842,13.0,43.333333333333336,56.666666666666664,56.142202509357936,1
23.0,1,1,6.55,72.08438292481065,3.816077032732804,6.0,6.0,8.723276839138983,9.32608205641261,3.9402503904344863,6.0,3.0,8.0,10.0,9.0,4.0,5.0,1.0,6.0,5.0,7.0,9.969648042706863,1,2.835389236623194,1,1,1,True,False,False,False,False,False,False,False,False,24.0,60.0,15.0,50.0,16.66255482683914,55.54184942279714,19.0,63.33333333333333,36.66666666666667,50.55212902236596,1
24.0,1,2,4.55,81.62356368774653,4.066115418996249,6.0,7.0,6.796043522151951,3.995590732636507,4.379738534180287,10.0,7.0,6.0,9.0,1.0,9.0,10.0,6.0,8.0,2.0,1.0,5.89486922086297,1,4.561447177452246,0,1,0,False,False,False,False,True,False,False,True,False,31.0,77.5,22.0,73.33333333333333,12.81980867630427,42.732695587680894,24.0,80.0,20.0,53.39150723025355,1
19.0,0,3,4.55,93.7891163585498,9.019258419877714,8.0,9.0,4.689818309132505,6.784319261304242,4.490295020662195,6.0,1.0,6.0,2.0,8.0,1.0,3.0,10.0,4.0,6.0,13.0,7.2424983482494625,1,2.0133920686661053,0,1,0,False,True,False,False,False,False,False,True,False,8.0,20.0,14.0,46.666666666666664,17.60420593150954,58.680686438365136,10.0,33.33333333333333,66.66666666666667,48.00350494292462,1
22.0,2,1,6.55,48.81231254999244,9.419954080706642,5.0,8.0,2.3683231692451345,9.49463373672948,7.107577707819599,6.0,7.0,5.0,6.0,5.0,9.0,9.0,4.0,3.0,4.0,7.0,7.374928782670248,1,0.2691565732603278,0,1,0,False,False,True,False,False,True,False,False,False,27.0,67.5,16.0,53.333333333333336,20.018732859664745,66.72910953221582,16.0,53.333333333333336,46.666666666666664,58.55727738305395,1
21.0,0,4,9.55,53.78407924711171,2.755736135881761,1.0,5.0,4.961416713312997,9.442534190644997,0.4350540414511075,4.0,6.0,10.0,1.0,9.0,10.0,6.0,2.0,6.0,8.0,4.0,2.027956802233037,1,4.141574346977587,0,1,1,False,True,False,False,False,False,False,True,False,30.0,75.0,12.0,40.0,24.046063435880892,80.15354478626963,12.0,40.0,60.0,63.78838619656741,1
18.0,2,4,4.55,46.439119628440906,11.674455897862869,5.0,7.0,6.146290962348577,8.1920218272512,9.18115080133996,1.0,3.0,5.0,4.0,9.0,6.0,6.0,4.0,10.0,10.0,2.0,0.5602752312122194,1,9.515130683353922,1,0,0,False,True,False,False,False,False,False,False,True,28.0,70.0,20.0,66.66666666666666,12.864580063562663,42.88193354520888,10.0,33.33333333333333,66.66666666666667,61.55381671963555,1
24.0,1,4,8.55,48.378303953794735,1.0138812509379471,7.0,8.0,2.0934928282929484,1.866664655267015,3.9402503904344863,1.0,7.0,1.0,17.0,2.0,1.0,10.0,4.0,1.0,4.0,5.0,1.215941465027337,0,2.202035546229535,1,0,0,False,False,True,False,False,True,False,False,False,18.0,45.0,20.0,66.66666666666666,15.832921436539582,52.77640478846527,26.0,86.66666666666667,13.333333333333329,44.44410119711631,1
28.0,1,2,5.55,70.75503801605399,0.8220355572255706,4.0,6.0,6.59432025763055,1.5570824630329638,7.2781070799686916,1.0,3.0,4.0,7.0,3.0,6.0,1.0,3.0,4.0,6.0,5.0,7.196912889089386,1,1.858646336679164,1,0,0,False,False,False,True,False,False,False,False,True,18.0,45.0,15.0,50.0,7.684655125433721,25.61551708477907,18.0,60.0,40.0,40.15387927119477,1
22.0,2,4,6.55,59.27075553804784,7.146050583433233,8.0,8.0,9.144337236473383,5.2728984105435535,7.684322172654244,5.0,3.0,9.0,9.0,1.0,6.0,6.0,5.0,2.0,1.0,4.0,4.557921789377196,0,5.317223764136356,1,0,0,False,False,False,False,True,True,False,False,True,19.0,47.5,22.0,73.33333333333333,8.444239001415927,28.147463338053086,27.0,90.0,10.0,39.74519916784661,0
18.0,1,4,6.55,65.39037037160529,8.672889213259458,3.0,7.0,3.74272417936021,1.2935616912714083,1.3619781138081333,7.0,7.0,2.0,9.0,1.0,8.0,3.0,6.0,5.0,4.0,9.0,9.04679655135518,1,4.194646725784337,1,1,0,False,False,False,True,False,False,True,False,True,20.0,50.0,11.0,36.666666666666664,16.188859398103066,53.962864660343556,20.0,66.66666666666666,33.33333333333334,43.49071616508589,1
28.0,1,3,4.55,98.9493899076437,11.530633550699688,2.0,2.0,9.41415328918719,10.0,3.9402503904344863,1.0,7.0,6.0,10.0,2.0,8.0,10.0,1.0,6.0,4.0,2.0,6.386687708267191,0,5.443801621483876,1,1,0,False,False,False,True,False,False,False,True,True,33.0,82.5,12.0,40.0,16.645596320378324,55.48532106792775,24.0,80.0,20.0,49.496330266981936,1
21.0,1,4,3.8,49.40226086775689,4.859349369586338,4.0,2.0,2.780868150588688,1.2215913123019662,2.187663222101798,1.0,4.0,6.0,9.0,2.0,6.0,3.0,7.0,1.0,6.0,4.0,1.0267177443955344,1,13.942769489987054,0,0,0,False,False,False,True,False,False,False,True,True,13.0,32.5,12.0,40.0,16.25305993961148,54.176866465371596,23.0,76.66666666666667,23.33333333333333,37.50254994967624,0
17.0,0,1,7.55,72.44872424788454,0.3034969078755973,2.0,6.0,8.603490801782574,1.325741483561797,0.8050210180937682,6.0,2.0,9.0,9.0,20.0,8.0,9.0,10.0,9.0,8.0,2.0,9.68468380172259,0,2.216707518042657,1,0,0,False,False,False,False,False,False,False,False,True,26.0,65.0,16.0,53.333333333333336,11.917229663685456,39.72409887895152,8.0,26.666666666666668,73.33333333333333,57.84769138640455,1
28.0,0,4,9.55,45.93226930321906,7.234756073356884,1.0,3.0,6.179192882890575,2.818601162086063,3.863551243770391,2.0,0.0,5.0,7.0,8.0,6.0,7.0,1.0,9.0,4.0,10.0,4.007060060271997,0,3.8827351179824263,0,0,0,False,False,False,True,False,False,True,False,True,31.0,77.5,4.0,13.333333333333334,12.775857035425096,42.58619011808366,14.0,46.666666666666664,53.333333333333336,46.68821419618758,1
26.0,1,2,8.55,59.10977879583272,3.4763522471852624,1.0,1.0,4.062078903185111,7.897166447441164,4.104651285836204,2.0,0.0,9.0,8.0,4.0,1.0,8.0,10.0,5.0,4.0,4.0,8.482005161865002,1,3.882129917880052,0,1,1,False,False,False,False,False,False,False,False,False,14.0,35.0,8.0,26.666666666666668,19.730436258419846,65.7681208613995,23.0,76.66666666666667,23.33333333333333,37.692030215349874,0
22.0,0,3,6.55,71.65155542047592,5.195365454344827,3.0,8.0,6.179192882890575,6.957095546449917,4.583826077276434,7.0,0.0,10.0,15.0,3.0,6.0,11.0,1.0,1.0,3.0,6.0,4.97650989328116,1,4.385067562177479,0,1,0,False,False,True,False,False,False,False,True,True,27.0,67.5,15.0,50.0,16.194076586282907,53.980255287609694,32.0,106.66666666666667,-6.666666666666671,41.20339715523575,1
29.0,1,4,3.25,96.79790475792026,6.370275808796807,2.0,7.0,5.332789805694222,8.254358502108861,5.303666931570042,9.0,0.0,5.0,9.0,2.0,6.0,8.0,2.0,3.0,8.0,5.0,3.59346525844955,0,1.8265652189905035,1,1,1,False,False,False,False,True,False,False,False,True,25.0,62.5,14.0,46.666666666666664,17.617901764844596,58.72633921614866,22.0,73.33333333333333,26.66666666666667,48.6399181373705,1
28.0,1,2,3.8,63.47369327700898,0.7741513288564059,8.0,4.0,3.1300486997247505,10.0,0.5033396197179405,8.0,6.0,9.0,2.0,1.0,10.0,8.0,10.0,7.0,6.0,10.0,5.943873319619693,0,3.065373132781412,0,1,0,False,False,False,True,False,False,False,True,True,25.0,62.5,12.0,40.0,26.36661168055731,87.8887056018577,20.0,66.66666666666666,33.33333333333334,55.930509733797756,1
25.0,1,1,6.55,43.89440177288019,13.18861629793632,6.0,1.0,6.179192882890575,6.004402158928687,4.9798683663391525,2.0,2.0,2.0,8.0,8.0,8.0,8.0,6.0,5.0,4.0,6.0,5.240939389963009,1,3.8827351179824263,0,1,1,False,False,False,True,False,False,True,False,True,25.0,62.5,11.0,36.666666666666664,14.84534090969896,49.48446969899653,12.0,40.0,60.0,52.162784091415794,1
17.0,2,4,5.55,63.28968687761902,5.115836001651777,5.0,2.0,6.179192882890575,1.4826357346854824,7.310474305392422,6.0,4.0,7.0,2.0,7.0,5.0,6.0,9.0,9.0,5.0,14.0,7.276967803441181,1,4.618153519252302,1,0,0,False,False,True,False,False,True,False,False,True,21.0,52.5,3.0,10.0,7.992968546402485,26.643228488008287,12.0,40.0,60.0,37.28580712200207,0
27.0,0,3,6.55,72.37137661075897,8.55053118343912,9.0,9.0,9.194332391674354,9.398462877326036,3.639927831861877,5.0,7.0,8.0,15.0,2.0,6.0,6.0,6.0,6.0,2.0,9.0,8.830432113095435,0,5.990971845619521,0,0,0,False,False,False,False,False,False,False,False,True,22.0,55.00000000000001,19.0,63.33333333333333,16.564202653789806,55.21400884596602,31.0,103.33333333333334,-3.333333333333343,42.553502211491505,1
27.0,1,4,9.55,53.79937679748672,7.747990934548135,7.0,4.0,4.22882260892082,9.931609090511472,0.8536995465424315,10.0,3.0,3.0,3.0,7.0,9.0,5.0,5.0,5.0,6.0,1.0,7.586001009844404,1,4.348114192016221,1,1,0,False,False,False,False,True,False,False,True,False,24.0,60.0,20.0,66.66666666666666,24.84908693504822,82.83028978349407,9.0,30.0,70.0,69.87423911254018,1
26.0,1,2,1.45,77.08543738989943,2.2225886178067324,8.0,3.0,6.615892795027005,1.548771958752224,0.6875522138274368,12.0,6.0,1.0,2.0,6.0,7.0,4.0,6.0,17.0,6.0,5.0,3.1011547889007263,1,2.61232231115057,1,1,1,False,True,False,False,False,True,False,False,True,32.0,80.0,16.0,53.333333333333336,14.24532694989778,47.48442316632593,7.0,23.333333333333332,76.66666666666667,64.37110579158148,1
28.0,1,3,3.8,44.0454319722209,2.473667018524764,2.0,8.0,2.922941277414533,6.626248147031992,2.254018103287235,10.0,4.0,2.0,6.0,8.0,6.0,9.0,10.0,8.0,2.0,6.0,9.693385275437688,0,6.677977186946104,0,0,0,False,False,False,False,True,True,False,False,True,23.0,57.49999999999999,14.0,46.666666666666664,21.449288766330227,71.49762922110075,10.0,33.33333333333333,66.66666666666667,60.58274063860853,1
28.0,0,4,5.55,67.88342537500225,3.012074145292479,9.0,4.0,5.694758434696715,9.476564792649071,6.020197010378727,4.0,7.0,10.0,6.0,6.0,3.0,7.0,6.0,16.0,8.0,3.0,9.19068757024888,0,0.4610850681489573,0,1,0,False,False,False,False,True,False,True,False,True,30.0,75.0,20.0,66.66666666666666,17.76160934757363,59.20536449191209,20.0,66.66666666666666,33.33333333333334,58.55134112297802,1
19.0,1,1,3.25,76.56769516064585,2.147405283566128,6.0,7.0,6.184560541529452,5.13770762400943,2.087997242540725,4.0,3.0,5.0,1.0,4.0,9.0,6.0,3.0,6.0,6.0,10.0,6.300363098597691,1,1.9898754292137248,0,0,0,False,False,False,True,False,False,False,True,True,28.0,70.0,13.0,43.333333333333336,16.865149839939253,56.217166133130846,12.0,40.0,60.0,57.38762486661605,1
28.0,0,3,2.45,65.31150354204982,6.370275808796807,8.0,5.0,8.264006760473222,6.199165383108609,6.51464729840937,9.0,4.0,9.0,7.0,8.0,12.0,1.0,2.0,7.0,1.0,5.0,4.97650989328116,1,0.4002466361361581,1,1,1,False,False,False,True,False,False,False,False,True,28.0,70.0,18.0,60.0,11.420511324226016,38.06837108075339,18.0,60.0,40.0,52.01709277018835,1
23.0,2,1,2.45,41.14758103742382,6.370275808796807,4.0,5.0,5.873496663496045,10.0,6.557273175727713,7.0,0.0,6.0,1.0,1.0,8.0,6.0,3.0,2.0,10.0,16.0,9.121193125159158,0,3.144072687896829,0,1,0,False,False,False,False,False,True,False,False,False,23.0,57.49999999999999,3.0,10.0,17.569230160776243,58.564100535920815,16.0,53.333333333333336,46.666666666666664,43.18269180064687,1
20.0,1,4,9.55,99.13116141417191,6.370275808796807,9.0,6.0,9.359507665449389,2.040814922500568,3.9402503904344863,7.0,2.0,1.0,4.0,10.0,1.0,4.0,6.0,7.0,4.0,6.0,7.351990839655615,1,2.002831352748688,1,0,0,False,False,False,False,False,False,False,True,True,16.0,40.0,19.0,63.33333333333333,8.741056866616693,29.136856222055645,5.0,16.666666666666664,83.33333333333334,53.95088072218058,1
25.0,1,4,6.55,62.02694604043212,7.280178554295494,8.0,18.0,6.001101097437846,8.450127569118347,2.406310743231796,4.0,6.0,1.0,6.0,1.0,1.0,9.0,6.0,3.0,5.0,6.0,4.8342463133914375,1,5.4606573894999935,0,1,1,False,False,False,True,False,False,False,True,True,17.0,42.5,30.0,100.0,20.042715728448705,66.80905242816235,16.0,53.333333333333336,46.666666666666664,63.99392977370725,1
23.0,1,1,1.45,86.71463121599601,4.919135200212869,6.0,2.0,8.647922484540778,3.364828254260991,4.781337221672287,6.0,1.0,6.0,8.0,4.0,3.0,3.0,8.0,13.0,2.0,6.0,9.864622291530248,1,0.6284729962747413,0,1,0,False,False,False,True,False,True,False,False,False,21.0,52.5,12.0,40.0,9.935568548047925,33.118561826826415,20.0,66.66666666666666,33.33333333333334,39.73797379003994,0
21.0,0,2,9.55,59.53878953124719,3.750963106317129,9.0,6.0,4.539123433307471,1.6891657418416814,3.9402503904344863,8.0,1.0,6.0,8.0,1.0,2.0,10.0,6.0,5.0,10.0,10.0,7.104970092237729,1,3.8827351179824263,1,1,0,True,False,False,False,False,False,True,False,True,21.0,52.5,15.0,50.0,13.209791918099725,44.032639726999086,23.0,76.66666666666667,23.33333333333333,42.4664932650831,1
19.0,0,4,2.45,72.37137661075897,10.93288508287775,4.0,5.0,9.771233778979854,8.287476301501675,0.51656638400675,10.0,0.0,8.0,10.0,5.0,5.0,1.0,2.0,4.0,5.0,8.0,2.3817255361199408,0,4.423396413820059,1,1,1,True,False,False,False,False,False,False,True,False,18.0,45.0,11.0,36.666666666666664,17.99967613851507,59.9989204617169,23.0,76.66666666666667,23.33333333333333,41.249730115429216,1
23.0,1,2,9.55,63.3078185566598,11.628022489705836,5.0,3.0,2.747705867561484,2.3355347827043453,7.627388346612819,4.0,5.0,2.0,18.0,9.0,9.0,1.0,2.0,10.0,6.0,4.0,6.584779767860683,1,3.8827351179824263,1,1,1,False,False,True,False,False,False,True,False,False,28.0,70.0,14.0,46.666666666666664,11.960440568530043,39.868135228433474,21.0,70.0,30.0,46.633700473775036,1
21.0,2,1,2.45,60.55235377057646,5.961314107052734,5.0,4.0,6.684693174735914,10.0,3.9402503904344863,13.0,3.0,6.0,5.0,9.0,9.0,3.0,4.0,7.0,2.0,6.0,4.97650989328116,1,3.7468011382828994,1,1,1,False,False,False,True,False,True,False,False,False,25.0,62.5,13.0,43.333333333333336,19.3750564348296,64.58352144943198,12.0,40.0,60.0,57.60421369569133,1
25.0,0,2,3.8,41.31108263246672,8.239992063816846,5.0,3.0,6.179192882890575,3.229759303807389,3.185182050445153,4.0,7.0,5.0,6.0,9.0,8.0,7.0,9.0,3.0,1.0,3.0,1.598552162111443,0,2.250149410376846,0,1,0,False,True,False,False,False,True,False,False,True,19.0,47.5,15.0,50.0,13.865384370471661,46.2179479015722,12.0,40.0,60.0,50.92948697539305,1
23.0,0,3,3.8,61.60125627127021,9.241466492037212,4.0,3.0,8.512327890481965,1.5336322239363729,4.048153884292845,1.0,7.0,1.0,8.0,6.0,5.0,8.0,5.0,6.0,6.0,10.0,5.188364911387162,1,3.988488429028245,0,0,1,True,False,False,False,False,False,True,False,True,24.0,60.0,7.0,23.333333333333332,8.973150449161563,29.91050149720521,13.0,43.333333333333336,56.666666666666664,42.4776253743013,1
23.0,1,4,1.45,93.3693994239718,1.5894814904025414,4.0,4.0,3.5862488862963358,2.0922721149173418,3.0847399742148616,5.0,6.0,4.0,3.0,1.0,3.0,4.0,7.0,1.0,2.0,7.0,8.58983647080861,1,2.7063642974915334,0,1,0,False,False,False,False,False,False,True,False,False,11.0,27.500000000000004,11.0,36.666666666666664,15.421283254406145,51.404277514687145,16.0,53.333333333333336,46.666666666666664,40.55940271200512,1
20.0,2,2,6.55,81.42360031562103,9.187058851724178,6.0,2.0,5.2131671094798895,10.0,3.300888233035521,10.0,1.0,14.0,6.0,10.0,6.0,2.0,7.0,2.0,6.0,6.0,0.2463150581295592,0,3.8827351179824263,0,0,0,False,False,False,False,True,False,True,False,False,13.0,32.5,12.0,40.0,21.485944657484588,71.61981552494862,20.0,66.66666666666666,33.33333333333334,44.36328721457049,1
23.0,2,1,6.55,48.72537154572639,9.827380491736063,5.0,4.0,6.993569379712825,5.080650379743016,4.764932886736966,3.0,5.0,6.0,6.0,5.0,18.0,6.0,6.0,6.0,7.0,6.0,8.512432359435017,0,3.8827351179824263,0,1,1,False,False,True,False,False,False,False,False,True,34.0,85.0,13.0,43.333333333333336,13.322148113293228,44.40716037764409,17.0,56.666666666666664,43.333333333333336,54.018456761077694,1
23.0,1,4,9.55,75.46930027736435,1.4988473355260084,2.0,10.0,4.527061678179333,4.324933055041597,0.4819239748573629,1.0,0.0,5.0,3.0,10.0,6.0,9.0,6.0,6.0,7.0,3.0,6.851588471016806,0,4.912384303150466,1,0,0,True,False,False,False,False,True,False,False,True,25.0,62.5,19.0,63.33333333333333,19.315947402004902,64.38649134001633,8.0,26.666666666666668,73.33333333333333,65.88828950167074,1
18.0,2,3,9.55,93.5338515969323,11.722337625558763,4.0,2.0,7.26636812170784,6.4031870168377925,3.9402503904344863,2.0,6.0,9.0,3.0,2.0,7.0,10.0,9.0,7.0,6.0,1.0,7.256619829498399,1,4.629239257317712,1,1,1,False,False,False,False,True,True,False,False,False,25.0,62.5,15.0,50.0,15.196568504695467,50.65522834898489,20.0,66.66666666666666,33.33333333333334,49.12214042057956,1
26.0,1,4,9.55,82.00204245789132,6.370275808796807,7.0,10.0,5.03024537050162,7.962258257350927,1.8163165584282053,6.0,3.0,3.0,4.0,1.0,7.0,6.0,15.0,9.0,3.0,6.0,8.926311953735,0,0.8658231522044577,1,1,0,False,False,False,False,True,False,True,False,False,17.0,42.5,21.0,70.0,21.1156963284211,70.38565442807034,16.0,53.333333333333336,46.666666666666664,57.388080273684245,1
25.0,1,4,1.45,48.92106354140181,23.639553767477835,4.0,8.0,4.806930580681779,1.4081246984440674,3.2601141942267446,8.0,6.0,5.0,6.0,5.0,7.0,2.0,2.0,5.0,2.0,10.0,9.43718747354044,1,1.7461542050346708,1,0,0,True,False,False,False,False,False,False,False,True,22.0,55.00000000000001,12.0,40.0,13.341079923535544,44.47026641178515,16.0,53.333333333333336,46.666666666666664,46.53423326961295,1
26.0,2,4,7.55,92.0699498040698,5.952417712875172,9.0,10.0,2.8645453719232767,10.0,2.968460236618484,4.0,7.0,10.0,12.0,5.0,9.0,9.0,7.0,3.0,5.0,10.0,4.97650989328116,0,0.0563768211596347,1,0,1,False,True,False,False,False,True,False,False,False,24.0,60.0,19.0,63.33333333333333,24.16699439145824,80.55664797152747,27.0,90.0,10.0,53.472495326215196,1
21.0,1,4,9.55,58.09264079733192,2.9528897073219413,2.0,5.0,2.314023030824366,10.0,5.777636477347704,3.0,2.0,7.0,2.0,1.0,9.0,7.0,6.0,2.0,3.0,3.0,9.191274117464896,1,3.5052403507188217,1,0,0,False,True,False,False,False,False,False,False,False,22.0,55.00000000000001,14.0,46.666666666666664,21.90834049182793,73.02780163942643,18.0,60.0,40.0,53.67361707652327,1
23.0,2,2,6.55,67.2445686587405,6.984111370582955,8.0,7.0,8.682190320097455,5.590374977703561,2.0734349496585835,4.0,1.0,6.0,4.0,6.0,1.0,9.0,6.0,6.0,10.0,1.0,2.1654034960023614,0,6.161022828249956,0,0,0,False,False,True,False,False,True,False,False,False,20.0,50.0,24.0,80.0,14.834749707947523,49.449165693158406,14.0,46.666666666666664,53.333333333333336,58.19562475662294,1
20.0,1,1,6.55,71.56856558134878,5.039206061657229,2.0,4.0,5.916355937248594,6.626248147031992,0.4565770688564274,6.0,0.0,6.0,10.0,3.0,3.0,14.0,1.0,2.0,6.0,8.0,4.97650989328116,1,3.8827351179824263,0,1,0,False,True,False,False,False,False,True,False,False,28.0,70.0,8.0,26.666666666666668,20.253315140926972,67.51105046975657,23.0,76.66666666666667,23.33333333333333,46.877762617439146,1
28.0,2,3,6.55,91.03039626269172,2.471383736606365,1.0,10.0,6.502985065672053,10.0,0.4435379692178482,1.0,3.0,4.0,9.0,6.0,5.0,10.0,6.0,6.0,6.0,15.0,5.548421600405188,0,7.994663367000108,0,1,1,False,False,True,False,False,False,True,False,False,25.0,62.5,6.0,20.0,23.0534769651101,76.84492321703367,17.0,56.666666666666664,43.333333333333336,50.669564137591756,1
28.0,2,1,3.8,72.37137661075897,5.084116915414171,5.0,6.0,4.977768180227844,5.722429779511923,0.0905046861865033,1.0,2.0,1.0,8.0,2.0,4.0,4.0,6.0,5.0,5.0,7.0,9.276566428226715,1,6.002699258561773,1,1,1,False,False,False,False,False,False,False,False,True,17.0,42.5,14.0,46.666666666666664,20.654156913097577,68.84718971032525,17.0,56.666666666666664,43.333333333333336,50.33679742758131,1
23.0,1,2,7.55,95.77917266743336,7.966678028131087,7.0,6.0,3.093936363790164,10.0,0.304208052314701,5.0,4.0,2.0,15.0,9.0,1.0,11.0,9.0,2.0,2.0,7.0,0.5438766682076235,1,2.99931205143624,0,0,0,True,False,False,False,False,False,False,False,False,15.0,37.5,16.0,53.333333333333336,26.601855583895137,88.67285194631712,18.0,60.0,40.0,54.87654631991262,1
28.0,0,3,2.45,40.47725087671244,0.8509597294318927,5.0,6.0,5.596575981529652,1.3117063893832688,6.8692853979820345,7.0,7.0,6.0,8.0,2.0,6.0,10.0,6.0,6.0,6.0,3.0,4.97650989328116,1,7.785652874037773,0,0,1,False,False,False,False,True,True,False,False,True,26.0,65.0,18.0,60.0,8.845845009871582,29.48615003290527,22.0,73.33333333333333,26.66666666666667,45.28820417489298,1
29.0,1,1,6.55,95.31330913512744,9.265971344771623,0.0,16.0,6.179192882890575,6.386156696447615,12.203377641485854,9.0,4.0,10.0,7.0,2.0,4.0,7.0,2.0,6.0,6.0,9.0,6.7850813495749005,1,8.333057354058951,0,1,0,False,False,True,False,False,False,False,False,True,25.0,62.5,17.0,56.666666666666664,8.003586172071184,26.678620573570615,25.0,83.33333333333334,16.666666666666657,40.62798847672598,1
24.0,2,1,3.25,43.26321796009434,0.2135386801539023,7.0,6.0,8.701464374217684,10.0,16.055326148032172,7.0,3.0,7.0,6.0,1.0,5.0,6.0,6.0,6.0,2.0,9.0,7.454233978711896,0,7.355301694105415,0,1,1,False,False,False,True,False,False,False,False,False,21.0,52.5,14.0,46.666666666666664,5.243209477750144,17.477364925833815,22.0,73.33333333333333,26.66666666666667,35.827674564791785,0
19.0,0,1,3.25,55.94641940904612,8.993946065540108,0.0,6.0,9.89430830459592,3.780851246037399,0.1625018249736527,5.0,2.0,7.0,7.0,1.0,4.0,10.0,1.0,6.0,1.0,5.0,5.039187934570891,0,0.6987497052590399,1,1,0,False,False,True,False,False,True,False,False,True,29.0,72.5,11.0,36.666666666666664,13.724041116467825,45.746803721559424,23.0,76.66666666666667,23.33333333333333,44.56170093038985,1
17.0,1,1,6.55,70.89927128366998,6.370275808796807,8.0,6.0,9.112769083806445,3.9277030249767457,6.792012408602555,3.0,4.0,1.0,6.0,4.0,2.0,5.0,6.0,3.0,6.0,7.0,5.749055364175924,0,3.8827351179824263,1,0,1,False,False,False,True,False,False,True,False,False,14.0,35.0,17.0,56.666666666666664,8.022921532567747,26.743071775225825,13.0,43.333333333333336,56.666666666666664,43.76910127713979,1
20.0,1,1,3.25,68.79554134026364,0.7520656164235904,7.0,2.0,6.226194127405043,7.931352875838901,5.568450634129948,6.0,2.0,9.0,3.0,7.0,5.0,4.0,1.0,22.0,6.0,1.0,4.536805706219295,1,7.267584404294197,1,1,0,False,False,True,False,False,False,True,False,True,40.0,100.0,18.0,60.0,16.13670811430391,53.7890270476797,15.0,50.0,50.0,65.94725676191993,1
18.0,1,3,4.55,76.28258763324352,11.576850715223614,4.0,10.0,7.025053961456356,10.0,5.122739451811944,7.0,6.0,6.0,6.0,4.0,15.0,5.0,6.0,2.0,4.0,6.0,7.232601333394941,1,5.206380316305853,1,1,1,False,True,False,False,False,False,False,False,False,26.0,65.0,18.0,60.0,17.8522065867317,59.50735528910567,18.0,60.0,40.0,56.12683882227642,1
24.0,0,4,7.55,68.76677372422034,0.2714586855252081,1.0,6.0,9.584980341913903,3.1861646541860744,2.8522570049534712,6.0,2.0,3.0,7.0,5.0,3.0,6.0,6.0,9.0,4.0,6.0,4.97650989328116,0,7.905694721598653,0,1,0,False,False,False,True,False,True,False,False,False,22.0,55.00000000000001,11.0,36.666666666666664,10.7489273073187,35.82975769106233,15.0,50.0,50.0,44.37410608943225,1
20.0,2,3,3.8,96.06254077842524,7.079527757713063,4.0,9.0,6.179192882890575,10.0,3.013819318319829,1.0,2.0,6.0,6.0,6.0,7.0,6.0,1.0,6.0,9.0,1.0,2.8039116760150726,1,7.96600909740464,0,0,0,False,False,False,True,False,False,True,False,True,28.0,70.0,22.0,73.33333333333333,20.806987798789596,69.35662599596532,16.0,53.333333333333336,46.666666666666664,64.83915649899133,1
18.0,1,1,6.55,54.43293089287522,9.31640954158867,7.0,6.0,7.108712986332405,8.293041185263686,6.764489524082434,3.0,4.0,3.0,2.0,5.0,4.0,6.0,9.0,1.0,10.0,10.0,2.6276694123672284,0,6.336299793076231,1,1,1,False,True,False,False,False,True,False,False,False,12.0,30.0,13.0,43.333333333333336,14.419838674848847,48.066128916162825,10.0,33.33333333333333,66.66666666666667,47.016532229040706,1
22.0,1,2,6.55,56.44148164230915,9.454755756536676,3.0,7.0,7.033836029938626,10.0,5.7078710260903245,8.0,4.0,6.0,6.0,5.0,2.0,6.0,2.0,6.0,10.0,6.0,6.53385491060925,1,2.230125584268735,1,1,1,False,False,False,True,False,True,False,False,False,22.0,55.00000000000001,14.0,46.666666666666664,17.25829294397105,57.52764314657016,17.0,56.666666666666664,43.333333333333336,50.63191078664254,1
22.0,1,2,2.45,95.24427614158336,0.4114216271184454,4.0,2.0,7.664969214499721,9.10104731097894,3.9402503904344863,2.0,5.0,6.0,2.0,14.0,8.0,6.0,6.0,1.0,7.0,18.0,9.245878959345392,0,6.828481496370811,1,1,1,False,False,False,True,False,True,False,False,True,19.0,47.5,-2.0,-6.666666666666667,17.495827706044732,58.31942568681578,4.0,13.333333333333334,86.66666666666667,46.45485642170395,1
26.0,1,1,7.55,44.604370824715375,10.876981591685272,5.0,2.0,14.57710590379199,8.345805947890362,0.2451946275982184,6.0,7.0,4.0,1.0,6.0,10.0,4.0,5.0,3.0,6.0,7.0,2.736441972618686,0,5.628020027490712,0,1,1,False,False,False,False,True,False,False,False,True,22.0,55.00000000000001,10.0,33.33333333333333,13.523505416500154,45.07835138833384,9.0,30.0,70.0,50.8529211804168,1
20.0,1,4,9.55,76.57364931428859,11.021420063125468,0.0,13.0,7.365643184444582,6.626248147031992,3.9402503904344863,4.0,7.0,2.0,10.0,5.0,2.0,2.0,5.0,10.0,6.0,7.0,2.4983354295205285,1,0.8507228764209129,0,0,0,False,False,False,True,False,False,True,False,False,19.0,47.5,16.0,53.333333333333336,15.320354572152926,51.06784857384309,17.0,56.666666666666664,43.333333333333336,48.808628810127445,1
22.0,2,2,9.55,80.90415712393664,6.736684477852473,6.0,10.0,7.807155777862386,2.9265435121932173,7.70099568189608,7.0,3.0,8.0,10.0,9.0,7.0,6.0,10.0,6.0,1.0,10.0,11.513206361255314,1,3.1014210691532496,1,0,0,True,False,False,False,False,False,False,True,True,19.0,47.5,16.0,53.333333333333336,7.4183920524347515,24.727973508115838,19.0,63.33333333333333,36.66666666666667,40.55699337702896,1
29.0,2,3,6.55,72.37137661075897,5.7849983866457535,0.0,21.0,8.472793837343591,10.0,3.634969998321502,10.0,4.0,1.0,10.0,4.0,8.0,7.0,6.0,3.0,10.0,3.0,0.0914034452781142,0,6.996085255524097,0,1,0,False,False,False,True,False,False,False,False,False,22.0,55.00000000000001,28.0,93.33333333333333,17.892236164334907,59.64078721444969,17.0,56.666666666666664,43.333333333333336,62.82686347027909,1
18.0,1,1,5.55,81.65391272938822,0.5384095567511977,5.0,3.0,5.224439754104033,6.626248147031992,6.251145841793904,7.0,1.0,10.0,5.0,9.0,10.0,7.0,1.0,5.0,6.0,7.0,4.97650989328116,1,5.662101030289427,1,1,1,False,True,False,False,False,True,False,False,True,31.0,77.5,11.0,36.666666666666664,15.150662551134054,50.502208503780174,16.0,53.333333333333336,46.666666666666664,52.83388545927837,1
26.0,0,3,4.55,50.36527876071802,6.743449710118424,4.0,4.0,7.966671874084626,2.843671958254061,3.114601809779387,8.0,6.0,8.0,4.0,5.0,3.0,3.0,9.0,8.0,4.0,10.0,3.792820648749124,0,3.41888867847955,1,0,0,False,False,False,True,False,False,False,False,False,15.0,37.5,8.0,26.666666666666668,11.762398274390048,39.20799424796682,17.0,56.666666666666664,43.333333333333336,36.67699856199171,0
28.0,2,4,1.45,91.1579339662924,4.912548981242769,9.0,1.0,2.8016300732316983,8.676425253175164,6.114583017145376,6.0,6.0,2.0,9.0,18.0,6.0,5.0,1.0,8.0,10.0,2.0,9.016791241684713,1,4.904023645768411,0,0,1,False,False,True,False,False,False,False,False,True,28.0,70.0,18.0,60.0,19.76021216279809,65.86737387599364,3.0,10.0,90.0,71.4668434689984,2
18.0,0,1,1.45,48.401541368193136,9.273676888903871,2.0,1.0,9.009505057932229,3.03054968741717,0.9537005448440884,6.0,7.0,9.0,9.0,1.0,4.0,6.0,17.0,9.0,19.0,6.0,4.97650989328116,1,7.4942285970486,1,0,0,True,False,False,False,False,True,False,False,True,12.0,30.0,7.0,23.333333333333332,13.067344084640855,43.55781361546951,27.0,90.0,10.0,26.72278673720071,0
26.0,2,2,8.55,64.04874665894498,4.846602802633054,4.0,4.0,4.320354463273534,9.346284975950732,0.3370241570183809,7.0,4.0,4.0,9.0,4.0,2.0,10.0,8.0,4.0,3.0,1.0,7.927318709561979,1,3.8827351179824263,1,0,1,False,False,False,True,False,False,False,False,True,18.0,45.0,17.0,56.666666666666664,24.68890635565882,82.29635451886274,19.0,63.33333333333333,36.66666666666667,55.15742196304902,1
20.0,1,3,3.8,72.37137661075897,8.202969999896517,3.0,2.0,5.227682512698269,9.745428757806152,3.729412572164948,5.0,3.0,4.0,3.0,4.0,8.0,9.0,1.0,5.0,6.0,2.0,1.7119984117104017,1,1.8213894566741269,0,0,1,False,False,False,False,True,False,False,False,False,31.0,77.5,13.0,43.333333333333336,20.788333672942933,69.29444557647645,13.0,43.333333333333336,56.666666666666664,61.69861139411911,1
24.0,2,2,1.45,72.71266472904401,6.370275808796807,4.0,8.0,8.428883301260068,3.6036916472093248,4.73316957379596,10.0,1.0,7.0,10.0,2.0,2.0,3.0,5.0,6.0,4.0,2.0,7.50783493534558,1,5.354907436963089,1,1,1,True,False,False,False,False,False,True,False,True,16.0,40.0,20.0,66.66666666666666,10.441638772153297,34.80546257384432,25.0,83.33333333333334,16.666666666666657,39.53469897679441,0
23.0,1,2,9.55,80.18474844553835,1.5954272491916033,3.0,4.0,7.095896304728046,1.953923636327325,2.5896151304515307,7.0,7.0,3.0,3.0,3.0,9.0,3.0,3.0,6.0,10.0,9.0,2.805706383210518,1,2.1295413608275675,0,1,1,False,False,True,False,False,True,False,False,True,25.0,62.5,8.0,26.666666666666668,12.268412201147747,40.89470733715916,13.0,43.333333333333336,56.666666666666664,46.682010167623126,1
28.0,2,1,3.25,96.47329810571745,1.6765222877899002,0.0,3.0,9.522901798653292,6.509030629066798,5.728037023838227,3.0,7.0,10.0,3.0,15.0,9.0,6.0,6.0,9.0,4.0,3.0,7.151021924670497,1,4.952123607964913,1,0,0,False,False,False,True,False,False,False,True,False,28.0,70.0,10.0,33.33333333333333,11.25809180657528,37.526972688584266,8.0,26.666666666666668,73.33333333333333,53.54840983881273,1
23.0,1,3,5.55,84.36017175376006,0.5463059975969222,4.0,3.0,3.8031928889971214,10.0,3.966557191098273,6.0,2.0,6.0,10.0,8.0,8.0,2.0,3.0,6.0,2.0,1.0,0.2274373922182648,0,5.156549207770351,1,0,1,True,False,False,False,False,False,False,True,True,23.0,57.49999999999999,16.0,53.333333333333336,22.230249919904608,74.1008330663487,18.0,60.0,40.0,56.23354159992051,1
24.0,1,4,7.55,72.46617498724908,6.495946311237645,7.0,6.0,6.179192882890575,10.0,16.69875525790512,7.0,3.0,4.0,5.0,10.0,10.0,3.0,8.0,2.0,6.0,2.0,6.192275869973146,0,2.8922814849128224,1,1,0,False,False,False,True,False,False,False,True,False,17.0,42.5,21.0,70.0,7.122051859204305,23.74017286401435,9.0,30.0,70.0,51.560043216003585,1
21.0,1,2,9.55,95.95702103022003,9.52761271252363,5.0,6.0,6.179192882890575,2.2879070215029573,0.6799241398418312,7.0,5.0,10.0,6.0,2.0,3.0,6.0,2.0,7.0,1.0,10.0,8.681037132409402,0,5.9254197059031934,0,1,0,False,False,False,True,False,False,False,False,True,24.0,60.0,11.0,36.666666666666664,15.42878999877055,51.429299995901836,24.0,80.0,20.0,42.02399166564212,1
29.0,1,1,2.45,68.70621028245259,7.324934444323993,9.0,6.0,6.179192882890575,10.0,0.5325469152086404,6.0,4.0,3.0,6.0,4.0,8.0,3.0,10.0,17.0,1.0,8.0,0.4371516712263534,0,2.343278225094087,1,0,0,False,True,False,False,False,True,False,False,True,28.0,70.0,17.0,56.666666666666664,23.288260201900783,77.62753400633594,15.0,50.0,50.0,63.57355016825065,1
18.0,0,1,7.55,73.67233918593216,6.899458626634274,8.0,6.0,7.383479218290803,3.903441149261049,7.240974817975887,8.0,7.0,10.0,3.0,6.0,5.0,1.0,3.0,13.0,5.0,6.0,2.9069417797787853,0,0.1177901446577553,0,1,0,True,False,False,False,False,False,False,True,True,26.0,65.0,18.0,60.0,9.27898711299436,30.92995704331453,17.0,56.666666666666664,43.333333333333336,49.815822594161965,1
21.0,1,4,1.45,75.76591166020575,8.167487140832836,3.0,8.0,11.947190471266987,6.626248147031992,5.352857062459272,7.0,4.0,8.0,2.0,3.0,10.0,7.0,1.0,3.0,1.0,2.0,2.0794883863861813,1,2.8052004614412063,1,0,1,False,False,False,True,False,False,False,False,False,29.0,72.5,19.0,63.33333333333333,9.326200613305733,31.087335377685775,17.0,56.666666666666664,43.333333333333336,52.56350051108811,1
24.0,0,1,2.45,64.59878355319401,4.075743876864177,9.0,8.0,7.900911703614271,2.6395526737934447,3.9402503904344863,9.0,5.0,9.0,6.0,7.0,5.0,7.0,1.0,9.0,3.0,4.0,9.980960736094993,1,6.898401148415387,1,0,0,False,False,False,True,False,False,False,True,False,30.0,75.0,23.0,76.66666666666667,10.798390579744687,35.994635265815624,18.0,60.0,40.0,56.915325483120576,1
26.0,0,2,7.55,90.30896143394943,6.370275808796807,8.0,9.0,7.853070652872375,5.1558326209691066,0.2204417782461289,4.0,3.0,5.0,4.0,6.0,2.0,2.0,4.0,1.0,6.0,9.0,9.856243362363587,1,4.614894245836033,0,0,0,False,False,False,False,True,False,True,False,False,11.0,27.500000000000004,18.0,60.0,17.082320189850606,56.94106729950202,13.0,43.333333333333336,56.666666666666664,50.276933491542174,1
25.0,1,4,6.55,51.110556330703545,6.370275808796807,7.0,1.0,8.906073018128186,7.992052169516479,7.501401803908785,9.0,0.0,3.0,6.0,8.0,3.0,5.0,6.0,6.0,10.0,9.0,1.24321863393134,1,6.794974076673684,1,1,0,False,False,False,False,True,False,False,False,True,18.0,45.0,9.0,30.0,11.58457734747951,38.615257824931696,11.0,36.666666666666664,63.333333333333336,44.23714778956626,1
28.0,0,3,4.55,73.29053142229648,8.545307194242907,2.0,10.0,9.376868723267656,6.566860861296186,6.174600447443728,1.0,6.0,7.0,2.0,6.0,8.0,9.0,3.0,10.0,4.0,7.0,1.9477028576390252,1,1.0287985678200018,0,0,0,False,False,False,True,False,False,False,True,True,34.0,85.0,15.0,50.0,11.015391690584803,36.717972301949345,13.0,43.333333333333336,56.666666666666664,57.096159742154,1
28.0,2,3,9.55,83.33399537123165,3.5152613858165003,5.0,8.0,8.200196706063089,10.0,6.114518542450777,5.0,2.0,6.0,4.0,8.0,1.0,3.0,2.0,7.0,12.0,1.0,0.2296287318516332,1,1.5439179196909674,1,1,1,False,False,False,True,False,False,False,False,False,19.0,47.5,22.0,73.33333333333333,15.685284751486133,52.28428250495377,12.0,40.0,60.0,58.27940395957177,1
28.0,1,2,2.45,94.23857031259465,0.1563033637550925,4.0,5.0,3.858342412976774,8.05430892382504,7.295437130776349,10.0,1.0,6.0,2.0,7.0,4.0,8.0,1.0,3.0,16.0,10.0,5.662301087246946,1,2.3746536047548563,0,0,1,False,False,False,True,False,True,False,False,False,24.0,60.0,9.0,30.0,16.900529380071916,56.33509793357305,11.0,36.666666666666664,63.333333333333336,52.4171078167266,1
29.0,0,3,8.55,93.03510378605672,7.154357360669909,0.0,3.0,5.707969426391793,3.898989185942347,4.62522532872246,7.0,3.0,4.0,6.0,5.0,6.0,4.0,3.0,6.0,4.0,5.0,6.858434463175417,1,6.281015741092443,1,1,0,True,False,False,False,False,True,False,False,True,23.0,57.49999999999999,8.0,26.666666666666668,13.565794430828092,45.21931476942697,15.0,50.0,50.0,44.84649535902341,1
25.0,1,4,6.55,70.52441736580852,6.370275808796807,8.0,10.0,7.133721925247112,7.13181834778516,3.15733112451045,4.0,3.0,7.0,3.0,5.0,9.0,8.0,1.0,10.0,6.0,5.0,6.545080552929059,1,4.897549149040468,0,0,0,False,False,False,True,False,True,False,False,False,36.0,90.0,23.0,76.66666666666667,16.8407652980276,56.13588432675866,15.0,50.0,50.0,68.20063774835634,1
29.0,1,1,6.55,118.52258510911828,7.312895003955656,3.0,3.0,6.314922150757936,1.7061023847703058,3.845433348684004,7.0,4.0,6.0,4.0,3.0,8.0,2.0,10.0,3.0,5.0,2.0,2.599941312762122,1,3.8827351179824263,1,1,0,False,True,False,False,False,False,False,True,False,13.0,32.5,14.0,46.666666666666664,11.545746885328366,38.485822951094555,17.0,56.666666666666664,43.333333333333336,40.24645573777364,1
23.0,1,2,3.8,63.65426416775806,9.39505983529074,4.0,6.0,3.271180099476997,7.388696168189072,6.217925626537247,18.0,0.0,7.0,9.0,4.0,10.0,9.0,10.0,9.0,1.0,6.0,2.0329882172693567,1,6.245192655162593,1,0,0,False,False,False,True,False,False,True,False,True,28.0,70.0,14.0,46.666666666666664,17.899590442174826,59.66530147391609,22.0,73.33333333333333,26.66666666666667,50.74965870181235,1
17.0,0,4,8.55,72.37137661075897,8.073488513592363,2.0,8.0,6.714184244992365,5.286302124945154,3.9402503904344863,5.0,5.0,4.0,10.0,8.0,5.0,5.0,6.0,6.0,4.0,1.0,4.97650989328116,1,3.4831171995240053,1,1,0,False,True,False,False,False,False,False,True,False,20.0,50.0,19.0,63.33333333333333,14.631867489518303,48.772891631727674,16.0,53.333333333333336,46.666666666666664,52.19322290793192,1
25.0,1,1,9.55,94.37594755438298,5.969239842276195,3.0,10.0,18.579813313857432,2.082383412614104,4.876692971421884,5.0,0.0,11.0,5.0,5.0,7.0,9.0,3.0,8.0,5.0,1.0,6.326611691098073,1,4.924819354512394,0,0,1,True,False,False,False,False,True,False,False,False,31.0,77.5,22.0,73.33333333333333,-1.374122872665212,-4.580409575550706,21.0,70.0,30.0,44.06323093944565,1
23.0,2,4,6.55,95.84223959154843,8.620708821406152,8.0,2.0,5.348137786120781,6.626248147031992,1.7446428796780094,2.0,1.0,10.0,9.0,9.0,8.0,8.0,4.0,4.0,4.0,10.0,2.455002931908962,0,6.837675548285281,0,1,1,False,False,False,False,True,True,False,False,True,26.0,65.0,10.0,33.33333333333333,19.533467481233203,65.11155827077734,20.0,66.66666666666666,33.33333333333334,49.194556234361,1
25.0,0,2,2.45,93.72484348402118,9.889249486262662,6.0,9.0,7.351462595483228,10.0,6.551072730776281,5.0,5.0,7.0,5.0,16.0,9.0,3.0,8.0,14.0,7.0,1.0,0.8871723789599373,0,3.4019852979746954,0,0,0,False,True,False,False,False,False,False,True,True,28.0,70.0,24.0,80.0,16.097464673740493,53.65821557913498,6.0,20.0,80.0,70.91455389478375,2
24.0,1,2,3.25,48.30225170881829,2.696779730060376,7.0,5.0,6.927474290210705,7.446417421732081,5.177932545681573,8.0,6.0,6.0,10.0,10.0,3.0,4.0,10.0,5.0,1.0,10.0,4.97650989328116,1,6.018285782097522,0,0,0,True,False,False,False,False,False,False,False,False,12.0,30.0,12.0,40.0,15.341010585839802,51.13670195279935,16.0,53.333333333333336,46.666666666666664,41.9508421548665,1
17.0,1,4,2.45,91.00504127983815,4.033565765797746,2.0,5.0,5.016345094836129,10.0,1.7700961671592736,4.0,4.0,8.0,6.0,3.0,8.0,6.0,5.0,8.0,9.0,7.0,4.97650989328116,0,4.525131739705454,1,1,1,False,False,False,True,False,True,False,False,False,27.0,67.5,10.0,33.33333333333333,23.213558738004597,77.378529126682,21.0,70.0,30.0,52.05296561500383,1
28.0,1,1,4.55,96.90182386128882,2.6847087900394064,2.0,1.0,6.522169657177863,5.518843856720243,3.845155598058697,6.0,5.0,10.0,8.0,8.0,3.0,10.0,5.0,2.0,19.0,4.0,5.0624333888195565,1,16.48069898610965,0,0,0,True,False,False,False,False,False,True,False,False,20.0,50.0,9.0,30.0,15.151518601483684,50.505062004945614,20.0,66.66666666666666,33.33333333333334,40.95959883456974,1
24.0,0,3,2.45,61.67498167441628,5.426075467085292,6.0,6.0,6.179192882890575,10.0,7.977650645982863,8.0,6.0,9.0,8.0,6.0,1.0,5.0,8.0,3.0,8.0,4.0,1.4911834880227015,0,3.643702317911199,1,0,1,False,False,False,True,False,False,False,False,True,11.0,27.500000000000004,18.0,60.0,15.843156471126562,52.810521570421876,21.0,70.0,30.0,42.57763039260547,1
24.0,1,3,4.55,71.11877736530016,18.358933545995303,7.0,6.0,6.179192882890575,4.960209588480095,3.9402503904344863,4.0,5.0,3.0,17.0,6.0,4.0,10.0,10.0,16.0,6.0,9.0,9.885843941494612,0,2.389201901835732,0,0,0,True,False,False,False,False,False,True,False,False,30.0,75.0,14.0,46.666666666666664,14.840766315155033,49.46922105051678,24.0,80.0,20.0,47.78397192929586,1
27.0,1,4,8.55,86.74571534877975,4.142485210023988,4.0,7.0,8.390636723923034,9.324850766600605,0.9324849181668072,5.0,0.0,6.0,5.0,6.0,7.0,10.0,10.0,4.0,9.0,4.0,3.3556608983598823,0,3.8827351179824263,0,0,0,False,False,False,False,True,False,False,True,True,21.0,52.5,17.0,56.666666666666664,20.001729124510764,66.67243041503588,15.0,50.0,50.0,56.45977427042563,1
19.0,1,2,2.45,73.72468825393892,4.4936026695666405,4.0,7.0,6.179192882890575,6.626248147031992,0.1733393374733438,7.0,3.0,10.0,3.0,7.0,9.0,3.0,10.0,1.0,11.0,8.0,4.748933953506823,1,1.526571182245294,0,1,0,False,True,False,False,False,False,True,False,True,13.0,32.5,13.0,43.333333333333336,20.273715926668075,67.57905308889359,16.0,53.333333333333336,46.666666666666664,47.51976327222339,1
17.0,0,1,8.55,99.60901130237497,6.370275808796807,2.0,4.0,4.863636398456573,6.626248147031992,1.4770588572834369,5.0,4.0,9.0,10.0,7.0,10.0,5.0,4.0,5.0,8.0,1.0,4.97650989328116,1,2.8523928501331106,0,1,0,False,False,False,False,True,False,False,True,False,26.0,65.0,15.0,50.0,20.285552891291985,67.61850963763995,22.0,73.33333333333333,26.66666666666667,52.321294076076654,1
24.0,2,1,6.55,67.3428019094097,6.184491968936102,4.0,5.0,2.89668172725207,10.0,1.4957304485097032,6.0,3.0,5.0,1.0,6.0,7.0,5.0,8.0,3.0,8.0,3.0,8.506310727408158,0,3.8827351179824263,0,1,1,False,False,False,False,False,False,False,False,False,17.0,42.5,16.0,53.333333333333336,25.607587824238227,85.35862608079408,10.0,33.33333333333333,66.66666666666667,61.96465652019853,1
19.0,0,2,6.55,82.83656267244265,6.370275808796807,2.0,10.0,8.399540520318928,9.388396795571756,6.864547558930525,4.0,7.0,2.0,2.0,9.0,10.0,9.0,6.0,7.0,6.0,1.0,9.47964964014845,1,1.0843949503352208,1,1,1,False,False,False,True,False,False,False,False,False,30.0,75.0,21.0,70.0,14.124308716322304,47.08102905440768,5.0,16.666666666666664,83.33333333333334,68.85359059693525,1
19.0,0,3,6.55,87.55546841179265,10.329614439986557,0.0,8.0,4.120312715956183,10.0,1.2492379935800502,7.0,3.0,3.0,2.0,5.0,5.0,6.0,5.0,2.0,10.0,11.0,3.669630314102256,1,5.885951831502025,0,0,1,False,True,False,False,False,True,False,False,False,18.0,45.0,7.0,23.333333333333332,24.630449290463766,82.10149763487922,10.0,33.33333333333333,66.66666666666667,54.27537440871981,1
17.0,2,1,7.55,69.64602494550637,5.886320844305679,6.0,2.0,2.4243501376965417,4.296639848541732,10.556714561464776,4.0,3.0,7.0,4.0,5.0,6.0,8.0,6.0,1.0,8.0,3.0,4.235366694207948,0,7.503215222554693,0,0,1,False,False,False,True,False,False,False,False,False,19.0,47.5,15.0,50.0,11.315575149380415,37.71858383126805,16.0,53.333333333333336,46.666666666666664,45.47131262448368,1
27.0,1,4,6.55,72.37137661075897,8.178690415552744,0.0,1.0,5.561543681728023,8.740277881610673,0.6937320675451168,10.0,2.0,13.0,6.0,6.0,1.0,4.0,1.0,6.0,5.0,4.0,1.509621870607181,1,3.294985392997145,0,0,0,False,True,False,False,False,False,False,True,True,20.0,50.0,7.0,23.333333333333332,22.485002132337534,74.95000710779178,23.0,76.66666666666667,23.33333333333333,42.90416844361461,1
21.0,1,3,5.55,72.76927547243179,1.0277359904887289,9.0,6.0,7.915764236372381,3.4191513252342145,7.253154398805069,4.0,4.0,5.0,2.0,10.0,9.0,10.0,9.0,3.0,10.0,6.0,1.8964881291935156,0,7.4016052440833695,0,1,1,False,False,False,False,False,True,False,False,False,23.0,57.49999999999999,19.0,63.33333333333333,8.250232690056764,27.500775633522544,7.0,23.333333333333332,76.66666666666667,56.25019390838064,1
26.0,0,4,2.45,64.69904780809789,6.370275808796807,5.0,4.0,8.467946723913501,6.626248147031992,2.0508280153706995,2.0,5.0,3.0,6.0,4.0,6.0,2.0,4.0,6.0,8.0,3.0,4.97650989328116,0,3.8827351179824263,0,1,1,False,False,False,True,False,False,False,True,False,20.0,50.0,16.0,53.333333333333336,16.10747340774779,53.69157802582597,15.0,50.0,50.0,51.75622783978983,1
23.0,2,3,5.55,46.46942043111682,4.852514408594947,5.0,10.0,9.857617193775472,10.0,3.9402503904344863,5.0,3.0,6.0,1.0,10.0,3.0,3.0,1.0,5.0,10.0,6.0,8.181079031405124,1,1.7618107101986649,1,1,0,False,False,False,True,False,True,False,False,True,20.0,50.0,19.0,63.33333333333333,16.202132415790043,54.00710805263348,7.0,23.333333333333332,76.66666666666667,61.001777013158375,1
26.0,1,2,6.55,63.60481458102545,5.938068813838498,6.0,6.0,3.5152614722409883,6.626248147031992,1.277817478230496,8.0,1.0,3.0,8.0,10.0,5.0,4.0,7.0,6.0,3.0,8.0,8.422681165290628,0,6.872868698601332,1,0,0,False,False,False,True,False,True,False,False,True,18.0,45.0,14.0,46.666666666666664,21.833169196560508,72.77723065520169,11.0,36.666666666666664,63.333333333333336,56.94430766380042,1
25.0,0,4,1.45,84.03618728399705,11.588804414834756,0.0,7.0,6.179192882890575,6.626248147031992,3.120445053388852,6.0,4.0,3.0,6.0,9.0,7.0,8.0,10.0,8.0,4.0,3.0,5.291458203290157,1,7.212355083317937,1,0,0,True,False,False,False,False,False,False,True,True,23.0,57.49999999999999,14.0,46.666666666666664,17.326610210752563,57.755367369175204,10.0,33.33333333333333,66.66666666666667,57.14717517562714,1
23.0,2,4,8.55,95.27718470080644,11.64781959657348,2.0,8.0,6.875923987835978,5.235392643941214,0.6861424374675957,2.0,2.0,9.0,8.0,2.0,7.0,9.0,4.0,4.0,6.0,3.0,4.97650989328116,0,3.8827351179824263,0,0,1,False,False,False,True,False,False,False,True,True,26.0,65.0,17.0,56.666666666666664,17.67332621863764,58.91108739545881,25.0,83.33333333333334,16.666666666666657,49.31110518219803,1
23.0,1,2,4.55,55.10076423161862,6.370275808796807,8.0,4.0,8.490749576928199,10.0,4.636225634054739,9.0,4.0,4.0,3.0,3.0,5.0,6.0,5.0,4.0,5.0,6.0,6.793083267282066,1,7.38039709326848,0,0,0,False,False,False,True,False,False,False,False,True,20.0,50.0,16.0,53.333333333333336,16.873024789017062,56.243415963390206,14.0,46.666666666666664,53.333333333333336,53.227520657514226,1
25.0,1,4,9.55,72.37137661075897,3.7871860234268944,1.0,10.0,3.872600169939939,7.765629898198154,2.767019892225504,6.0,3.0,6.0,1.0,9.0,8.0,8.0,7.0,2.0,5.0,1.0,4.727643016353903,1,2.7896190504221314,0,1,1,False,False,False,False,True,True,False,False,False,21.0,52.5,20.0,66.66666666666666,21.12600983603271,70.42003278677569,8.0,26.666666666666668,73.33333333333333,65.73000819669392,1
24.0,2,3,9.55,49.23765964626557,11.568339489989276,4.0,6.0,5.279315602990073,6.634255790205497,6.817200668897279,3.0,1.0,3.0,4.0,6.0,5.0,10.0,7.0,3.0,5.0,1.0,8.902230687906552,1,2.5498197579539834,1,1,0,False,False,False,True,False,True,False,False,False,21.0,52.5,19.0,63.33333333333333,14.537739518318144,48.45913172772715,11.0,36.666666666666664,63.333333333333336,56.906449598598456,1
28.0,2,1,6.55,81.44337365373812,8.272090376114551,4.0,8.0,5.267205347619937,6.626248147031992,3.9402503904344863,10.0,4.0,8.0,3.0,5.0,10.0,6.0,9.0,3.0,2.0,5.0,3.7184466835295193,1,6.839027641964727,1,1,0,False,False,False,True,False,True,False,False,True,20.0,50.0,17.0,56.666666666666664,17.41879240897757,58.06264136325857,16.0,53.333333333333336,46.666666666666664,52.84899367414797,1
18.0,2,1,7.55,97.61130580059552,9.103641704375512,4.0,8.0,8.18349386478657,10.0,2.239904515370494,5.0,3.0,4.0,8.0,6.0,4.0,5.0,9.0,2.0,22.0,10.0,4.719542892815396,1,2.2466860002643934,0,0,1,False,False,False,True,False,False,True,False,True,12.0,30.0,12.0,40.0,19.576601619842936,65.25533873280979,16.0,53.333333333333336,46.666666666666664,45.48050134986911,1
17.0,2,2,4.55,78.45713319089053,8.420099003817196,6.0,6.0,6.179192882890575,6.626248147031992,1.418037419018348,6.0,7.0,8.0,1.0,3.0,6.0,8.0,7.0,1.0,20.0,7.0,4.394388998915893,0,6.929778419925143,1,1,0,False,False,False,False,False,True,False,False,False,18.0,45.0,15.0,50.0,19.02901784512307,63.43005948374357,16.0,53.333333333333336,46.666666666666664,51.27418153760256,1
23.0,0,3,6.55,77.02459180037357,0.1982727574383189,0.0,20.0,24.36665820345057,5.586224854238625,4.510582241888241,9.0,6.0,2.0,9.0,1.0,3.0,4.0,10.0,2.0,8.0,6.0,8.490534412765031,1,1.906718044615604,0,1,1,False,True,False,False,False,True,False,False,True,9.0,22.5,24.0,80.0,-3.2910155911001846,-10.970051970333948,20.0,66.66666666666666,33.33333333333334,31.21582034074985,0
23.0,2,4,3.25,73.20939583002604,1.753856187290563,2.0,6.0,6.083710501083699,10.0,0.8939774700998973,5.0,5.0,9.0,6.0,8.0,4.0,3.0,9.0,5.0,2.0,2.0,8.244069457483128,0,5.559491246818998,1,0,0,False,True,False,False,False,True,False,False,False,13.0,32.5,16.0,53.333333333333336,23.0223120288164,76.74104009605468,17.0,56.666666666666664,43.333333333333336,51.47692669068034,1
24.0,1,4,6.55,45.30734444113219,9.956228538676411,5.0,6.0,4.2565346928425125,5.919617293560992,3.9402503904344863,9.0,4.0,2.0,6.0,3.0,8.0,6.0,5.0,8.0,10.0,9.0,8.934731339471313,0,3.8827351179824263,0,1,0,False,False,False,True,False,True,False,False,False,27.0,67.5,12.0,40.0,17.722832210283993,59.076107367613304,15.0,50.0,50.0,54.144026841903326,1
21.0,1,1,7.55,83.77022958576302,7.746883642478053,6.0,2.0,4.274272477747893,9.13625223913344,5.427919547536096,1.0,7.0,3.0,5.0,4.0,6.0,2.0,2.0,5.0,10.0,6.0,18.823756078126408,1,6.944765974111481,0,1,1,False,False,False,True,False,False,False,True,False,21.0,52.5,12.0,40.0,19.434060213849452,64.7802007128315,14.0,46.666666666666664,53.333333333333336,52.653383511541215,1
19.0,0,4,6.55,72.37137661075897,4.370336415502608,9.0,5.0,6.179192882890575,10.0,0.5953162122875213,10.0,7.0,3.0,5.0,5.0,10.0,8.0,9.0,3.0,7.0,3.0,4.97650989328116,0,3.8827351179824263,0,0,1,True,False,False,False,False,False,True,False,False,22.0,55.00000000000001,21.0,70.0,23.225490904821903,77.41830301607301,13.0,43.333333333333336,56.666666666666664,64.77124242068493,1
28.0,1,1,8.55,72.37137661075897,6.007999682672626,2.0,9.0,6.179192882890575,3.887459451405228,5.945309376755836,4.0,3.0,5.0,6.0,5.0,3.0,5.0,6.0,7.0,3.0,8.0,5.92232896413684,0,2.403176951660437,1,0,1,False,True,False,False,False,False,False,False,False,19.0,47.5,13.0,43.333333333333336,11.762957191758815,39.20985730586272,16.0,53.333333333333336,46.666666666666664,44.17746432646568,1
24.0,1,2,7.55,72.37137661075897,10.861705795749204,4.0,1.0,8.207586421404782,7.974577028977041,0.8346679126753092,1.0,0.0,3.0,7.0,2.0,10.0,6.0,6.0,4.0,5.0,2.0,7.947020274892207,1,4.353369253860796,0,0,0,False,False,False,False,True,False,False,True,True,24.0,60.0,13.0,43.333333333333336,18.93232269489695,63.10774231632317,18.0,60.0,40.0,51.61026891241413,1
22.0,1,4,1.45,87.03764722366108,7.578937313749039,5.0,4.0,2.2594221833895167,5.178657616172197,4.683910076670434,2.0,4.0,8.0,8.0,7.0,15.0,9.0,9.0,7.0,7.0,10.0,8.391115399341128,1,7.651883921513,0,1,0,False,False,False,True,False,True,False,False,False,32.0,80.0,9.0,30.0,18.23532535611225,60.784417853707495,19.0,63.33333333333333,36.66666666666667,51.86277113009355,1
27.0,1,3,7.55,86.85491512927156,4.7777914072119625,4.0,10.0,6.179192882890575,6.626248147031992,7.982475644663587,2.0,1.0,10.0,3.0,6.0,6.0,3.0,1.0,8.0,9.0,7.0,4.017564875116774,0,0.0823505889211784,0,0,1,False,False,False,False,True,True,False,False,False,26.0,65.0,17.0,56.666666666666664,12.46457961947783,41.54859873159277,17.0,56.666666666666664,43.333333333333336,51.63714968289819,1
19.0,0,4,3.8,95.63102613276088,1.44391988877042,8.0,10.0,8.253381342163376,10.0,1.3911432543120048,10.0,7.0,7.0,10.0,7.0,6.0,4.0,2.0,3.0,10.0,2.0,5.135922192034107,1,4.922380667128443,0,1,0,False,False,False,True,False,False,False,True,False,21.0,52.5,26.0,86.66666666666667,20.35547540352462,67.8515846784154,20.0,66.66666666666666,33.33333333333334,60.08789616960386,1
17.0,2,1,5.55,99.39609708777998,3.524961619506732,0.0,3.0,5.009920387128018,4.823334563891203,2.088690549330515,5.0,6.0,12.0,1.0,10.0,10.0,15.0,3.0,10.0,1.0,3.0,2.906685204201657,1,1.1964157873369414,1,0,1,False,False,False,False,True,False,True,False,True,42.0,105.0,10.0,33.33333333333333,17.72472362743267,59.08241209144224,13.0,43.333333333333336,56.666666666666664,63.52060302286055,1
19.0,2,2,6.55,74.87696391766357,25.56680798164204,4.0,1.0,5.461932662837517,1.7962713235536,7.187413231912422,1.0,1.0,6.0,6.0,10.0,6.0,6.0,1.0,1.0,6.0,10.0,6.978333734536028,0,3.521955510597124,1,0,0,False,False,True,False,False,False,False,True,False,22.0,55.00000000000001,5.0,16.666666666666664,9.14692542880366,30.489751429345535,12.0,40.0,60.0,40.53910452400305,1
21.0,0,1,6.55,46.532896961869945,8.855273920501881,0.0,1.0,11.67919416373449,9.78830903767255,5.010292276034175,10.0,7.0,2.0,6.0,3.0,1.0,6.0,4.0,8.0,6.0,9.0,6.718605458252075,1,3.8827351179824263,1,1,0,False,False,False,False,True,False,False,True,True,21.0,52.5,2.0,6.666666666666667,13.098822597903885,43.66274199301295,15.0,50.0,50.0,38.207352164919904,0
19.0,2,4,6.55,67.54779446652618,5.66207356613833,7.0,1.0,4.525205748531792,7.105273407235581,3.9402503904344863,6.0,6.0,8.0,2.0,8.0,10.0,2.0,2.0,6.0,2.0,4.0,5.903906919675805,1,2.691270262470812,0,0,1,False,True,False,False,False,False,False,False,False,26.0,65.0,14.0,46.666666666666664,18.639817268269304,62.13272422756435,12.0,40.0,60.0,58.44984772355775,1
17.0,2,1,6.55,87.25606878769867,5.983176388764185,6.0,1.0,5.929133789215366,5.943410418562736,4.501640778160291,6.0,5.0,18.0,8.0,6.0,1.0,5.0,3.0,3.0,20.0,7.0,6.273138366079091,1,5.533070216697314,1,0,0,False,False,False,True,False,False,False,True,True,16.0,40.0,10.0,33.33333333333333,15.512635851187078,51.70878617062359,30.0,100.0,0.0,31.260529875989228,0
21.0,0,1,1.45,41.66351948571095,10.609248275378532,4.0,2.0,3.3288052810657964,3.0166635158552038,2.3639627571065773,1.0,1.0,8.0,3.0,7.0,7.0,10.0,8.0,9.0,9.0,6.0,8.986530158325841,0,6.493289266868915,1,0,1,False,True,False,False,False,False,True,False,False,28.0,70.0,10.0,33.33333333333333,17.323895477682832,57.74631825894277,14.0,46.666666666666664,53.333333333333336,53.60324623140236,1
26.0,2,2,8.55,43.41324630136894,7.247139412623719,4.0,5.0,5.525501449854872,2.0213800487504296,6.842574255615308,6.0,3.0,7.0,10.0,9.0,2.0,1.0,4.0,9.0,5.0,7.0,8.200518579360024,0,4.490264860826522,0,0,1,False,False,False,False,True,True,False,False,False,18.0,45.0,12.0,40.0,9.65330434328025,32.1776811442675,18.0,60.0,40.0,39.294420286066874,0
23.0,0,3,5.55,44.02946694296928,8.324124437423066,3.0,2.0,9.534600994177644,6.626248147031992,5.96215220026823,3.0,1.0,8.0,4.0,8.0,9.0,4.0,9.0,6.0,6.0,7.0,1.2481928736651138,1,3.489665472741353,0,0,1,False,False,False,False,False,True,False,False,False,20.0,50.0,8.0,26.666666666666668,11.129494952586118,37.09831650862039,14.0,46.666666666666664,53.333333333333336,41.7745791271551,1
23.0,0,4,3.8,83.86214549969864,4.672962510589247,8.0,4.0,6.179192882890575,8.907946896823074,5.139731458671323,9.0,0.0,1.0,6.0,8.0,10.0,8.0,6.0,9.0,4.0,6.0,6.427402671917795,0,2.74031273418384,0,1,1,False,False,False,False,False,False,True,False,True,31.0,77.5,16.0,53.333333333333336,17.589022555261174,58.63007518420391,9.0,30.0,70.0,64.86585212938431,1
27.0,1,2,5.55,70.06999771379033,0.3490514230676922,2.0,9.0,3.31794732682423,6.626248147031992,7.453940785817077,2.0,4.0,8.0,8.0,3.0,4.0,3.0,1.0,10.0,13.0,1.0,1.6159272613095177,0,7.255138362426856,0,1,1,False,False,False,False,False,True,False,False,True,26.0,65.0,20.0,66.66666666666666,15.854360034390684,52.84786678130228,23.0,76.66666666666667,23.33333333333333,51.96196669532557,1
25.0,1,3,4.55,62.133876611235614,11.171674970914133,4.0,3.0,8.221619125171369,7.272503461241835,4.624886884341404,6.0,2.0,1.0,1.0,12.0,7.0,4.0,6.0,1.0,5.0,6.0,1.483963409064698,1,1.580458426431707,1,1,1,False,False,False,True,False,True,False,False,True,16.0,40.0,11.0,36.666666666666664,14.425997451729064,48.08665817243021,0.0,0.0,100.0,56.18833120977422,1
26.0,2,1,3.25,46.33702271570416,11.389532170996876,6.0,2.0,3.056456719309693,6.626248147031992,4.095016868362534,3.0,3.0,3.0,2.0,1.0,6.0,6.0,7.0,9.0,5.0,6.0,4.492299400478884,1,5.4730219633055786,1,0,0,False,False,False,True,False,False,False,True,False,24.0,60.0,12.0,40.0,19.474774559359766,64.91591519786589,14.0,46.666666666666664,53.333333333333336,54.56231213279981,1
26.0,2,3,6.55,83.93441501235336,11.389836640176611,1.0,4.0,4.170247196021964,2.3556734788236198,7.805547218672065,6.0,4.0,4.0,6.0,10.0,5.0,9.0,6.0,5.0,9.0,7.0,4.855467390905889,1,3.8827351179824263,1,1,1,False,False,True,False,False,False,True,False,False,23.0,57.49999999999999,8.0,26.666666666666668,10.37987906412959,34.59959688043197,10.0,33.33333333333333,66.66666666666667,46.358232553441326,1
28.0,0,4,3.25,59.261188633053976,11.324245039760598,5.0,6.0,5.638711392354846,1.1243641398294832,1.648112906131093,7.0,7.0,3.0,8.0,2.0,7.0,5.0,8.0,5.0,1.0,2.0,1.0410692228588092,1,7.197183992414615,1,0,1,False,False,False,True,False,False,False,False,True,19.0,47.5,19.0,63.33333333333333,13.837539841343544,46.12513280447848,19.0,63.33333333333333,36.66666666666667,48.40628320111962,1
23.0,2,1,6.55,55.91944420388003,9.782903292834732,7.0,4.0,9.545298061128836,8.406128956039716,1.1357453855816368,7.0,7.0,2.0,8.0,8.0,9.0,3.0,10.0,5.0,8.0,2.0,5.1181128289322055,1,2.282928120815785,1,1,0,False,False,False,True,False,False,False,True,True,17.0,42.5,19.0,63.33333333333333,17.725085509329244,59.08361836443081,12.0,40.0,60.0,56.22923792444104,1
19.0,0,2,6.55,79.13915209321306,8.215152601395921,2.0,5.0,3.468009498428556,6.626248147031992,1.2982629562702677,6.0,3.0,3.0,3.0,10.0,4.0,24.0,3.0,1.0,6.0,23.0,1.7649716480429367,0,2.9704814576252065,1,0,1,False,False,False,False,False,False,True,False,False,36.0,90.0,-6.0,-20.0,21.85997569233317,72.86658564111056,6.0,20.0,80.0,55.71664641027764,1
23.0,1,1,6.55,73.54065355581051,10.134119019207429,2.0,4.0,14.627528070627928,10.0,7.915536064129568,3.0,4.0,9.0,9.0,6.0,6.0,7.0,6.0,5.0,1.0,5.0,5.506438217653531,1,3.8827351179824263,1,1,1,False,False,False,False,True,False,False,True,False,22.0,55.00000000000001,11.0,36.666666666666664,7.456935865242504,24.85645288414168,22.0,73.33333333333333,26.66666666666667,35.79744655436876,0
17.0,2,2,4.55,61.7446385087981,7.206554868012434,2.0,8.0,7.74819610170282,4.39301391359915,5.218008439181554,4.0,1.0,6.0,10.0,6.0,9.0,1.0,6.0,10.0,2.0,7.0,8.321061321598375,0,3.8827351179824263,0,1,0,True,False,False,False,False,True,False,False,True,24.0,60.0,13.0,43.333333333333336,11.426809372714775,38.08936457571592,20.0,66.66666666666666,33.33333333333334,43.68900781059565,1
20.0,0,3,8.55,78.48924824833529,1.6124353667042834,0.0,4.0,7.369159293945376,4.999798427526123,3.9402503904344863,8.0,1.0,5.0,4.0,1.0,8.0,9.0,4.0,10.0,1.0,1.0,0.8594958894097349,1,11.229161693354254,1,1,1,False,True,False,False,False,True,False,False,False,33.0,82.5,13.0,43.333333333333336,13.690388743146261,45.634629143820874,18.0,60.0,40.0,52.86699061928856,1
29.0,1,3,9.55,56.27329122304709,4.6946179804970525,8.0,2.0,7.788340192400256,6.164388145924805,1.9918224347948448,5.0,5.0,6.0,4.0,2.0,1.0,7.0,11.0,6.0,6.0,4.0,3.992522500703558,1,3.7861210445581976,1,0,0,False,False,False,False,False,True,False,False,True,13.0,32.5,16.0,53.333333333333336,16.384225518729703,54.61408506243235,18.0,60.0,40.0,45.11185459894142,1
20.0,2,1,6.55,87.68981569625961,25.413179886554072,4.0,6.0,2.2499729517547,4.510548236714122,0.7957589582674397,6.0,6.0,9.0,2.0,5.0,6.0,1.0,10.0,5.0,10.0,2.0,2.337075684984937,0,0.2410123822629017,1,1,1,False,False,False,True,False,False,False,True,True,12.0,30.0,18.0,60.0,21.46481632669198,71.54938775563994,16.0,53.333333333333336,46.666666666666664,52.05401360557665,1
21.0,1,2,8.55,53.75913701845924,4.213653763147876,8.0,2.0,2.7912020885561546,9.991875440648784,1.0555786296320608,9.0,1.0,7.0,6.0,3.0,9.0,4.0,10.0,6.0,9.0,5.0,5.746515212754457,0,7.23629299448086,0,1,0,False,False,False,True,False,True,False,False,True,19.0,47.5,15.0,50.0,26.14509472246057,87.15031574153524,20.0,66.66666666666666,33.33333333333334,54.49591226871714,1
23.0,2,1,6.55,49.53026172292094,10.413934964776434,4.0,6.0,4.678732229921828,10.0,7.265380650694293,1.0,0.0,10.0,8.0,2.0,3.0,7.0,6.0,9.0,1.0,1.0,8.93519007833374,1,7.700972528460959,1,0,1,False,True,False,False,False,False,True,False,False,23.0,57.49999999999999,19.0,63.33333333333333,18.05588711938388,60.186290397946266,26.0,86.66666666666667,13.333333333333329,48.588239266153224,1
23.0,0,2,2.45,86.9463645699325,1.118537649298435,6.0,8.0,2.591740265189421,6.626248147031992,5.978728485756718,2.0,4.0,3.0,9.0,9.0,8.0,4.0,10.0,7.0,6.0,10.0,1.9727235256658104,0,0.5598848483780969,1,0,1,False,False,False,False,False,False,False,True,False,19.0,47.5,14.0,46.666666666666664,18.055779396085853,60.18593132028618,13.0,43.333333333333336,56.666666666666664,52.754816163404875,1
29.0,2,2,1.45,82.47352184187599,4.010206108505635,0.0,9.0,9.900717675963376,8.20127791417521,7.532477876031974,7.0,5.0,2.0,1.0,10.0,5.0,7.0,7.0,5.0,7.0,7.0,4.97650989328116,0,3.8827351179824263,0,1,1,False,False,True,False,False,True,False,False,False,20.0,50.0,12.0,40.0,10.76808236217986,35.893607873932865,3.0,10.0,90.0,53.973401968483216,1
27.0,1,4,3.8,50.95833854210791,6.370275808796807,8.0,4.0,6.643297665161421,8.546971078888802,3.38984749164167,3.0,7.0,2.0,1.0,7.0,6.0,3.0,3.0,10.0,6.0,2.0,0.9309390788878956,0,15.06010982278388,1,0,0,False,False,False,False,False,False,False,False,False,26.0,65.0,20.0,66.66666666666666,18.51382592208571,61.71275307361904,6.0,20.0,80.0,68.34485493507142,1
29.0,0,3,6.55,91.2840183933672,0.6192305173077619,0.0,1.0,5.898749369143872,10.0,4.809897968489682,6.0,6.0,5.0,9.0,1.0,3.0,4.0,5.0,9.0,6.0,3.0,5.457965810226035,1,5.572011308104663,0,1,0,False,False,False,True,False,False,False,True,False,21.0,52.5,8.0,26.666666666666668,19.291352662366446,64.30450887455483,23.0,76.66666666666667,23.33333333333333,41.7011272186387,1
20.0,2,2,2.45,90.30394530920152,1.4291319622410597,3.0,3.0,8.28409427919235,6.626248147031992,3.9402503904344863,8.0,2.0,9.0,6.0,1.0,7.0,6.0,8.0,6.0,7.0,5.0,6.760748468102915,1,4.129601037164918,1,1,1,False,False,True,False,False,True,False,False,True,21.0,52.5,11.0,36.666666666666664,14.401903477405156,48.00634492468385,24.0,80.0,20.0,39.293252897837625,0
29.0,2,3,3.25,86.59590893180129,2.317982533461252,6.0,7.0,9.815673654495916,3.148079651824613,3.9402503904344863,5.0,0.0,2.0,7.0,3.0,2.0,4.0,7.0,5.0,6.0,6.0,6.708947918824518,1,3.8827351179824263,1,0,1,False,False,True,False,False,False,False,False,True,14.0,35.0,17.0,56.666666666666664,9.39215560689421,31.307185356314033,16.0,53.333333333333336,46.666666666666664,42.41012967241184,1
23.0,2,4,3.25,59.63544242197985,6.370275808796807,8.0,1.0,9.641040000678196,6.626248147031992,3.9402503904344863,1.0,2.0,6.0,2.0,6.0,3.0,10.0,2.0,6.0,8.0,10.0,7.382449782298869,0,5.920316058702934,1,1,1,False,False,True,False,False,False,False,True,False,27.0,67.5,9.0,30.0,13.04495775591931,43.483192519731034,12.0,40.0,60.0,50.24579812993276,1
27.0,1,3,4.55,79.491844492802,0.7608238792776767,0.0,8.0,6.179192882890575,5.92311253036229,3.9402503904344863,10.0,7.0,8.0,10.0,6.0,2.0,3.0,12.0,6.0,6.0,4.0,4.1737379960799466,1,7.901362155174896,0,1,0,False,False,False,False,True,False,False,True,True,9.0,22.5,14.0,46.666666666666664,15.803669257037228,52.67889752345742,22.0,73.33333333333333,26.66666666666667,37.12805771419769,0
19.0,1,4,1.45,47.449611192868645,6.789209760709866,5.0,9.0,5.017393895687012,9.709046121644633,4.784446782260959,3.0,1.0,3.0,1.0,2.0,9.0,10.0,7.0,1.0,1.0,8.0,7.600261249606556,1,5.113814062712996,1,1,0,False,False,False,False,True,False,False,True,True,23.0,57.49999999999999,16.0,53.333333333333336,19.90720544369666,66.35735147898887,12.0,40.0,60.0,59.297671203080554,1
22.0,2,3,8.55,70.42285954286069,0.1221000310712101,4.0,8.0,2.5276759326232536,10.0,0.4944158175057733,2.0,2.0,6.0,7.0,8.0,3.0,10.0,9.0,9.0,7.0,8.0,4.728944530832562,1,4.03799466651507,0,1,0,False,False,True,False,False,False,True,False,False,23.0,57.49999999999999,14.0,46.666666666666664,26.97790824987097,89.92636083290324,15.0,50.0,50.0,61.023256874892475,1
28.0,0,3,7.55,41.12381752362519,8.347532944836297,4.0,5.0,2.7870158218326493,1.9537883040007291,4.940212904177173,6.0,2.0,6.0,6.0,4.0,8.0,5.0,7.0,6.0,3.0,10.0,3.229188699709322,0,1.343003095539074,1,1,0,False,True,False,False,False,False,False,False,False,22.0,55.00000000000001,9.0,30.0,14.226559577990907,47.421865259969685,18.0,60.0,40.0,43.10546631499242,1
18.0,0,1,7.55,63.496112855293326,7.443637080520558,2.0,9.0,2.0092187263567,10.0,0.7763793722489272,5.0,0.0,6.0,3.0,8.0,6.0,4.0,8.0,7.0,4.0,4.0,3.21955146829396,0,6.889845313747226,0,0,1,False,False,True,False,False,False,False,True,False,19.0,47.5,17.0,56.666666666666664,27.214401901394375,90.71467300464792,11.0,36.666666666666664,63.333333333333336,64.55366825116198,1
23.0,1,2,3.25,44.49056928828431,7.739787144637702,9.0,4.0,2.015222745798847,6.626248147031992,1.1105717890855935,7.0,7.0,6.0,10.0,6.0,1.0,6.0,10.0,6.0,7.0,4.0,1.756711529431464,0,3.8827351179824263,0,0,0,True,False,False,False,False,False,True,False,True,13.0,32.5,19.0,63.33333333333333,23.500453612147552,78.33484537382517,20.0,66.66666666666666,33.33333333333334,51.875378010122965,1
29.0,0,4,2.45,68.50883080941296,4.492593416575424,1.0,9.0,9.491374391467694,10.0,1.5307575855130802,2.0,0.0,5.0,6.0,2.0,6.0,5.0,9.0,1.0,2.0,2.0,7.205764514179917,1,6.155024503486585,1,0,1,False,False,False,True,False,False,True,False,False,13.0,32.5,18.0,60.0,18.977868023019226,63.25956007673076,19.0,63.33333333333333,36.66666666666667,48.106556685849355,1
25.0,1,1,1.45,65.30089881117365,2.4992138552108285,0.0,1.0,9.416135753659994,9.407408447363252,6.67214091876806,6.0,4.0,4.0,6.0,22.0,15.0,10.0,1.0,7.0,7.0,6.0,1.5762734209095486,0,2.782299409086355,0,0,1,False,False,False,False,True,False,True,False,True,41.0,102.49999999999999,5.0,16.666666666666664,13.3191317749352,44.39710591645066,-2.0,-6.666666666666667,106.66666666666667,67.557609812446,1
21.0,2,2,5.55,66.66310159828336,8.6438425594324,1.0,6.0,7.340430397638417,9.162908169944858,4.734291869203964,5.0,2.0,9.0,7.0,11.0,10.0,9.0,3.0,9.0,4.0,1.0,6.362127872923423,1,0.9667491675399642,0,0,1,False,False,False,False,True,True,False,False,False,35.0,87.5,16.0,53.333333333333336,17.088185903102477,56.96061967700826,15.0,50.0,50.0,61.9484882525854,1
23.0,1,4,9.55,42.71987812287964,9.733414472888342,3.0,4.0,7.81341379376242,1.1638645250266522,2.6684293933899044,6.0,3.0,4.0,6.0,6.0,3.0,1.0,6.0,15.0,9.0,5.0,6.653613387012587,0,3.8827351179824263,1,1,1,True,False,False,False,False,True,False,False,False,23.0,57.49999999999999,12.0,40.0,10.682021337874328,35.60673779291443,14.0,46.666666666666664,53.333333333333336,46.61001778156194,1
23.0,1,4,1.45,61.69698047690994,1.6632179771784212,5.0,10.0,6.179192882890575,10.0,3.6181368586882607,5.0,4.0,1.0,6.0,2.0,7.0,4.0,8.0,8.0,1.0,8.0,2.866349132604713,1,4.36546672999071,0,0,1,True,False,False,False,False,False,False,True,False,21.0,52.5,17.0,56.666666666666664,20.202670258421165,67.34223419473722,15.0,50.0,50.0,56.62722521535097,1
28.0,2,4,4.55,85.38903094599499,13.410643168517272,4.0,1.0,3.9027380487066594,4.866557351896543,0.3783122646794741,7.0,2.0,8.0,2.0,3.0,6.0,7.0,7.0,3.0,3.0,6.0,4.886293372551358,1,1.2062055356100023,0,0,0,False,False,False,False,False,True,False,False,False,19.0,47.5,9.0,30.0,20.585507038510407,68.61835679503469,17.0,56.666666666666664,43.333333333333336,47.36292253209201,1
28.0,0,2,8.55,62.134862401217205,2.98458818374635,3.0,19.0,9.315080392870474,3.2201614354476047,4.958062405795377,5.0,6.0,8.0,2.0,10.0,1.0,17.0,6.0,3.0,6.0,10.0,6.709227782331007,1,6.636026410896098,1,1,0,False,True,False,False,False,False,False,False,False,25.0,62.5,22.0,73.33333333333333,8.947018636781754,29.823395455939185,10.0,33.33333333333333,66.66666666666667,58.0808488639848,1
28.0,1,4,8.55,82.91031715657485,6.370275808796807,7.0,4.0,4.2215317388748,6.626248147031992,5.256254124047536,6.0,2.0,3.0,20.0,8.0,2.0,8.0,4.0,7.0,7.0,4.0,0.00175149286605,1,2.4204298432751354,1,1,1,False,True,False,False,False,False,False,False,True,23.0,57.49999999999999,17.0,56.666666666666664,17.148462284109655,57.16154094703219,25.0,83.33333333333334,16.666666666666657,46.99871857009138,1
20.0,1,4,3.8,62.168723418024,6.370275808796807,6.0,4.0,7.917370087597076,9.061378965976044,0.7951211843995845,1.0,5.0,9.0,5.0,6.0,5.0,7.0,8.0,6.0,2.0,9.0,2.747399140414952,1,3.542984839898021,0,1,1,False,True,False,False,False,False,False,True,True,20.0,50.0,11.0,36.666666666666664,20.348887693979385,67.82962564659795,18.0,60.0,40.0,48.62407307831615,1
27.0,2,1,6.55,72.37137661075897,6.457163225674044,3.0,1.0,3.963485477791037,5.861507217876059,6.280937247945583,9.0,7.0,7.0,15.0,10.0,7.0,5.0,10.0,5.0,5.0,3.0,3.796379107615344,1,3.973729381860805,0,0,0,False,False,False,True,False,False,False,True,False,17.0,42.5,11.0,36.666666666666664,15.617084492139437,52.05694830713146,22.0,73.33333333333333,26.66666666666667,39.47257041011619,0
26.0,0,3,6.55,72.37137661075897,2.5942239885440133,9.0,5.0,8.961187344393423,10.0,5.179676461295883,6.0,1.0,7.0,1.0,1.0,4.0,10.0,4.0,7.0,6.0,9.0,9.308530491738434,1,1.9710077131991184,1,1,0,False,False,False,False,True,False,False,False,False,27.0,67.5,15.0,50.0,15.859136194310693,52.863787314368984,17.0,56.666666666666664,43.333333333333336,53.42428016192558,1
23.0,1,2,3.8,97.04091620842496,6.370275808796807,4.0,9.0,7.209915475403848,6.603503696023594,3.9402503904344863,9.0,6.0,5.0,6.0,9.0,6.0,4.0,6.0,9.0,5.0,11.0,4.642367844072743,0,4.01640821083211,1,0,0,False,True,False,False,False,True,False,False,True,23.0,57.49999999999999,12.0,40.0,15.453337830185259,51.51112610061753,12.0,40.0,60.0,52.25278152515438,1
28.0,2,3,4.55,46.53162679879931,11.599844055932907,9.0,6.0,6.179192882890575,4.293698629396472,4.422878993452368,1.0,7.0,3.0,6.0,15.0,2.0,8.0,3.0,1.0,10.0,4.0,5.069830604776293,1,0.5422010495921565,0,0,1,False,False,False,False,False,False,False,True,False,18.0,45.0,21.0,70.0,13.691626753053528,45.63875584351177,4.0,13.333333333333334,86.66666666666667,61.826355627544615,1
25.0,1,1,8.55,41.97482611967042,10.18415477650268,4.0,8.0,2.7789378939353595,3.232035785688859,9.81422284839964,2.0,0.0,6.0,7.0,23.0,5.0,1.0,6.0,10.0,1.0,10.0,6.641231166211271,1,1.4959327729216323,0,0,0,False,False,False,False,False,True,False,False,False,20.0,50.0,12.0,40.0,10.63887504335386,35.46291681117953,0.0,0.0,100.0,56.36572920279488,1
23.0,2,3,6.55,76.47743102860271,10.55936091447754,2.0,4.0,5.355751225353613,5.632136248890615,0.4303435498218722,7.0,3.0,6.0,2.0,10.0,6.0,2.0,6.0,1.0,6.0,3.0,4.51488011151555,0,2.205604594856747,1,1,1,False,True,False,False,False,True,False,False,True,13.0,32.5,13.0,43.333333333333336,19.846041473715132,66.15347157905043,8.0,26.666666666666668,73.33333333333333,53.83003456142927,1
17.0,0,4,6.55,96.9458253357056,5.520145164968496,8.0,9.0,6.199268060396794,1.393837968853287,5.881195687447069,4.0,6.0,3.0,14.0,6.0,3.0,5.0,7.0,5.0,10.0,6.0,4.323845695787986,1,2.8745489520941856,0,1,0,True,False,False,False,False,False,False,True,True,16.0,40.0,21.0,70.0,9.313374221009424,31.04458073669808,21.0,70.0,30.0,42.761145184174524,1
17.0,0,4,9.55,99.38338795328288,7.4856871670505,4.0,7.0,4.3522903072888806,5.6479829549824805,4.094485095044294,10.0,5.0,6.0,9.0,7.0,1.0,10.0,5.0,8.0,3.0,4.0,9.74378589023413,0,1.990785644260745,1,0,1,False,False,False,False,False,False,False,True,True,24.0,60.0,17.0,56.666666666666664,17.201207552649304,57.33735850883102,18.0,60.0,40.0,53.50100629387442,1
25.0,0,2,6.55,69.04985484352011,4.521212882452939,9.0,7.0,9.047796894667728,2.827130690767581,1.3825908279756651,1.0,7.0,1.0,9.0,1.0,14.0,7.0,5.0,7.0,1.0,4.0,8.12320957632961,1,3.7660479292613855,1,0,1,True,False,False,False,False,False,True,False,True,33.0,82.5,22.0,73.33333333333333,12.396742968124187,41.32247656041395,19.0,63.33333333333333,36.66666666666667,58.45561914010348,1
27.0,0,2,8.55,68.08489726510591,0.9325437082666864,1.0,8.0,8.701359532089775,10.0,3.9402503904344863,5.0,0.0,4.0,2.0,10.0,9.0,9.0,2.0,7.0,10.0,9.0,7.017623659084082,1,5.273439496315167,1,1,0,False,False,False,False,True,False,True,False,True,33.0,82.5,10.0,33.33333333333333,17.35839007747574,57.86130025825247,6.0,20.0,80.0,63.423658397896446,1
25.0,1,2,6.55,78.69782624471176,4.81283172788139,3.0,2.0,5.94896729874024,7.330291350322637,5.56052484849644,4.0,5.0,9.0,5.0,1.0,10.0,15.0,6.0,3.0,4.0,10.0,4.97650989328116,0,5.512227673786966,1,1,0,False,False,False,True,False,True,False,False,False,32.0,80.0,5.0,16.666666666666664,15.820799203085956,52.73599734361986,23.0,76.66666666666667,23.33333333333333,43.18399933590496,1
20.0,1,1,5.55,73.33808543229819,6.370275808796807,3.0,6.0,4.720249621152919,8.106472592232855,1.7079637553028526,6.0,1.0,6.0,6.0,5.0,8.0,5.0,1.0,9.0,6.0,6.0,3.4631011089766406,0,0.2992795035030511,0,1,0,False,False,False,True,False,True,False,False,True,31.0,77.5,13.0,43.333333333333336,21.678259215777082,72.26086405259028,17.0,56.666666666666664,43.333333333333336,59.10688267981424,1
29.0,0,2,3.25,78.04528345684709,3.445731249217577,4.0,7.0,8.412338176045155,4.177503894879713,6.371960581795546,7.0,3.0,6.0,5.0,2.0,6.0,2.0,7.0,6.0,7.0,6.0,5.919018496172067,0,5.0699770059290525,0,1,1,True,False,False,False,False,False,True,False,True,17.0,42.5,15.0,50.0,9.393205137039011,31.31068379013004,19.0,63.33333333333333,36.66666666666667,40.11933761419918,1
25.0,0,1,1.45,92.43996553227365,10.175406896728989,7.0,3.0,3.57513158032991,3.484031841495002,3.652037807048119,3.0,5.0,6.0,3.0,10.0,8.0,6.0,3.0,10.0,2.0,12.0,4.462116471886809,0,7.038448267669784,1,1,1,False,True,False,False,False,False,True,False,True,31.0,77.5,8.0,26.666666666666668,16.256862454116973,54.18954151372325,9.0,30.0,70.0,57.08905204509748,1
19.0,1,4,2.45,84.77837016925656,1.8132019100951835,4.0,8.0,2.572130520749062,8.786957740907472,1.4448769000564603,6.0,4.0,5.0,1.0,5.0,5.0,6.0,2.0,3.0,2.0,6.0,4.665897542228086,0,0.9964012071811964,0,1,0,False,False,False,False,True,False,False,True,True,22.0,55.00000000000001,16.0,53.333333333333336,24.769950320101948,82.5665010670065,11.0,36.666666666666664,63.333333333333336,63.558291933418296,1
23.0,1,3,7.55,69.81264350120773,4.405549073243039,0.0,1.0,2.3656838885755818,8.387220313240068,5.260960026504312,12.0,6.0,2.0,7.0,5.0,15.0,4.0,7.0,6.0,1.0,8.0,2.2160283117731328,1,3.8827351179824263,1,0,0,False,False,False,True,False,True,False,False,False,28.0,70.0,3.0,10.0,20.760576398160175,69.2019213272006,14.0,46.666666666666664,53.333333333333336,50.63381366513348,1
22.0,0,4,1.45,67.71186754001018,1.498846863890435,1.0,1.0,2.309466087184002,2.3494630198936157,4.77381571627478,10.0,0.0,5.0,8.0,6.0,4.0,2.0,9.0,6.0,2.0,4.0,7.912741647752578,1,0.2369049939598166,0,1,1,False,False,True,False,False,True,False,False,False,13.0,32.5,8.0,26.666666666666668,15.266181216434834,50.887270721449454,17.0,56.666666666666664,43.333333333333336,38.34681768036236,0
24.0,0,4,9.55,72.37137661075897,4.857985607822704,2.0,10.0,6.179192882890575,3.625055214118379,1.3632506065876395,4.0,3.0,10.0,6.0,9.0,7.0,8.0,1.0,8.0,9.0,6.0,7.9107662587486836,0,1.7480296193972853,0,0,1,False,True,False,False,False,False,True,False,False,32.0,80.0,16.0,53.333333333333336,16.082611724640167,53.60870574880055,17.0,56.666666666666664,43.333333333333336,57.56884310386681,1
27.0,0,4,6.55,67.34237706521785,0.4759356596912454,2.0,6.0,4.042509088794882,10.0,6.978791198221343,10.0,2.0,3.0,7.0,6.0,5.0,8.0,6.0,4.0,9.0,3.0,6.028170252776214,1,2.365451331489544,1,0,1,False,False,False,False,True,True,False,False,True,21.0,52.5,15.0,50.0,18.978699712983776,63.262332376612584,14.0,46.666666666666664,53.333333333333336,54.77391642748648,1
25.0,2,2,4.55,67.4667610759384,6.370275808796807,9.0,6.0,6.179192882890575,6.626248147031992,6.836274661650976,9.0,3.0,10.0,9.0,10.0,4.0,1.0,6.0,4.0,6.0,8.0,2.891212736506149,1,3.6477338181322576,1,0,0,False,False,False,False,True,False,False,True,False,13.0,32.5,17.0,56.666666666666664,13.61078060249044,45.36926867496813,19.0,63.33333333333333,36.66666666666667,42.80065050207537,1
21.0,1,2,5.55,40.97835410719029,4.808823061364205,5.0,7.0,7.231132592324043,1.2841466135131987,15.895924670867627,7.0,4.0,2.0,2.0,1.0,3.0,2.0,2.0,6.0,3.0,12.0,2.7805061059231395,0,5.597061728233197,1,1,0,False,False,False,False,True,True,False,False,False,19.0,47.5,10.0,33.33333333333333,-1.8429106496784708,-6.143035498928237,13.0,43.333333333333336,56.666666666666664,32.83924112526794,0
23.0,2,2,7.55,50.443848244438506,5.737984359320299,8.0,2.0,6.336160057152199,1.7016025590868995,3.1938228717048096,2.0,6.0,6.0,5.0,5.0,3.0,4.0,5.0,10.0,8.0,5.0,1.6264766318299029,1,3.463138295276233,0,1,1,False,False,False,False,True,True,False,False,False,22.0,55.00000000000001,15.0,50.0,12.171619630229891,40.572065434099635,16.0,53.333333333333336,46.666666666666664,48.059683025191575,1
19.0,2,3,3.8,69.31081839974519,6.370275808796807,9.0,6.0,7.850864053022213,9.530442766449267,6.596982198050721,6.0,0.0,10.0,3.0,2.0,10.0,1.0,4.0,2.0,4.0,2.0,8.582214844633056,1,2.9188691185501314,0,0,0,False,False,True,False,False,False,False,True,False,19.0,47.5,23.0,76.66666666666667,15.082596515376334,50.275321717921116,21.0,70.0,30.0,51.11049709614694,1
26.0,0,2,5.55,89.35920754302215,3.299893557479027,0.0,6.0,8.803649959885842,9.328712530220557,3.9402503904344863,4.0,4.0,6.0,6.0,13.0,6.0,6.0,10.0,6.0,5.0,10.0,2.6558202227570216,1,5.470007506909075,1,1,0,True,False,False,False,False,True,False,False,False,18.0,45.0,6.0,20.0,16.58481217990023,55.2827072663341,9.0,30.0,70.0,47.57067681658353,1
28.0,2,1,3.25,56.72362040362745,6.276496015378468,5.0,6.0,7.677622026400428,6.626248147031992,7.972322176898411,8.0,6.0,7.0,3.0,7.0,8.0,2.0,3.0,8.0,10.0,6.0,6.986556837107778,0,5.1595232923947405,1,1,0,False,False,False,False,True,False,False,False,True,25.0,62.5,15.0,50.0,10.976303943733154,36.587679812443845,13.0,43.333333333333336,56.666666666666664,51.438586619777624,1
24.0,0,4,6.55,71.35860598786894,6.370275808796807,8.0,1.0,4.172208992253268,5.509403622596657,7.660836945389188,8.0,2.0,10.0,4.0,6.0,4.0,3.0,10.0,3.0,5.0,3.0,0.9966129219901632,1,3.391707471377182,0,1,0,False,False,False,True,False,False,False,True,False,10.0,25.0,16.0,53.333333333333336,13.676357684954201,45.58785894984734,18.0,60.0,40.0,40.98029807079517,1
23.0,1,3,2.45,60.69772508555393,3.794136610514501,3.0,10.0,6.01350929850808,6.4791573861007175,3.0627786803016344,1.0,5.0,9.0,9.0,2.0,1.0,23.0,8.0,14.0,2.0,1.0,7.353817214694178,1,2.7091101011481165,0,1,0,False,False,False,False,True,False,False,True,True,40.0,100.0,22.0,73.33333333333333,17.402869407291004,58.009564690970016,26.0,86.66666666666667,13.333333333333329,61.16905783940916,1
22.0,1,3,7.55,46.288239372375344,9.96240396787774,9.0,7.0,6.482149185981735,4.650775207425118,1.5856339986441943,8.0,3.0,3.0,2.0,3.0,4.0,7.0,6.0,2.0,9.0,5.0,1.473061971157218,1,3.038915034424588,1,0,1,False,False,False,True,False,False,True,False,True,17.0,42.5,21.0,70.0,16.58299202279919,55.2766400759973,12.0,40.0,60.0,56.94416001899933,1
24.0,1,3,6.55,97.49790898427804,6.547693519122781,2.0,8.0,4.630210328815258,5.113651826868937,3.9402503904344863,10.0,6.0,9.0,8.0,6.0,5.0,4.0,1.0,1.0,6.0,9.0,1.588081820546371,0,4.885079490974182,0,1,1,False,False,False,True,False,False,False,True,False,19.0,47.5,11.0,36.666666666666664,16.543191107619194,55.14397035873064,21.0,70.0,30.0,42.32765925634932,1
25.0,1,3,7.55,72.37137661075897,3.98723662495854,5.0,7.0,9.977121462908269,3.870838894967595,3.958249813327141,7.0,3.0,9.0,3.0,9.0,8.0,10.0,1.0,6.0,6.0,3.0,8.315315384608576,1,0.7180426679035596,0,0,0,False,False,False,False,False,False,False,False,True,33.0,82.5,19.0,63.33333333333333,9.935467618732186,33.118225395773955,13.0,43.333333333333336,56.666666666666664,58.90455634894348,1
20.0,2,3,2.45,72.37137661075897,11.368062144969318,5.0,9.0,3.790753762137568,1.6914370398040424,6.443661070856897,1.0,2.0,6.0,3.0,7.0,7.0,1.0,10.0,9.0,1.0,1.0,2.9091933068310305,1,1.4543076295031732,1,0,1,False,False,False,True,False,False,False,True,True,17.0,42.5,23.0,76.66666666666667,11.457022206809578,38.190074022698596,12.0,40.0,60.0,54.33918517234132,1
17.0,0,1,6.55,72.37137661075897,10.141348956853932,1.0,1.0,7.586418845745108,9.702752045264203,5.783872445808759,3.0,3.0,10.0,4.0,2.0,2.0,4.0,5.0,1.0,2.0,1.0,1.723862099544694,0,5.251608186786517,0,0,1,False,False,False,False,False,False,True,False,False,12.0,30.0,11.0,36.666666666666664,16.332460753710336,54.44153584570112,22.0,73.33333333333333,26.66666666666667,36.94371729475861,0
17.0,1,4,3.8,60.85479426145001,11.79105373862161,4.0,10.0,3.9073491662162265,7.800429073128379,6.301702070490889,5.0,3.0,4.0,5.0,13.0,21.0,10.0,9.0,2.0,4.0,1.0,5.368927403640806,0,7.450443287709748,0,0,0,False,False,False,False,True,False,False,False,True,34.0,85.0,23.0,76.66666666666667,17.591377836421263,58.637926121404206,6.0,20.0,80.0,75.07614819701772,2
26.0,0,3,8.55,99.69098842370757,8.306806495745048,0.0,9.0,9.50507631204649,10.0,3.039410983908817,3.0,5.0,4.0,3.0,1.0,3.0,6.0,4.0,7.0,6.0,4.0,0.7485870264108507,0,1.590413227132558,1,1,0,True,False,False,False,False,False,False,False,False,22.0,55.00000000000001,15.0,50.0,17.455512704044693,58.18504234681564,16.0,53.333333333333336,46.666666666666664,52.46292725337057,1
20.0,1,4,6.55,58.14391118973866,4.538674866072562,8.0,3.0,4.48106275992294,6.535221751219518,1.975237154263624,3.0,5.0,10.0,6.0,9.0,9.0,6.0,7.0,5.0,8.0,5.0,7.104223980666204,0,0.967654047500056,0,0,1,False,False,False,True,False,False,True,False,False,23.0,57.49999999999999,16.0,53.333333333333336,20.078921837032954,66.92973945677652,17.0,56.666666666666664,43.333333333333336,55.2741015308608,1
28.0,1,2,5.55,54.324306721756,3.370328000148148,8.0,2.0,4.773512597173674,10.0,0.193037389747678,1.0,0.0,10.0,10.0,9.0,1.0,9.0,2.0,6.0,9.0,8.0,13.269634813784734,1,0.788956338892099,1,0,1,False,False,False,True,False,True,False,False,True,24.0,60.0,12.0,40.0,25.03345001307865,83.44483337692883,21.0,70.0,30.0,53.36120834423221,1
23.0,0,3,1.45,74.07343289832431,7.959814124093771,4.0,6.0,6.750878184529498,10.0,5.009468976630627,8.0,3.0,6.0,3.0,6.0,6.0,4.0,6.0,4.0,1.0,10.0,2.484024797602596,1,2.042434958437366,0,0,1,False,True,False,False,False,False,False,False,False,18.0,45.0,10.0,33.33333333333333,18.239652838839874,60.79884279613291,13.0,43.333333333333336,56.666666666666664,48.949710699033226,1
18.0,1,3,3.8,90.10756980059224,11.769798989943643,4.0,5.0,11.701388778648198,3.989618358061964,6.360301886665004,9.0,7.0,7.0,8.0,10.0,7.0,6.0,10.0,6.0,8.0,7.0,6.979986599638767,0,6.340619823032688,1,0,0,False,False,False,True,False,True,False,False,False,19.0,47.5,12.0,40.0,5.927927692748762,19.759758975829207,15.0,50.0,50.0,39.314939743957304,0
19.0,0,4,3.8,51.55113230918788,7.520580961246186,2.0,4.0,6.632611118377438,5.256746158880502,7.1131239527206604,5.0,2.0,10.0,4.0,1.0,2.0,2.0,9.0,8.0,4.0,10.0,0.5379215379619251,1,6.687173343457973,1,1,0,False,False,False,True,False,False,False,False,False,13.0,32.5,6.0,20.0,11.511011087782403,38.37003695927468,23.0,76.66666666666667,23.33333333333333,28.550842573152,0
17.0,0,3,9.55,82.56416618315987,10.57937929187806,6.0,4.0,6.586037347249926,9.279803542678357,3.809903066811122,1.0,3.0,5.0,5.0,8.0,10.0,2.0,5.0,2.0,5.0,16.0,4.780230782498296,0,7.134441417801937,0,0,0,False,False,True,False,False,False,False,False,False,19.0,47.5,4.0,13.333333333333334,18.883863128617307,62.946210428724356,12.0,40.0,60.0,45.944885940514425,1
21.0,0,3,7.55,43.6843949884673,3.949241172573224,0.0,8.0,4.4974951497616695,9.542638081755534,3.9402503904344863,1.0,7.0,8.0,3.0,6.0,7.0,6.0,6.0,10.0,10.0,2.0,9.519480355009655,1,6.272070201650065,0,1,1,False,False,False,False,True,True,False,False,False,27.0,67.5,16.0,53.333333333333336,21.10489254155938,70.34964180519793,15.0,50.0,50.0,60.29574378463282,1
17.0,0,3,7.55,95.13608458662983,4.883445389691067,4.0,10.0,5.475281786708334,10.0,1.6192964930588687,9.0,6.0,10.0,5.0,9.0,1.0,9.0,3.0,3.0,5.0,2.0,5.380621504409762,1,3.8827351179824263,1,0,1,False,False,False,False,False,False,False,True,False,20.0,50.0,22.0,73.33333333333333,22.9054217202328,76.35140573410932,16.0,53.333333333333336,46.666666666666664,61.58785143352733,1
24.0,0,4,9.55,44.86449496883792,6.370275808796807,5.0,6.0,6.747467545127816,8.178972169624789,4.115024985156247,1.0,4.0,1.0,7.0,9.0,3.0,3.0,6.0,7.0,6.0,2.0,4.97650989328116,1,4.547085407869045,0,1,1,False,False,False,False,False,False,False,False,False,17.0,42.5,19.0,63.33333333333333,17.316479639340727,57.72159879780242,9.0,30.0,70.0,58.38873303278394,1
17.0,0,1,5.55,94.85388258064977,9.082400423493826,6.0,1.0,7.370160989336926,6.226330746045277,1.7101419589585127,9.0,5.0,1.0,14.0,7.0,7.0,4.0,10.0,1.0,3.0,1.0,0.0586155215989281,0,5.478646969773624,1,0,0,True,False,False,False,False,True,False,False,True,12.0,30.0,16.0,53.333333333333336,17.146027797749838,57.153425992499464,18.0,60.0,40.0,45.1216898314582,1
27.0,0,3,7.55,69.44843496716217,11.776923844414869,2.0,5.0,6.363451941695433,5.154167046201179,1.504604100687736,3.0,4.0,4.0,3.0,4.0,6.0,6.0,8.0,7.0,5.0,6.0,2.5592465241976257,1,1.981294961288146,0,1,0,False,False,False,False,True,False,False,False,False,21.0,52.5,11.0,36.666666666666664,17.28611100381801,57.62037001272671,13.0,43.333333333333336,56.666666666666664,50.863425836515006,1
17.0,1,1,6.55,66.88546676775519,9.297170516786904,6.0,8.0,7.611800493623527,6.626248147031992,7.627105056018815,3.0,4.0,8.0,6.0,1.0,2.0,9.0,10.0,1.0,7.0,4.0,4.28484146906702,1,4.360968592128988,0,1,0,False,False,True,False,False,True,False,False,False,12.0,30.0,20.0,66.66666666666666,11.387342597389651,37.9578086579655,23.0,76.66666666666667,23.33333333333333,39.48945216449137,0
18.0,0,2,4.55,98.3984247700226,5.382188486618781,3.0,3.0,9.386210000901094,10.0,6.541925509840782,4.0,6.0,8.0,2.0,3.0,5.0,6.0,1.0,8.0,6.0,3.0,4.97650989328116,0,4.117879510683486,0,1,1,False,False,False,False,True,True,False,False,False,28.0,70.0,13.0,43.333333333333336,14.071864489258123,46.906214964193744,17.0,56.666666666666664,43.333333333333336,50.893220407715106,1
18.0,0,3,1.45,72.37137661075897,6.372816237868356,9.0,2.0,8.063421626750308,10.0,0.0943991715301164,5.0,0.0,6.0,4.0,6.0,3.0,9.0,10.0,6.0,2.0,1.0,4.389578500838363,0,6.134036338694675,0,0,1,False,False,False,False,True,True,False,False,True,18.0,45.0,20.0,66.66666666666666,21.842179201719574,72.80726400573191,14.0,46.666666666666664,53.333333333333336,59.45181600143298,1
28.0,1,2,1.45,79.01068755766072,10.80618590955764,4.0,6.0,6.179192882890575,1.571001034119615,2.148103961107656,18.0,7.0,5.0,9.0,1.0,9.0,6.0,8.0,10.0,8.0,7.0,0.2364866752177907,1,1.873806364417005,1,1,1,False,False,False,False,False,False,False,True,True,27.0,67.5,13.0,43.333333333333336,13.243704190121383,44.145680633737946,23.0,76.66666666666667,23.33333333333333,44.57808682510115,1
22.0,1,4,2.45,47.62715751142291,6.619760833176575,4.0,4.0,5.753009760720168,7.382691293444847,1.641082008429783,6.0,4.0,10.0,6.0,14.0,7.0,5.0,8.0,7.0,9.0,9.0,5.312424971972513,1,7.36104951909372,1,0,0,False,False,True,False,False,False,False,True,False,21.0,52.5,9.0,30.0,19.988599524294894,66.62866508098298,12.0,40.0,60.0,52.282166270245746,1
23.0,1,2,2.45,70.37020513931215,6.370275808796807,3.0,2.0,5.482110684312596,6.720593692671093,1.1770734411567405,10.0,0.0,10.0,10.0,6.0,1.0,7.0,7.0,2.0,6.0,4.0,2.5134624608781664,1,3.094919916942649,0,1,0,False,True,False,False,False,True,False,False,False,13.0,32.5,11.0,36.666666666666664,20.061409567201757,66.87136522400586,24.0,80.0,20.0,39.00950797266813,0
21.0,0,4,4.55,71.74978605733975,6.370275808796807,5.0,13.0,6.179192882890575,5.137565023328554,5.57929943491714,9.0,6.0,2.0,5.0,8.0,1.0,18.0,4.0,6.0,9.0,1.0,9.65274323181961,1,3.952755521381869,0,0,0,False,False,False,True,False,False,True,False,False,31.0,77.5,27.0,90.0,13.379072705520837,44.59690901840279,9.0,30.0,70.0,70.5242272546007,2
17.0,2,3,6.55,72.37137661075897,13.432369193503234,2.0,10.0,6.179192882890575,10.0,4.534702650683734,1.0,6.0,5.0,9.0,6.0,6.0,10.0,6.0,5.0,2.0,3.0,8.864163554608979,0,2.680360245619668,1,1,1,False,False,False,False,False,True,False,False,True,25.0,62.5,19.0,63.33333333333333,19.28610446642569,64.28701488808564,18.0,60.0,40.0,57.53008705535474,1
17.0,1,4,6.55,74.16951031120058,1.1606380026135548,2.0,14.0,5.51707018719903,7.33317318584413,3.631476566000885,9.0,1.0,5.0,4.0,6.0,4.0,7.0,10.0,9.0,10.0,9.0,4.97650989328116,0,0.9243361706387264,1,0,0,False,False,True,False,False,False,True,False,True,20.0,50.0,17.0,56.666666666666664,18.184626432644215,60.61542144214739,13.0,43.333333333333336,56.666666666666664,55.98718869387017,1
19.0,1,4,3.8,41.12348282766344,8.925152091034683,4.0,10.0,2.0493638173388837,4.444276684568807,1.515976467518514,6.0,3.0,2.0,4.0,6.0,1.0,10.0,2.0,9.0,3.0,1.0,4.97650989328116,1,1.4207170276605945,1,0,0,True,False,False,False,False,False,True,False,False,28.0,70.0,23.0,76.66666666666667,20.87893639971141,69.5964546657047,10.0,33.33333333333333,66.66666666666667,70.73244699975952,2
18.0,2,2,3.8,72.37137661075897,1.312247200259676,4.0,1.0,3.892442224736559,5.885144421708103,2.2209444502532527,7.0,7.0,8.0,6.0,7.0,9.0,2.0,10.0,5.0,4.0,1.0,0.5405845915505236,0,7.922076025622982,0,1,1,False,False,False,True,False,False,False,True,True,16.0,40.0,14.0,46.666666666666664,19.77175774671829,65.90585915572763,17.0,56.666666666666664,43.333333333333336,48.97646478893191,1
21.0,1,2,9.55,82.74365811717928,4.859012560425668,8.0,2.0,3.7102571622587774,10.0,2.848808392196742,6.0,5.0,10.0,7.0,6.0,2.0,9.0,3.0,8.0,2.0,5.0,8.88899096832655,0,2.798452901979574,1,0,1,False,False,False,True,False,True,False,False,False,26.0,65.0,15.0,50.0,23.440934445544478,78.13644815181493,21.0,70.0,30.0,55.78411203795373,1
28.0,0,2,3.25,46.92818651067328,9.655469298484856,3.0,6.0,4.7940763299423965,5.730941684877228,6.283861486658435,9.0,5.0,5.0,6.0,2.0,1.0,6.0,5.0,4.0,6.0,5.0,3.989919723027076,1,0.924209592976884,0,0,1,False,False,False,False,False,False,False,False,False,16.0,40.0,14.0,46.666666666666664,14.653003868276397,48.843346227587986,19.0,63.33333333333333,36.66666666666667,43.044169890230336,1
26.0,1,3,2.45,74.21436654674804,5.610844339359563,4.0,10.0,3.39565393379444,1.783923693783501,7.913515468588555,2.0,2.0,5.0,6.0,5.0,6.0,17.0,3.0,6.0,7.0,8.0,4.795470933561728,1,5.725389653661672,0,1,1,True,False,False,False,False,False,False,False,False,36.0,90.0,16.0,53.333333333333336,10.474754291400506,34.915847638001694,16.0,53.333333333333336,46.666666666666664,56.22896190950042,1
23.0,0,3,3.25,74.10167094614647,10.104186236622096,8.0,7.0,2.542411549692096,2.231073978386138,1.4718164374101583,2.0,5.0,1.0,7.0,6.0,10.0,1.0,8.0,4.0,9.0,1.0,0.8569518952841348,0,1.098062082942138,1,1,1,False,False,False,False,False,True,False,False,True,17.0,42.5,24.0,80.0,18.216845991283883,60.722819970946276,12.0,40.0,60.0,60.805704992736565,1
23.0,2,2,7.55,80.947025211424,4.10257586467338,3.0,2.0,3.5729028402801024,7.860608516339708,2.7321813511464272,7.0,0.0,1.0,10.0,6.0,1.0,6.0,6.0,6.0,11.0,8.0,6.925412169958686,0,3.8827351179824263,0,1,0,False,False,False,True,False,False,False,False,True,17.0,42.5,7.0,23.333333333333332,21.55552432491318,71.8517477497106,15.0,50.0,50.0,46.921270270760985,1
20.0,0,3,1.45,45.12386152810487,11.491635527981224,2.0,8.0,8.83349429135572,8.524752151360822,2.241612372356899,9.0,5.0,1.0,6.0,5.0,4.0,7.0,3.0,9.0,7.0,2.0,7.121208738824414,0,0.1929666140702499,0,0,0,False,False,True,False,False,True,False,False,False,27.0,67.5,18.0,60.0,17.449645487648205,58.16548495882735,12.0,40.0,60.0,61.416371239706834,1
23.0,1,3,6.55,77.59019843596579,2.5136211816628267,6.0,10.0,8.376314726916233,8.00282456793661,0.3525391567382048,5.0,0.0,8.0,3.0,3.0,4.0,6.0,2.0,5.0,5.0,1.0,4.086673919905993,0,4.484059516476505,0,0,1,True,False,False,False,False,True,False,False,False,23.0,57.49999999999999,25.0,83.33333333333334,19.273970684282173,64.24656894760724,18.0,60.0,40.0,61.26997557023515,1
27.0,0,4,6.55,56.84511704478047,0.4591697398716157,6.0,9.0,5.536769579405958,10.0,1.753750855477243,7.0,3.0,10.0,7.0,3.0,6.0,6.0,3.0,1.0,3.0,8.0,8.888817363651324,0,5.494010338489667,1,1,1,False,False,False,True,False,False,True,False,False,20.0,50.0,17.0,56.666666666666664,22.709479565116798,75.69826521705599,24.0,80.0,20.0,50.59123297093066,1
24.0,0,4,4.55,70.42017942977031,10.469118515885022,7.0,8.0,9.022520271830109,10.0,7.212911547078452,6.0,2.0,2.0,6.0,6.0,3.0,2.0,2.0,7.0,5.0,10.0,0.4863400073940016,0,0.6457451808007253,1,0,0,False,False,False,False,False,False,False,True,True,20.0,50.0,15.0,50.0,13.76456818109144,45.881893936971466,12.0,40.0,60.0,51.470473484242866,1
27.0,2,2,2.45,86.3994131622446,9.026432591404898,3.0,6.0,3.861324944966271,10.0,6.742865430979171,6.0,3.0,6.0,2.0,1.0,9.0,10.0,10.0,3.0,6.0,2.0,3.0754051944379057,0,1.1833681255283093,1,1,1,False,False,False,True,False,True,False,False,False,22.0,55.00000000000001,17.0,56.666666666666664,19.395809624054557,64.65269874684853,17.0,56.666666666666664,43.333333333333336,54.91317468671213,1
17.0,1,3,1.45,72.37137661075897,2.7838060448084736,4.0,6.0,6.673673129593854,5.603605373083678,1.3407785209180505,4.0,4.0,6.0,1.0,5.0,6.0,17.0,9.0,3.0,6.0,5.0,2.0685174640827872,1,3.8827351179824263,1,1,0,True,False,False,False,False,False,False,False,True,27.0,67.5,15.0,50.0,17.589153722571773,58.63051240857258,12.0,40.0,60.0,59.03262810214314,1
22.0,1,4,5.55,47.1341810606796,11.816899285640089,8.0,7.0,6.179192882890575,5.104624582252883,2.929304100930323,10.0,3.0,5.0,6.0,5.0,6.0,6.0,1.0,6.0,10.0,10.0,6.979065682524198,1,3.3675859298930924,1,1,1,False,False,False,True,False,False,False,False,True,27.0,67.5,15.0,50.0,15.996127598431983,53.320425328106616,16.0,53.333333333333336,46.666666666666664,54.37177299869332,1
24.0,0,1,4.55,75.47108722696439,12.957756493882972,9.0,6.0,8.667205516395118,4.430374327613764,2.486424442175686,7.0,3.0,6.0,9.0,5.0,6.0,7.0,3.0,3.0,9.0,18.0,2.046679850182287,1,0.737828434299379,0,0,0,False,False,False,False,False,False,True,False,False,23.0,57.49999999999999,7.0,23.333333333333332,13.27674436904296,44.255814563476534,20.0,66.66666666666666,33.33333333333334,39.6056203075358,0
21.0,2,3,3.25,98.14699185644432,11.412785281729962,6.0,7.0,5.342008652427944,6.626248147031992,1.1819264644332517,1.0,7.0,6.0,3.0,3.0,9.0,1.0,7.0,1.0,1.0,3.0,7.027252401534624,0,6.899109766846505,0,0,1,False,False,False,False,False,False,False,True,False,14.0,35.0,20.0,66.66666666666666,20.102313030170798,67.00771010056933,16.0,53.333333333333336,46.666666666666664,53.83526085847566,1
20.0,2,1,8.55,49.40616624010013,6.060345256643991,2.0,6.0,2.254881271827545,10.0,4.977665677102619,4.0,6.0,3.0,9.0,6.0,2.0,2.0,6.0,6.0,10.0,9.0,7.965579531433042,1,5.89545534056028,1,0,0,False,True,False,False,False,False,False,False,False,14.0,35.0,9.0,30.0,22.767453051069836,75.89151017023279,16.0,53.333333333333336,46.666666666666664,46.88954420922486,1
18.0,0,2,3.25,91.1744252635249,5.662495041255492,8.0,4.0,4.187553840545562,8.718965358583018,4.458382082922293,5.0,4.0,4.0,6.0,6.0,8.0,2.0,3.0,7.0,6.0,9.0,4.97650989328116,0,1.496554644148068,0,0,1,False,False,False,True,False,False,False,False,False,24.0,60.0,13.0,43.333333333333336,20.07302943511516,66.91009811705054,14.0,46.666666666666664,53.333333333333336,55.8941911959293,1
22.0,0,3,2.45,82.15288483322661,5.389662445733581,4.0,6.0,9.207480714776189,6.973144152459744,3.415930661906973,10.0,1.0,9.0,4.0,10.0,5.0,1.0,6.0,5.0,10.0,8.0,0.2805200519718243,1,2.7778004748310234,1,1,0,False,False,False,True,False,False,False,True,False,15.0,37.5,12.0,40.0,14.349732775776582,47.83244258592194,13.0,43.333333333333336,56.666666666666664,45.49977731314715,1
22.0,2,2,4.55,86.44019877458558,4.018503313595403,3.0,14.0,3.035656655411546,7.620661955160378,6.8439866248657655,7.0,2.0,8.0,6.0,6.0,2.0,3.0,2.0,1.0,2.0,7.0,4.97650989328116,0,4.543649252221543,0,1,1,False,True,False,False,False,False,True,False,True,14.0,35.0,20.0,66.66666666666666,17.741018674883065,59.13672891627688,18.0,60.0,40.0,50.20084889573589,1
27.0,2,4,8.55,56.91749962855873,6.40441796611862,0.0,2.0,6.179192882890575,6.810873351011348,4.95769072010326,6.0,3.0,8.0,10.0,2.0,6.0,6.0,1.0,2.0,6.0,5.0,7.146362771165334,1,0.1727155987439488,1,0,0,False,False,False,True,False,False,True,False,True,23.0,57.49999999999999,7.0,23.333333333333332,15.673989748017513,52.24663249339171,26.0,86.66666666666667,13.333333333333329,36.6033247900146,0
17.0,0,2,6.55,57.27333576279055,5.430655943382814,8.0,7.0,6.179192882890575,10.0,2.074189460539252,4.0,4.0,6.0,10.0,4.0,5.0,9.0,6.0,2.0,9.0,10.0,15.649056698147133,1,3.918635892435992,1,0,0,True,False,False,False,False,False,False,True,True,20.0,50.0,15.0,50.0,21.746617656570173,72.48872552190058,22.0,73.33333333333333,26.66666666666667,49.78884804714181,1
25.0,0,2,5.55,94.3611673465893,0.4409625194826496,5.0,6.0,8.413170192775128,10.0,2.98963789759895,3.0,3.0,5.0,2.0,10.0,8.0,3.0,2.0,10.0,6.0,2.0,6.457456144715,1,2.7247695527211637,1,0,0,False,False,False,False,True,True,False,False,True,29.0,72.5,19.0,63.33333333333333,18.59719190962592,61.99063969875307,7.0,23.333333333333332,76.66666666666667,68.62265992468826,1
28.0,0,2,3.25,61.58992192555352,3.12522280108203,1.0,3.0,5.3722031982401965,9.594049369412636,1.2012538382650648,6.0,3.0,6.0,6.0,9.0,10.0,3.0,4.0,8.0,18.0,3.0,5.291231728074733,0,7.406722432806901,0,0,1,False,False,False,False,False,False,True,False,False,27.0,67.5,11.0,36.666666666666664,23.020592332907377,76.73530777635791,13.0,43.333333333333336,56.666666666666664,59.39216027742281,1
27.0,1,3,5.55,43.78092344156863,2.5574736012667008,6.0,6.0,6.179192882890575,6.690618855501052,4.730986184881311,10.0,0.0,9.0,5.0,10.0,6.0,2.0,5.0,8.0,9.0,5.0,6.446779773252851,1,1.807007331933474,1,0,0,False,False,True,False,False,True,False,False,True,21.0,52.5,17.0,56.666666666666664,15.780439787729165,52.60146595909722,14.0,46.666666666666664,53.333333333333336,53.775366489774306,1
22.0,2,1,4.55,76.035802214767,25.40825201951546,2.0,7.0,5.235064046663004,4.649904033264955,10.40207586824766,6.0,0.0,10.0,6.0,8.0,7.0,2.0,1.0,8.0,6.0,8.0,3.601330868653881,0,3.1881393046356585,1,0,0,False,False,False,True,False,False,True,False,True,26.0,65.0,11.0,36.666666666666664,9.01276411835429,30.04254706118097,18.0,60.0,40.0,42.9273034319619,1
29.0,1,3,1.45,47.48906014251056,7.186439726722098,5.0,6.0,6.411656121094952,1.2146550377153658,6.96146948777921,10.0,6.0,10.0,2.0,10.0,1.0,18.0,4.0,2.0,5.0,1.0,4.578153018680021,1,1.2982356912494142,1,0,0,True,False,False,False,False,True,False,False,False,27.0,67.5,20.0,66.66666666666666,7.841529428841204,26.138431429470682,12.0,40.0,60.0,55.07627452403433,1
19.0,2,3,6.55,87.79577448447449,6.370275808796807,7.0,1.0,2.499525792139454,1.4777302679569186,6.8465336083361,4.0,7.0,6.0,5.0,2.0,2.0,4.0,5.0,5.0,6.0,1.0,7.124305868069827,1,2.399929593691452,1,0,0,False,False,False,True,False,True,False,False,False,16.0,40.0,17.0,56.666666666666664,12.131670867481365,40.43890289160455,19.0,63.33333333333333,36.66666666666667,43.443059056234475,1
20.0,2,3,6.55,78.50478655006344,11.481912452991368,2.0,1.0,4.992235505121079,1.332617176786893,6.695536267679582,2.0,7.0,1.0,6.0,1.0,9.0,6.0,4.0,5.0,18.0,7.0,6.676449357257486,1,2.2384012404280584,1,1,0,True,False,False,False,False,True,False,False,False,26.0,65.0,6.0,20.0,9.644845403986231,32.14948467995411,16.0,53.333333333333336,46.666666666666664,40.95403783665519,1
28.0,2,4,8.55,92.48359031327249,7.72847127031692,4.0,9.0,8.84084670191963,10.0,4.391618557612242,6.0,0.0,1.0,2.0,4.0,7.0,8.0,2.0,4.0,8.0,1.0,4.97650989328116,1,6.530156919863634,0,0,0,False,False,False,True,False,False,True,False,False,27.0,67.5,22.0,73.33333333333333,16.76753474046813,55.89178246822709,9.0,30.0,70.0,66.6812789503901,1
27.0,2,4,1.45,87.09023498695811,6.370275808796807,5.0,6.0,7.528540505457934,2.2593057231467952,8.687495286363117,7.0,7.0,7.0,1.0,5.0,7.0,5.0,1.0,8.0,7.0,3.0,0.4921389413574573,1,3.021224776763902,0,0,1,False,False,False,True,False,False,False,True,True,29.0,72.5,18.0,60.0,6.043269931325745,20.144233104419147,13.0,43.333333333333336,56.666666666666664,52.327724942771454,1
20.0,2,3,3.25,46.72681890029177,3.7411686198255554,0.0,2.0,9.85463235317296,6.626248147031992,6.204335551746225,10.0,1.0,3.0,6.0,2.0,4.0,3.0,6.0,8.0,5.0,8.0,2.877941648779463,1,1.4920129997611369,1,0,0,False,False,True,False,False,True,False,False,False,19.0,47.5,4.0,13.333333333333334,10.567280242112808,35.22426747370936,17.0,56.666666666666664,43.333333333333336,34.84773353509401,0
19.0,2,1,7.55,62.864240586065335,2.2352061877547262,9.0,1.0,8.303356299009145,6.3256498620391,0.7334786476454864,3.0,5.0,7.0,9.0,6.0,4.0,2.0,2.0,6.0,8.0,9.0,6.034679198136946,1,0.1353258710615543,0,1,0,False,False,False,True,False,False,False,True,True,20.0,50.0,11.0,36.666666666666664,17.288814915384467,57.62938305128156,20.0,66.66666666666666,33.33333333333334,44.40734576282039,1
26.0,2,3,5.55,86.47361499487523,4.839718655914938,6.0,2.0,5.612077719134192,6.295412835824748,2.4047831614228468,8.0,3.0,5.0,9.0,6.0,3.0,6.0,10.0,4.0,6.0,5.0,4.636209918427777,1,4.385907434979645,0,1,1,False,False,True,False,False,False,False,True,False,13.0,32.5,13.0,43.333333333333336,18.27855195526771,60.928506517559036,18.0,60.0,40.0,44.1904599627231,1
19.0,1,2,4.55,121.5626081817428,5.649592979229697,3.0,8.0,7.4102436615963425,10.0,1.3527195425573746,8.0,7.0,1.0,9.0,8.0,10.0,8.0,9.0,1.0,13.0,6.0,3.380826191976726,1,3.96037344908356,1,1,1,False,False,False,True,False,True,False,False,True,20.0,50.0,15.0,50.0,21.237036795846283,70.79012265282094,12.0,40.0,60.0,57.697530663205235,1
19.0,0,4,9.55,98.3419290867987,23.78117025190773,9.0,5.0,8.207309405506312,1.8088600484021535,4.091741554768847,1.0,0.0,8.0,5.0,5.0,4.0,10.0,6.0,9.0,5.0,6.0,7.170251706031578,1,2.562782673401041,1,1,1,False,True,False,False,False,True,False,False,False,27.0,67.5,18.0,60.0,9.509809088126996,31.699363627089987,18.0,60.0,40.0,49.799840906772495,1
20.0,1,4,2.45,84.14442699360696,6.719285268440116,6.0,6.0,4.157469279370729,10.0,6.701343653060862,5.0,5.0,9.0,10.0,4.0,6.0,4.0,6.0,1.0,8.0,3.0,3.870296986315173,1,2.906224972369415,1,0,0,False,False,True,False,False,False,True,False,False,15.0,37.5,19.0,63.33333333333333,19.14118706756841,63.8039568918947,25.0,83.33333333333334,16.666666666666657,45.32598922297367,1
23.0,1,3,3.25,72.37137661075897,3.506171993016204,6.0,7.0,2.480143124924674,5.46002631408794,3.9402503904344863,5.0,0.0,6.0,1.0,7.0,6.0,15.0,7.0,4.0,8.0,1.0,13.751186005277829,1,2.3071176614974327,1,0,1,False,True,False,False,False,False,True,False,True,28.0,70.0,22.0,73.33333333333333,19.03963279872878,63.46544266242926,10.0,33.33333333333333,66.66666666666667,68.36636066560732,1
20.0,1,3,2.45,92.79914149365018,8.91161139441025,4.0,2.0,5.2467781439883865,10.0,3.9402503904344863,3.0,4.0,2.0,3.0,5.0,3.0,3.0,3.0,10.0,1.0,9.0,4.97650989328116,0,5.6938394113679,1,0,0,False,False,True,False,False,True,False,False,True,23.0,57.49999999999999,7.0,23.333333333333332,20.812971465577128,69.37657155192376,10.0,33.33333333333333,66.66666666666667,54.21914288798094,1
25.0,1,1,6.55,46.048287092113455,6.069983245668851,7.0,4.0,3.157385296820122,6.954565086828774,3.246591971091908,2.0,6.0,9.0,8.0,6.0,10.0,3.0,10.0,1.0,8.0,2.0,4.8350910816747374,1,2.9411872015076392,1,0,0,False,False,True,False,False,False,True,False,False,14.0,35.0,19.0,63.33333333333333,20.550587818916746,68.50195939638915,21.0,70.0,30.0,49.20882318243062,1
17.0,1,1,6.55,48.43142345080516,4.4676467208740265,7.0,2.0,4.217928958100015,6.626248147031992,7.224599202869707,1.0,2.0,6.0,9.0,7.0,8.0,9.0,8.0,3.0,10.0,9.0,3.371959469655945,1,3.757636065021349,1,0,0,False,False,False,True,False,True,False,False,False,22.0,55.00000000000001,10.0,33.33333333333333,15.183719986062268,50.6123999535409,18.0,60.0,40.0,44.736433321718565,1
24.0,2,4,3.25,84.06954403666305,6.921837451095026,4.0,7.0,9.574763963793066,4.47301649926712,5.014316326772764,4.0,1.0,6.0,4.0,5.0,13.0,6.0,6.0,3.0,8.0,2.0,4.97650989328116,0,7.915016248719298,1,0,0,False,False,False,True,False,False,True,False,True,26.0,65.0,19.0,63.33333333333333,9.88393620870129,32.94645402900429,15.0,50.0,50.0,52.8199468405844,1
23.0,0,3,6.55,91.89811356582882,6.370275808796807,4.0,5.0,13.70193052702539,7.730063462095547,7.812424044765308,10.0,3.0,10.0,3.0,8.0,6.0,4.0,4.0,7.0,7.0,8.0,0.09607645565326,0,7.162384096743642,0,0,0,False,True,False,False,False,True,False,False,True,23.0,57.49999999999999,11.0,36.666666666666664,6.21570889030485,20.719029634349496,15.0,50.0,50.0,41.221424075254035,1
18.0,2,3,6.55,72.18097767397336,10.11147140970984,6.0,1.0,6.739710676541282,8.819127578893376,1.9653582058222483,2.0,5.0,4.0,2.0,1.0,2.0,6.0,1.0,3.0,6.0,3.0,6.7689075880602365,1,3.8827351179824263,1,1,1,False,False,False,True,False,False,True,False,False,20.0,50.0,14.0,46.666666666666664,20.114058696529845,67.04686232176616,15.0,50.0,50.0,53.4283822471082,1
24.0,0,3,7.55,57.34298397674675,7.041719671623973,5.0,2.0,6.179192882890575,1.114071840215361,3.9402503904344863,5.0,7.0,6.0,5.0,8.0,7.0,9.0,5.0,6.0,10.0,9.0,4.97650989328116,0,3.861063862219472,0,0,1,False,False,False,False,False,False,True,False,False,27.0,67.5,8.0,26.666666666666668,10.994628566890299,36.64876188963433,13.0,43.333333333333336,56.666666666666664,46.87052380574192,1
17.0,0,4,6.55,61.07893271519053,4.524998086619858,3.0,6.0,4.114642881662812,1.376512676998744,2.856446117184434,10.0,7.0,6.0,2.0,3.0,4.0,10.0,6.0,6.0,3.0,10.0,5.071405423806653,0,2.817210029565695,1,1,1,False,True,False,False,False,True,False,False,True,24.0,60.0,9.0,30.0,14.405423678151497,48.01807892717165,15.0,50.0,50.0,47.00451973179291,1
27.0,1,2,4.55,60.573359775763365,1.043745012770534,4.0,4.0,6.179192882890575,10.0,4.975739698403032,6.0,6.0,3.0,6.0,1.0,6.0,8.0,8.0,4.0,7.0,4.0,8.756351415232755,0,7.545320132472944,0,1,0,False,False,False,False,False,False,False,True,False,20.0,50.0,14.0,46.666666666666664,18.845067418706392,62.81689139568798,18.0,60.0,40.0,49.87088951558866,1
23.0,2,1,9.55,129.32149315324682,5.635787079979485,4.0,16.0,6.179192882890575,6.03312815382097,1.3960657075779226,1.0,6.0,6.0,10.0,9.0,7.0,9.0,4.0,6.0,4.0,22.0,4.78084021306207,1,7.300776968023237,0,0,0,True,False,False,False,False,False,False,False,False,28.0,70.0,8.0,26.666666666666668,18.457869563352475,61.52623187784159,17.0,56.666666666666664,43.333333333333336,50.3815579694604,1
25.0,1,4,8.55,54.57458030929899,9.024953250354953,2.0,2.0,8.246246467052263,10.0,3.9402503904344863,10.0,5.0,5.0,9.0,6.0,1.0,6.0,9.0,9.0,8.0,4.0,8.833669088420248,0,1.3204253525424852,1,0,0,False,False,False,True,False,False,True,False,False,17.0,42.5,10.0,33.33333333333333,17.81350314251325,59.37834380837751,18.0,60.0,40.0,43.802919285427706,1
25.0,2,4,6.55,76.53202567775398,4.323284636796127,1.0,2.0,9.42416151011246,9.028873784983356,7.826003472293204,10.0,5.0,1.0,3.0,8.0,3.0,2.0,7.0,7.0,5.0,3.0,0.6151922190898174,1,2.0170046564678943,1,0,1,True,False,False,False,False,False,False,True,True,15.0,37.5,10.0,33.33333333333333,11.778708802577691,39.26236267525897,6.0,20.0,80.0,47.52392400214808,1
18.0,0,4,1.45,94.02431911390404,2.825361906619973,4.0,6.0,4.631498410640152,5.102651387641239,11.771828406477926,20.0,1.0,15.0,4.0,10.0,6.0,6.0,16.0,1.0,6.0,1.0,16.796878889035874,0,3.123982172268577,0,0,0,False,False,False,True,False,False,False,False,False,7.0,17.5,19.0,63.33333333333333,8.69932457052316,28.997748568410536,19.0,63.33333333333333,36.66666666666667,36.624437142102636,0
23.0,1,4,7.55,58.42494478500047,11.17655663125144,6.0,8.0,3.650376886054353,2.659262051243828,3.9402503904344863,10.0,2.0,3.0,9.0,4.0,6.0,10.0,7.0,8.0,6.0,6.0,9.314848976912485,1,3.6584830645991886,1,1,0,False,False,False,True,False,False,False,False,False,27.0,67.5,18.0,60.0,15.06863477475499,50.22878258251663,18.0,60.0,40.0,54.43219564562916,1
26.0,1,4,3.25,51.20165784768473,9.858668405495909,9.0,1.0,5.222396927565641,10.0,3.58571180330456,9.0,6.0,4.0,1.0,2.0,10.0,3.0,4.0,4.0,6.0,2.0,9.136237316938889,0,4.337661142994568,1,0,1,False,True,False,False,False,False,True,False,False,23.0,57.49999999999999,18.0,60.0,21.191891269129798,70.63963756376599,13.0,43.333333333333336,56.666666666666664,61.20157605760816,1
19.0,0,4,3.8,90.31465998228548,7.659307433041736,5.0,5.0,5.500330419305633,7.429458828082259,2.761890462454032,2.0,0.0,9.0,7.0,6.0,6.0,6.0,5.0,8.0,6.0,9.0,3.3651965201417555,0,0.3091207221393635,0,0,0,False,False,False,True,False,False,False,True,False,25.0,62.5,11.0,36.666666666666664,19.167237946322594,63.89079315440864,20.0,66.66666666666666,33.33333333333334,49.09769828860216,1
23.0,1,1,3.8,206.05593424066328,1.6414001270462326,7.0,1.0,2.3189623158748995,3.1159228570534987,3.352100932148129,10.0,5.0,3.0,2.0,2.0,7.0,10.0,6.0,3.0,8.0,2.0,4.97650989328116,0,0.5448614770747868,0,1,0,False,False,False,True,False,False,True,False,False,24.0,60.0,16.0,53.333333333333336,17.44485960903047,58.14953203010157,13.0,43.333333333333336,56.666666666666664,57.03738300752539,1
28.0,0,1,9.55,95.85022189359464,1.7389060848740765,5.0,6.0,8.893572257596182,8.498182783242218,2.626306502120019,4.0,0.0,5.0,9.0,1.0,7.0,1.0,4.0,10.0,1.0,8.0,14.471219903207553,1,3.8827351179824263,0,1,1,False,False,False,False,False,True,False,False,False,24.0,60.0,13.0,43.333333333333336,16.978304023526018,56.59434674508673,23.0,76.66666666666667,23.33333333333333,45.815253352938356,1
26.0,1,4,7.55,79.1804268297067,1.2386350974693476,6.0,7.0,9.964738709339962,2.012533608133716,6.661678936039671,3.0,3.0,8.0,3.0,7.0,10.0,4.0,2.0,5.0,10.0,10.0,1.5735925897702483,1,3.8827351179824263,0,1,1,False,False,False,True,False,True,False,False,False,27.0,67.5,13.0,43.333333333333336,5.386115962754084,17.953719875846947,14.0,46.666666666666664,53.333333333333336,45.53009663562841,1
25.0,2,4,1.45,72.37137661075897,7.3955600027129185,1.0,6.0,9.38566954169218,10.0,7.144888985819985,1.0,5.0,6.0,6.0,7.0,8.0,6.0,9.0,3.0,1.0,6.0,5.460018209167805,0,5.93919786849177,0,1,0,False,False,False,False,False,False,False,False,False,18.0,45.0,11.0,36.666666666666664,13.469441472487837,44.89813824162612,15.0,50.0,50.0,44.141201227073196,1
20.0,1,2,7.55,72.4857636582998,1.386753557680032,9.0,9.0,6.179192882890575,1.9915108198087283,7.597261485677909,8.0,6.0,3.0,5.0,6.0,2.0,3.0,8.0,3.0,10.0,7.0,4.0745460832888885,1,4.344224096781626,1,0,0,True,False,False,False,False,True,False,False,True,10.0,25.0,21.0,70.0,8.215056451240244,27.383521504134144,12.0,40.0,60.0,45.595880376033534,1
28.0,1,4,8.55,76.86601929010573,24.3140855051833,1.0,3.0,9.940802427676328,3.5981379412028587,3.346898575262802,2.0,1.0,8.0,2.0,2.0,10.0,6.0,3.0,6.0,7.0,6.0,9.578549371270975,0,0.2278562486766766,1,1,0,False,True,False,False,False,False,False,True,True,29.0,72.5,8.0,26.666666666666668,10.310436938263729,34.368123127545765,18.0,60.0,40.0,43.38369744855311,1
17.0,1,1,8.55,68.81040651157537,11.915580021831865,5.0,8.0,9.26246745579909,2.005738859701129,4.369753627480739,8.0,1.0,5.0,9.0,5.0,6.0,6.0,7.0,4.0,3.0,4.0,4.159407298410988,0,0.546240926353863,1,1,0,False,False,False,True,False,True,False,False,False,19.0,47.5,19.0,63.33333333333333,8.3735177764213,27.911725921404333,19.0,63.33333333333333,36.66666666666667,43.85293148035109,1
18.0,1,1,4.55,75.93799817943253,4.396178216503984,8.0,3.0,7.506940965946538,6.626248147031992,4.615163368339911,1.0,6.0,6.0,6.0,1.0,10.0,6.0,7.0,6.0,8.0,6.0,3.703104585928414,0,5.039881384516659,1,1,1,False,False,False,False,True,True,False,False,True,25.0,62.5,15.0,50.0,14.504143812745543,48.34714604248514,21.0,70.0,30.0,47.71178651062129,1
17.0,0,3,3.8,50.82278613250428,5.444038163605169,2.0,7.0,6.767836053416357,6.762175690251009,5.2087054190267095,6.0,6.0,3.0,6.0,2.0,7.0,5.0,6.0,2.0,3.0,10.0,5.868034868844154,0,1.533820170879955,0,1,1,False,False,False,False,False,False,False,True,False,18.0,45.0,9.0,30.0,14.785634217807942,49.28544739269314,17.0,56.666666666666664,43.333333333333336,41.90469518150662,1
28.0,2,3,3.8,68.776825249845,8.540006123828144,9.0,5.0,3.2508009866949426,8.556887828153315,0.0196507271349837,4.0,3.0,8.0,9.0,5.0,1.0,6.0,3.0,6.0,6.0,5.0,5.277506350125817,1,3.8827351179824263,0,0,0,False,False,False,False,False,False,False,True,False,20.0,50.0,19.0,63.33333333333333,25.286436114323386,84.28812038107796,22.0,73.33333333333333,26.66666666666667,56.0720300952695,1
21.0,1,1,8.55,79.48555365638006,6.370275808796807,7.0,6.0,2.3902379725068217,9.673299616805489,6.741517371469349,3.0,1.0,4.0,8.0,5.0,2.0,9.0,9.0,1.0,6.0,2.0,4.521278228798311,1,3.8827351179824263,0,1,0,False,False,False,False,True,True,False,False,False,13.0,32.5,21.0,70.0,20.541544272829316,68.47181424276438,17.0,56.666666666666664,43.333333333333336,53.57628689402443,1
21.0,1,1,7.55,65.96238695492222,10.72912528267662,4.0,4.0,5.294646937500931,8.645608185623027,2.145125232259713,6.0,1.0,6.0,10.0,7.0,1.0,10.0,9.0,5.0,2.0,2.0,5.025896212305173,0,1.476438426370926,0,1,0,False,True,False,False,False,True,False,False,True,17.0,42.5,16.0,53.333333333333336,21.205836015862385,70.68612005287461,19.0,63.33333333333333,36.66666666666667,50.79653001321866,1
27.0,0,2,9.55,80.76684014899587,6.370275808796807,5.0,6.0,8.47059261672003,4.99838793239678,3.7773125499702616,10.0,1.0,5.0,5.0,5.0,1.0,6.0,6.0,6.0,7.0,8.0,0.9844748110924906,1,3.724044707061055,0,0,1,False,False,False,False,False,False,True,False,False,17.0,42.5,13.0,43.333333333333336,12.75048276570649,42.50160921902164,15.0,50.0,50.0,44.58373563808875,1
23.0,0,2,9.55,67.07147683323038,2.02886163068118,5.0,8.0,5.922367558391284,7.130165657517585,6.732546056361472,1.0,5.0,1.0,6.0,6.0,3.0,8.0,3.0,1.0,6.0,3.0,9.349147911840396,0,3.8827351179824263,0,1,1,False,False,False,True,False,True,False,False,False,19.0,47.5,20.0,66.66666666666666,14.47525204276483,48.25084014254943,11.0,36.666666666666664,63.333333333333336,56.43771003563736,1
25.0,2,1,6.55,72.37137661075897,9.055166382693509,9.0,3.0,4.930573645692659,10.0,3.9402503904344863,7.0,3.0,9.0,3.0,13.0,4.0,2.0,4.0,1.0,1.0,7.0,2.503587439555032,0,1.7975422193783723,1,1,1,False,False,False,False,False,False,False,False,False,13.0,32.5,15.0,50.0,21.129175963872854,70.43058654624285,9.0,30.0,70.0,55.732646636560716,1
25.0,1,4,3.25,58.21630282522554,6.370275808796807,2.0,6.0,2.873886913589998,5.263342773294612,9.857907960691396,6.0,5.0,8.0,5.0,5.0,5.0,13.0,5.0,7.0,6.0,6.0,5.701370629666126,0,7.655145791764096,0,1,1,False,False,True,False,False,False,False,True,True,30.0,75.0,12.0,40.0,12.53154789901322,41.771826330044064,18.0,60.0,40.0,49.192956582511016,1
19.0,2,3,3.8,64.65412353931528,1.5986231284814791,4.0,9.0,2.4140264727247054,3.77644805930936,0.1986658982878122,3.0,3.0,5.0,6.0,8.0,5.0,6.0,6.0,6.0,7.0,8.0,0.3547833499467079,1,1.8338843980692632,0,1,0,False,False,False,False,False,True,False,False,True,21.0,52.5,15.0,50.0,21.163755688296842,70.54585229432281,13.0,43.333333333333336,56.666666666666664,57.428129740247364,1
19.0,1,1,6.55,41.38537736093205,6.024774984018812,0.0,1.0,5.193433147388858,6.712512911170124,2.950033366247248,2.0,7.0,3.0,3.0,1.0,2.0,7.0,3.0,9.0,4.0,3.0,2.9566937503365534,1,3.652350837193501,1,1,0,False,False,True,False,False,False,True,False,False,25.0,62.5,8.0,26.666666666666668,18.569046397534017,61.89682132511339,15.0,50.0,50.0,50.26587199794501,1
19.0,2,4,7.55,72.37137661075897,9.369775573023547,1.0,9.0,2.7994030414698594,4.270687330263078,1.977685089064039,10.0,3.0,9.0,10.0,10.0,3.0,8.0,9.0,4.0,1.0,1.0,6.887017836948815,1,5.783680424916927,1,0,0,False,False,False,True,False,False,True,False,False,16.0,40.0,19.0,63.33333333333333,19.49359919972918,64.97866399909726,19.0,63.33333333333333,36.66666666666667,51.24466599977431,1
20.0,0,1,1.45,90.70633845881572,2.625368187152324,9.0,7.0,2.8283853819038622,3.8799875715806342,3.9402503904344863,3.0,1.0,7.0,2.0,7.0,8.0,22.0,5.0,3.0,21.0,6.0,4.573638305409965,1,6.195845668273472,0,1,1,False,False,False,True,False,False,False,False,False,38.0,95.0,20.0,66.66666666666666,17.111351799242286,57.037839330807614,12.0,40.0,60.0,69.67612649936856,1
24.0,1,3,3.25,111.98341393962586,10.455451628815997,2.0,2.0,5.16278739976517,10.0,3.9402503904344863,8.0,2.0,8.0,10.0,8.0,2.0,6.0,6.0,6.0,3.0,6.0,7.301664358159292,0,3.8827351179824263,0,1,0,False,False,False,False,False,False,True,False,True,18.0,45.0,8.0,26.666666666666668,20.896962209800343,69.65654069933449,20.0,66.66666666666666,33.33333333333334,43.664135174833625,1
22.0,2,3,9.55,42.76198816850312,0.6356612978444156,3.0,6.0,6.022747652021729,10.0,7.546801522715545,7.0,7.0,3.0,9.0,5.0,4.0,5.0,2.0,8.0,9.0,6.0,1.5541213685096522,1,3.8827351179824263,1,1,1,True,False,False,False,False,True,False,False,False,25.0,62.5,13.0,43.333333333333336,16.430450825262728,54.768169417542424,17.0,56.666666666666664,43.333333333333336,50.98370902105228,1
24.0,0,2,6.55,192.86392805167463,9.386341020816886,8.0,2.0,3.493463095796121,6.525483510238469,7.500140108015205,7.0,4.0,6.0,7.0,6.0,15.0,7.0,2.0,6.0,7.0,10.0,9.880691291540394,0,5.006994969808433,1,1,1,True,False,False,False,False,False,False,False,False,36.0,90.0,10.0,33.33333333333333,15.53188030642714,51.77293435475714,17.0,56.666666666666664,43.333333333333336,54.60990025535595,1
23.0,0,2,2.45,55.82189532706401,7.3898267974784435,0.0,5.0,7.477085490083495,9.577611701640942,3.9402503904344863,6.0,4.0,4.0,4.0,1.0,9.0,9.0,2.0,3.0,8.0,3.0,4.45725736815957,1,2.5779428768472386,1,0,1,False,False,False,False,True,True,False,False,False,29.0,72.5,12.0,40.0,18.160275821122962,60.53425273707654,17.0,56.666666666666664,43.333333333333336,54.09189651760247,1
24.0,2,2,7.55,72.37137661075897,3.7823921598521895,2.0,7.0,6.179192882890575,3.0579836881696534,0.7845741335859255,10.0,1.0,3.0,3.0,9.0,6.0,5.0,7.0,3.0,7.0,9.0,5.387889771611545,0,4.169493211492301,1,0,1,True,False,False,False,False,False,True,False,True,17.0,42.5,10.0,33.33333333333333,16.094216671693154,53.647388905643844,7.0,23.333333333333332,76.66666666666667,51.536847226410956,1
20.0,1,2,5.55,62.18515047838167,8.651190580102936,2.0,5.0,2.7353803019097285,7.024073143394326,0.0159618240518764,3.0,0.0,4.0,4.0,2.0,3.0,4.0,6.0,14.0,10.0,6.0,2.57582599234632,0,0.5173392682037594,1,0,1,False,False,True,False,False,True,False,False,False,25.0,62.5,11.0,36.666666666666664,24.27273101743272,80.9091033914424,16.0,53.333333333333336,46.666666666666664,56.68560918119393,1
27.0,1,3,6.55,84.31342243801339,9.388389541813916,5.0,2.0,7.096272996501722,7.998199369762325,6.3510646737097085,6.0,6.0,6.0,9.0,5.0,7.0,4.0,7.0,6.0,6.0,1.0,4.97650989328116,0,3.128994407198806,0,1,1,True,False,False,False,False,False,False,False,False,20.0,50.0,16.0,53.333333333333336,14.550861699550897,48.50287233183632,20.0,66.66666666666666,33.33333333333334,46.292384749625754,1
17.0,0,4,6.55,57.634995813433946,6.370275808796807,4.0,5.0,4.855558549561111,6.626248147031992,6.746392460730127,12.0,4.0,5.0,9.0,7.0,8.0,6.0,3.0,10.0,3.0,14.0,6.545880293688317,0,12.537182596576969,1,0,0,True,False,False,False,False,False,True,False,True,31.0,77.5,5.0,16.666666666666664,15.024297136740753,50.08099045580251,17.0,56.666666666666664,43.333333333333336,46.89524761395062,1
24.0,1,4,1.45,74.48219223516926,4.413296065851164,2.0,10.0,2.4185718166101298,2.2856823798301584,3.9402503904344863,6.0,3.0,8.0,6.0,8.0,4.0,9.0,4.0,7.0,8.0,4.0,3.4172687530500023,1,0.6657657431149735,0,1,1,True,False,False,False,False,True,False,False,True,26.0,65.0,18.0,60.0,15.926860172785542,53.08953390928514,16.0,53.333333333333336,46.666666666666664,56.18905014398795,1
20.0,1,4,6.55,64.93359966622853,8.23220083175946,3.0,6.0,9.583852637337538,9.07510255000985,1.7470608916222332,4.0,7.0,6.0,6.0,10.0,1.0,1.0,6.0,9.0,2.0,3.0,7.185479302294927,0,3.7851417046235696,1,0,0,False,False,False,False,False,True,False,False,False,15.0,37.5,16.0,53.333333333333336,17.74418902105008,59.147296736833596,12.0,40.0,60.0,52.495157517541735,1
22.0,1,1,7.55,47.06583953659711,7.23139532321629,6.0,5.0,6.569575656845357,10.0,5.865171743393992,7.0,2.0,2.0,9.0,4.0,19.0,1.0,6.0,6.0,4.0,6.0,2.858589720847754,0,3.495937642623799,1,1,1,False,False,False,False,True,False,False,False,True,30.0,75.0,15.0,50.0,17.56525259976065,58.55084199920218,17.0,56.666666666666664,43.333333333333336,56.72104383313388,1
24.0,0,2,2.45,59.81722074952661,6.302472833485062,2.0,2.0,5.821762952245098,7.987488804796047,4.152515339449555,10.0,1.0,7.0,6.0,6.0,4.0,1.0,1.0,8.0,10.0,7.0,7.654588711951739,1,5.055071604191244,1,1,1,False,True,False,False,False,False,False,True,False,22.0,55.00000000000001,7.0,23.333333333333332,18.013210513101395,60.044035043671315,17.0,56.666666666666664,43.333333333333336,45.4276754275845,1
20.0,2,2,2.45,72.37137661075897,10.684997689860454,8.0,6.0,17.659686520742582,2.8607710177851007,5.123963003728837,10.0,6.0,8.0,5.0,1.0,6.0,4.0,6.0,6.0,4.0,6.0,6.749627260708,1,7.885281095388182,0,0,0,False,False,False,False,True,False,True,False,True,20.0,50.0,18.0,60.0,0.07712149331368234,0.25707164437894114,22.0,73.33333333333333,26.66666666666667,34.2309345777614,0
19.0,1,3,1.45,76.72023383988673,0.0380077696608038,7.0,6.0,9.4939234345098,1.8200768383339727,4.850328080472196,10.0,2.0,4.0,3.0,7.0,7.0,6.0,10.0,2.0,6.0,6.0,4.97650989328116,1,7.794453336124571,1,1,0,False,False,True,False,False,False,True,False,True,15.0,37.5,17.0,56.666666666666664,7.475825323351977,24.91941774450659,10.0,33.33333333333333,66.66666666666667,46.43818776945998,1
25.0,0,3,3.8,47.18670279301366,3.385339273243172,1.0,2.0,6.179192882890575,4.317642989919268,4.385595148703724,1.0,5.0,3.0,1.0,6.0,2.0,8.0,10.0,3.0,3.0,4.0,0.5003368693708665,1,3.917101757382272,1,1,0,False,False,False,False,False,True,False,False,False,13.0,32.5,9.0,30.0,13.752854958324967,45.842849861083224,8.0,26.666666666666668,73.33333333333333,45.41904579860414,1
19.0,0,1,5.55,49.79934458285851,6.459326874537961,4.0,6.0,6.179192882890575,1.406891230354614,2.3383551942240244,6.0,2.0,8.0,4.0,9.0,6.0,5.0,2.0,14.0,1.0,1.0,9.302120747073396,1,1.5074770108863191,0,0,0,False,False,False,True,False,True,False,False,True,33.0,82.5,19.0,63.33333333333333,12.889343153240013,42.96447717746671,13.0,43.333333333333336,56.666666666666664,61.36611929436667,1
25.0,2,4,4.55,153.3725648415814,2.139519139638628,3.0,7.0,8.648639414194122,10.0,2.147699697054413,7.0,3.0,6.0,1.0,1.0,4.0,10.0,7.0,5.0,10.0,2.0,2.3519023270556403,0,3.8827351179824263,1,0,1,False,False,False,True,False,False,False,True,True,22.0,55.00000000000001,18.0,60.0,19.203660888751465,64.01220296250489,16.0,53.333333333333336,46.666666666666664,56.419717407292886,1
29.0,1,4,3.8,88.80492485925214,25.817259901903203,4.0,1.0,2.435222357420792,8.7336648407723,3.8926417931781705,1.0,1.0,6.0,1.0,1.0,6.0,4.0,5.0,6.0,8.0,5.0,5.77185873334897,1,6.782982390081882,0,1,1,True,False,False,False,False,True,False,False,False,21.0,52.5,10.0,33.33333333333333,22.405800690173336,74.6860023005778,16.0,53.333333333333336,46.666666666666664,51.79650057514444,1
18.0,1,3,6.55,72.37137661075897,7.771141411356185,2.0,1.0,7.695552921426182,7.200575271006922,3.792292067888635,2.0,3.0,7.0,6.0,7.0,9.0,8.0,1.0,6.0,9.0,9.0,2.9785319786599085,0,2.758125846125915,0,0,0,True,False,False,False,False,True,False,False,False,32.0,80.0,4.0,13.333333333333334,15.712730281692107,52.375767605640355,16.0,53.333333333333336,46.666666666666664,48.09394190141008,1
18.0,2,2,6.55,75.71864511060701,5.734595935583879,9.0,6.0,2.503743054396616,10.0,2.416421625343971,9.0,2.0,10.0,5.0,9.0,7.0,7.0,6.0,2.0,7.0,5.0,12.790294545569823,1,2.7287669545738824,1,1,0,False,False,False,True,False,False,True,False,False,20.0,50.0,20.0,66.66666666666666,25.079835320259413,83.59945106753138,16.0,53.333333333333336,46.666666666666664,61.73319610021617,1
18.0,1,4,6.55,50.23861532512632,9.776421108799855,0.0,7.0,6.757385971119206,2.211028497470782,2.10984926432295,9.0,3.0,8.0,7.0,5.0,2.0,6.0,2.0,6.0,9.0,8.0,4.97650989328116,0,6.471541885089088,0,1,0,False,False,False,True,False,False,False,False,False,22.0,55.00000000000001,9.0,30.0,13.343793262028626,44.47931087342875,20.0,66.66666666666666,33.33333333333334,40.70316105169052,1
22.0,0,4,6.55,58.68258021431943,12.160823259729868,7.0,5.0,7.353894217109392,8.859057248636365,7.634459273127759,6.0,1.0,5.0,6.0,4.0,8.0,2.0,2.0,7.0,6.0,10.0,0.7430643615931742,1,5.024615933121815,1,1,0,False,False,False,False,False,False,False,True,False,25.0,62.5,12.0,40.0,13.870703758399213,46.235679194664044,17.0,56.666666666666664,43.333333333333336,48.01725313199935,1
19.0,0,4,2.45,41.21621234038316,6.703836143160114,8.0,15.0,4.936469506807758,2.6129542762649254,6.898964037963043,4.0,1.0,7.0,1.0,6.0,6.0,6.0,10.0,4.0,3.0,2.0,0.5001876323792298,1,3.24238413813263,0,0,1,False,False,False,True,False,False,True,False,False,16.0,40.0,31.0,103.33333333333334,10.777520731494125,35.925069104980416,12.0,40.0,60.0,59.81460060957844,1
29.0,2,2,6.55,86.09655686797134,0.0330119466470519,7.0,8.0,9.046299973261265,6.626248147031992,3.9402503904344863,6.0,4.0,9.0,8.0,6.0,9.0,2.0,10.0,9.0,9.0,5.0,16.741007178073456,1,3.8827351179824263,1,1,0,False,True,False,False,False,False,False,False,False,20.0,50.0,20.0,66.66666666666666,13.639697783336242,45.46565927778747,21.0,70.0,30.0,48.03308148611353,1
25.0,1,1,2.45,64.06058918637801,8.445214225325564,3.0,6.0,8.404093655739779,4.953221267046374,1.7142701494160528,5.0,0.0,8.0,6.0,2.0,7.0,6.0,4.0,8.0,1.0,1.0,7.680448925551964,0,4.756468023060672,1,0,1,False,False,False,False,True,True,False,False,False,27.0,67.5,18.0,60.0,14.834857461890543,49.449524872968475,22.0,73.33333333333333,26.66666666666667,50.90404788490879,1
23.0,0,4,3.8,88.96753441923724,1.665485668211637,1.0,3.0,9.407677708971171,10.0,1.514328279886409,6.0,5.0,5.0,8.0,5.0,5.0,9.0,2.0,6.0,1.0,2.0,2.6158471284733564,0,1.2895962339869662,1,0,0,False,False,False,True,False,True,False,False,True,28.0,70.0,12.0,40.0,19.07799401114242,63.593313370474725,18.0,60.0,40.0,53.39832834261868,1
17.0,0,2,1.45,82.50237976136358,8.276264167947492,3.0,7.0,4.519116213047854,5.844767231238429,6.474632146384787,6.0,0.0,4.0,6.0,4.0,8.0,9.0,10.0,10.0,6.0,3.0,4.913796823863419,0,3.817272907224148,1,0,0,False,False,False,True,False,False,True,False,False,27.0,67.5,17.0,56.666666666666664,14.851018871805788,49.503396239352625,16.0,53.333333333333336,46.666666666666664,55.08418239317148,1
20.0,1,4,4.55,89.72465594370861,5.748323507708806,8.0,4.0,2.172222400494487,1.538952658451188,3.9402503904344863,2.0,7.0,3.0,6.0,3.0,12.0,6.0,6.0,3.0,4.0,8.0,4.97650989328116,1,4.185030635184294,0,0,0,False,False,False,True,False,False,False,True,True,25.0,62.5,14.0,46.666666666666664,15.426479867522215,51.42159955840738,16.0,53.333333333333336,46.666666666666664,51.81373322293518,1
17.0,0,3,1.45,57.139520174972965,3.6210906870027695,9.0,1.0,6.179192882890575,7.419981130803171,4.0282874860402895,6.0,2.0,6.0,10.0,5.0,1.0,6.0,5.0,8.0,3.0,10.0,5.438613482446783,0,7.962814294290924,1,0,1,False,True,False,False,False,False,True,False,True,20.0,50.0,10.0,33.33333333333333,17.212500761872306,57.375002539574346,21.0,70.0,30.0,42.67708396822692,1
21.0,1,4,3.8,51.10652382567071,5.613988072460909,4.0,8.0,5.699665291018212,3.1968547274582093,1.771374294162026,3.0,3.0,4.0,6.0,7.0,5.0,10.0,10.0,10.0,1.0,3.0,4.19291833079254,1,2.0210338471053984,0,0,1,False,False,False,False,True,False,True,False,False,25.0,62.5,19.0,63.33333333333333,15.725815142277972,52.419383807593235,13.0,43.333333333333336,56.666666666666664,58.729845951898305,1
20.0,1,4,8.55,98.31434095910024,2.515558655416154,4.0,5.0,5.737248324536445,1.0752005128574358,3.0245582693612167,7.0,3.0,4.0,2.0,6.0,7.0,6.0,21.0,1.0,7.0,4.0,0.3757759831931517,1,1.9831273104600289,1,0,0,False,True,False,False,False,True,False,False,True,3.0,7.5,15.0,50.0,12.313393918959774,41.04464639653258,10.0,33.33333333333333,66.66666666666667,41.30282826579982,1
24.0,1,3,7.55,83.03966722245218,24.539171860069533,4.0,8.0,8.538569374912246,9.342243738884106,6.827633819276344,4.0,2.0,7.0,6.0,3.0,10.0,5.0,3.0,9.0,4.0,6.0,5.847819954177124,1,6.08684598092538,1,0,0,False,False,True,False,False,False,False,True,False,31.0,77.5,16.0,53.333333333333336,13.976040544695515,46.58680181565172,20.0,66.66666666666666,33.33333333333334,52.6883671205796,1
24.0,2,2,5.55,90.04253607560022,6.370275808796807,9.0,13.0,3.729081429402326,2.703493868118506,3.9402503904344863,8.0,4.0,6.0,4.0,6.0,7.0,8.0,2.0,10.0,6.0,9.0,8.816545113772953,1,2.6808575396395584,0,1,0,False,True,False,False,False,False,True,False,True,33.0,82.5,23.0,76.66666666666667,15.034162048281694,50.11387349427231,14.0,46.666666666666664,53.333333333333336,65.65346837356807,1
23.0,2,4,7.55,40.78800242259602,10.385004423553443,2.0,6.0,4.49527010229059,10.0,7.973434007054348,1.0,0.0,5.0,6.0,5.0,3.0,9.0,6.0,9.0,6.0,4.0,5.428129646324481,0,0.449735468995815,0,1,0,False,False,False,True,False,False,False,False,False,25.0,62.5,14.0,46.666666666666664,17.531295890655063,58.43765296885021,16.0,53.333333333333336,46.666666666666664,53.56774657554588,1
19.0,2,1,6.55,61.2676972177532,6.136305464800211,5.0,8.0,5.512639890702313,10.0,7.551234240120653,9.0,3.0,1.0,9.0,3.0,5.0,5.0,2.0,10.0,6.0,9.0,7.817804888565128,1,7.663550643370258,1,0,1,False,False,True,False,False,False,False,False,False,28.0,70.0,14.0,46.666666666666664,16.936125869177033,56.453752897256784,17.0,56.666666666666664,43.333333333333336,54.113438224314194,1
17.0,1,4,6.55,84.5690014346399,7.4273579536658065,6.0,13.0,4.174598801323528,1.9569540479470424,5.3700057950858815,6.0,0.0,5.0,9.0,1.0,8.0,6.0,6.0,21.0,1.0,8.0,8.859774157386065,1,3.8827351179824263,0,1,0,False,True,False,False,False,True,False,False,False,39.0,97.5,21.0,70.0,12.412349451537633,41.37449817179211,23.0,76.66666666666667,23.33333333333333,58.051957876281364,1
17.0,1,4,7.55,44.678969979399,3.6312674509044456,9.0,3.0,5.690571384022629,6.626248147031992,3.453807953581131,3.0,3.0,6.0,4.0,6.0,9.0,4.0,5.0,10.0,7.0,6.0,4.073180831077706,0,7.354806246494515,0,1,0,True,False,False,False,False,True,False,False,True,28.0,70.0,16.0,53.333333333333336,17.48186880942823,58.272896031427436,14.0,46.666666666666664,53.333333333333336,58.734890674523534,1
28.0,2,2,6.55,74.04039577413613,11.600371401531856,8.0,4.0,2.076773155956213,7.719291009858285,0.4615390023355354,5.0,3.0,1.0,1.0,6.0,9.0,1.0,8.0,4.0,6.0,3.0,4.115824653184271,1,6.502002242922296,1,1,1,False,True,False,False,False,True,False,False,False,16.0,40.0,19.0,63.33333333333333,25.180978851566536,83.93659617188845,6.0,20.0,80.0,66.81748237630545,1
27.0,0,2,3.8,65.74436604730019,3.382211502233878,6.0,7.0,3.697503782010618,4.719240008533246,4.865328908027836,10.0,3.0,3.0,1.0,3.0,10.0,1.0,1.0,6.0,5.0,2.0,9.213888406126635,1,4.88621191471175,0,1,1,False,False,True,False,False,False,False,True,True,26.0,65.0,21.0,70.0,16.156407318494793,53.854691061649305,11.0,36.666666666666664,63.333333333333336,63.04700609874566,1
19.0,1,4,4.55,41.05699042846644,7.066535965683652,2.0,4.0,8.660426877303804,6.853573561540022,1.6854452960323654,1.0,6.0,6.0,6.0,4.0,5.0,5.0,20.0,6.0,10.0,8.0,3.4061712866024574,1,7.052626355614996,0,0,1,False,True,False,False,False,False,True,False,True,6.0,15.0,8.0,26.666666666666668,16.507701388203852,55.025671294012845,18.0,60.0,40.0,34.17308449016988,0
22.0,0,3,9.55,54.158534627167086,11.921000461285546,6.0,6.0,5.307855668104006,9.79463251256007,3.9402503904344863,3.0,1.0,7.0,2.0,5.0,2.0,3.0,12.0,10.0,6.0,8.0,6.615070566782312,1,1.566208118017718,1,1,0,False,True,False,False,False,False,True,False,False,13.0,32.5,14.0,46.666666666666664,20.546526454021578,68.48842151340526,14.0,46.666666666666664,53.333333333333336,50.247105378351314,1
23.0,0,3,5.55,57.08751934400286,10.57313275660135,0.0,2.0,7.0912461419355175,9.718616590613085,4.391191034797762,4.0,7.0,6.0,1.0,10.0,8.0,6.0,3.0,5.0,8.0,6.0,6.19897116225809,0,1.499306176699965,0,1,1,False,False,False,True,False,False,False,False,True,26.0,65.0,6.0,20.0,18.236179413879803,60.787264712932675,7.0,23.333333333333332,76.66666666666667,55.613482844899835,1
22.0,1,3,5.55,46.71159678077935,6.435957903433273,1.0,16.0,3.858303421084339,6.626248147031992,5.868013463169096,2.0,7.0,7.0,10.0,9.0,7.0,4.0,10.0,6.0,7.0,7.0,4.851718685107401,0,3.55040802976788,1,0,1,False,False,True,False,False,False,False,False,True,17.0,42.5,20.0,66.66666666666666,16.89993126277856,56.33310420926186,18.0,60.0,40.0,51.374942718982126,1
22.0,1,2,8.55,77.89221458455962,6.370275808796807,3.0,3.0,7.199029315589328,10.0,5.387960277496209,6.0,5.0,6.0,2.0,4.0,4.0,4.0,10.0,7.0,3.0,8.0,6.419805148996787,1,7.972030785743855,1,1,0,False,True,False,False,False,True,False,False,False,15.0,37.5,8.0,26.666666666666668,17.413010406914463,58.04336802304822,14.0,46.666666666666664,53.333333333333336,43.88584200576206,1
22.0,0,2,9.55,54.54387257511334,8.416438340791375,6.0,10.0,9.999790941170057,3.192967607356859,2.778649534650664,10.0,3.0,2.0,7.0,9.0,5.0,4.0,10.0,9.0,10.0,7.0,7.031408888419618,1,0.0736460942933057,0,1,0,False,False,False,False,True,True,False,False,True,18.0,45.0,19.0,63.33333333333333,10.414527131536138,34.71509043845379,10.0,33.33333333333333,66.66666666666667,52.428772609613446,1
29.0,0,4,2.45,56.657169977163306,2.504404993701712,8.0,7.0,6.76230111517444,2.949656374061156,6.072688401700994,4.0,6.0,3.0,4.0,5.0,10.0,6.0,1.0,7.0,10.0,3.0,9.24811018654195,1,1.136753438325921,0,0,1,False,False,False,True,False,False,False,True,False,32.0,80.0,22.0,73.33333333333333,10.114666857185723,33.715556190619075,12.0,40.0,60.0,61.7622223809881,1
19.0,2,1,6.55,93.89431589200883,4.867154525229677,4.0,3.0,7.026868501135271,9.792844678787736,6.747001950952159,14.0,2.0,7.0,7.0,3.0,10.0,6.0,2.0,1.0,2.0,4.0,8.007634933542718,1,5.751120589976769,1,1,0,False,False,False,False,True,False,True,False,False,25.0,62.5,13.0,43.333333333333336,16.01897422670031,53.3965807556677,21.0,70.0,30.0,47.307478522250264,1
22.0,2,2,3.25,68.02738556158837,4.013920008138612,7.0,3.0,2.89215859569598,4.529782808505972,5.953043490949154,6.0,6.0,6.0,7.0,7.0,2.0,6.0,1.0,9.0,9.0,5.0,4.97650989328116,1,2.066639846328931,1,1,0,False,False,True,False,False,False,True,False,False,26.0,65.0,15.0,50.0,15.684580721860838,52.281935739536124,16.0,53.333333333333336,46.666666666666664,53.487150601550695,1
24.0,1,4,2.45,63.52768881815634,4.12816449925427,6.0,4.0,5.227051773327877,6.634006544236927,6.2144542425943765,6.0,0.0,1.0,4.0,8.0,9.0,6.0,3.0,6.0,18.0,6.0,4.321415121921976,0,4.435389595605478,0,1,0,True,False,False,False,False,False,False,True,False,28.0,70.0,14.0,46.666666666666664,15.192500528314673,50.64166842771558,7.0,23.333333333333332,76.66666666666667,60.99375044026223,1
27.0,2,4,5.55,83.43226229888303,9.125477272318395,4.0,10.0,8.885799187863118,9.183473635915002,2.880124317333853,3.0,2.0,10.0,14.0,9.0,6.0,8.0,1.0,2.0,9.0,6.0,20.806421655123238,1,5.713859794145131,1,1,0,False,False,False,False,True,False,True,False,False,25.0,62.5,18.0,60.0,17.41755013071803,58.05850043572677,25.0,83.33333333333334,16.666666666666657,49.30629177559836,1
27.0,2,1,3.8,94.57682781297471,7.011155127273524,2.0,6.0,8.674175789266659,5.355255952237826,7.549503461985896,6.0,0.0,7.0,9.0,9.0,9.0,4.0,10.0,10.0,4.0,3.0,2.709224513191332,1,6.724162902131468,0,1,1,False,False,False,True,False,False,True,False,True,23.0,57.49999999999999,15.0,50.0,9.13157670098527,30.438589003284232,17.0,56.666666666666664,43.333333333333336,45.31798058415439,1
23.0,2,3,4.55,41.50218017424663,0.4571125390743424,2.0,1.0,6.179192882890575,2.431785302136347,3.396576946848609,6.0,3.0,2.0,10.0,6.0,19.0,8.0,6.0,9.0,6.0,6.0,3.2484775498199414,1,4.4541629741235935,0,0,0,False,False,False,False,False,False,False,False,True,40.0,100.0,7.0,23.333333333333332,12.856015472397164,42.85338490799055,16.0,53.333333333333336,46.666666666666664,53.213346226997636,1
23.0,2,4,4.55,66.89433079332379,10.529381803811711,5.0,6.0,9.22763319790218,8.474029219660208,7.176401748371715,1.0,7.0,18.0,10.0,9.0,1.0,10.0,10.0,1.0,8.0,3.0,6.891215126027665,1,0.807323355123641,1,0,0,False,False,False,True,False,False,True,False,False,12.0,30.0,18.0,60.0,12.069994273386312,40.233314244621035,29.0,96.66666666666667,3.3333333333333286,33.39166189448859,0
23.0,1,4,3.25,76.64688136467683,3.5615536857619747,9.0,8.0,6.179192882890575,9.98875325532753,14.225992426153743,2.0,7.0,7.0,3.0,3.0,9.0,9.0,6.0,5.0,5.0,5.0,1.1077951241159567,0,3.8827351179824263,1,1,0,False,False,False,False,True,False,False,False,True,27.0,67.5,22.0,73.33333333333333,9.583567946283212,31.945226487610707,17.0,56.666666666666664,43.333333333333336,54.02797328856934,1
28.0,1,4,3.8,59.113785887559374,6.370275808796807,3.0,8.0,7.265515237292202,1.140770119389561,0.9946478030274272,10.0,0.0,4.0,1.0,2.0,9.0,6.0,1.0,9.0,4.0,12.0,7.871988577218304,1,4.008489050454963,1,1,1,False,False,False,False,False,True,False,False,False,33.0,82.5,9.0,30.0,12.880607079069932,42.93535693023311,13.0,43.333333333333336,56.666666666666664,53.025505899224946,1
23.0,2,3,3.25,86.3444633273945,11.45028876401743,4.0,6.0,7.912358959464679,7.188073278175192,7.7301644767329405,6.0,3.0,6.0,8.0,17.0,18.0,8.0,1.0,1.0,9.0,2.0,9.48368550159748,1,5.55282036806764,0,0,1,False,False,True,False,False,False,False,True,False,36.0,90.0,18.0,60.0,11.545549841977572,38.485166139925234,7.0,23.333333333333332,76.66666666666667,66.28795820164798,1
21.0,0,3,6.55,72.37137661075897,11.286368600183582,3.0,6.0,7.164491240841893,6.163456016373201,19.762261285364996,2.0,3.0,9.0,4.0,7.0,1.0,9.0,4.0,2.0,9.0,4.0,6.431580087716164,1,0.4573861570925057,1,1,1,False,False,False,True,False,True,False,False,True,18.0,45.0,15.0,50.0,-0.7632965098336886,-2.5443216994456286,16.0,53.333333333333336,46.666666666666664,34.78058624180526,0
28.0,0,1,1.45,96.605641975017,9.733531248767685,4.0,3.0,2.6991975128415664,3.8555560718002,4.849172133832005,2.0,0.0,5.0,9.0,17.0,4.0,6.0,4.0,7.0,2.0,4.0,0.7223712188360232,1,0.0284238977903914,0,1,0,True,False,False,False,False,False,False,False,False,23.0,57.49999999999999,13.0,43.333333333333336,16.307186425126627,54.35728808375543,7.0,23.333333333333332,76.66666666666667,57.96432202093885,1
29.0,1,2,5.55,72.37137661075897,2.647359980202511,9.0,2.0,9.54887276083951,2.77131423831921,6.264880406879585,4.0,6.0,3.0,8.0,6.0,6.0,8.0,8.0,10.0,1.0,3.0,2.3852330869050933,0,7.256379469805404,1,1,1,False,False,False,False,False,False,False,False,True,26.0,65.0,18.0,60.0,6.957561070600115,23.191870235333717,15.0,50.0,50.0,49.54796755883343,1
19.0,2,3,3.8,72.37137661075897,6.391592928345384,4.0,7.0,6.179192882890575,6.626248147031992,3.9402503904344863,8.0,6.0,6.0,7.0,3.0,4.0,4.0,22.0,2.0,8.0,8.0,0.9750930030680692,1,4.547397649340008,0,1,0,False,False,False,False,False,False,False,True,True,-2.0,-5.0,13.0,43.333333333333336,16.50680487370693,55.02268291235644,20.0,66.66666666666666,33.33333333333334,31.67233739475578,0
20.0,2,2,1.45,97.44943186127328,2.691631521899695,6.0,8.0,3.6076925191671263,8.97470502647182,3.9402503904344863,6.0,6.0,6.0,9.0,16.0,9.0,5.0,7.0,6.0,9.0,6.0,4.97650989328116,1,1.4293684186826183,1,1,1,False,False,False,True,False,False,False,False,True,23.0,57.49999999999999,18.0,60.0,21.426762116870208,71.42254038956736,9.0,30.0,70.0,64.73063509739184,1
19.0,1,2,1.45,67.51770924588796,7.377968254498809,3.0,10.0,6.179192882890575,6.898146475579817,7.439920194383852,8.0,6.0,9.0,2.0,1.0,4.0,10.0,7.0,9.0,4.0,1.0,9.39550083202573,1,5.636691854563509,0,1,0,False,False,False,True,False,False,True,False,False,26.0,65.0,22.0,73.33333333333333,13.27903339830539,44.26344466101797,20.0,66.66666666666666,33.33333333333334,53.98252783192115,1
17.0,2,3,4.55,52.4978633850815,18.150048602186263,2.0,6.0,8.07316512429977,10.0,5.018929102072863,4.0,1.0,2.0,4.0,3.0,10.0,6.0,9.0,23.0,6.0,9.0,3.5920648511128417,0,5.658836038532845,0,0,1,False,False,False,False,False,False,False,False,False,40.0,100.0,9.0,30.0,16.907905773627366,56.359685912091216,13.0,43.333333333333336,56.666666666666664,60.756588144689466,1
17.0,2,4,6.55,72.37137661075897,0.4900025442367606,2.0,5.0,6.179192882890575,3.675538780773688,6.627651202954265,3.0,3.0,10.0,5.0,2.0,8.0,5.0,8.0,8.0,7.0,3.0,1.8436487597137885,0,7.318671369421537,1,1,1,False,False,False,True,False,False,False,False,True,23.0,57.49999999999999,14.0,46.666666666666664,10.868694694928848,36.228982316429494,23.0,76.66666666666667,23.33333333333333,40.932245579107374,1
28.0,0,4,9.55,57.06521943422749,11.633502801848492,2.0,17.0,2.746642461711817,10.0,4.325778184158986,7.0,6.0,5.0,5.0,6.0,2.0,9.0,6.0,2.0,6.0,4.0,6.615682275246476,1,6.135608084542383,0,1,1,False,False,False,True,False,True,False,False,True,17.0,42.5,25.0,83.33333333333334,22.9275793541292,76.425264513764,14.0,46.666666666666664,53.333333333333336,63.89798279510767,1
28.0,1,2,6.55,56.03481850426314,6.370275808796807,8.0,1.0,4.814238128765599,6.666205152722109,4.244368315148131,7.0,2.0,9.0,1.0,8.0,7.0,2.0,4.0,10.0,5.0,10.0,8.99647823994836,1,6.7096804025736265,1,0,1,False,False,True,False,False,False,True,False,False,25.0,62.5,9.0,30.0,17.607598708808382,58.691995696027945,12.0,40.0,60.0,52.79799892400699,1
29.0,2,4,6.55,92.75494258466708,4.569210865892638,2.0,9.0,3.086034729561856,2.606290154138974,7.18014564595688,2.0,2.0,10.0,9.0,3.0,8.0,6.0,8.0,6.0,5.0,10.0,0.3449435401389011,0,6.68302712143039,1,1,0,False,False,False,True,False,False,False,True,True,22.0,55.00000000000001,11.0,36.666666666666664,12.340109778620239,41.133699262067466,26.0,86.66666666666667,13.333333333333329,36.53342481551687,0
21.0,2,3,8.55,72.37137661075897,6.185069376082957,2.0,6.0,6.525693640833834,2.6299694696922247,4.059776051878203,1.0,2.0,7.0,9.0,6.0,6.0,10.0,11.0,3.0,10.0,7.0,6.684190686562413,1,3.8827351179824263,0,0,1,False,False,True,False,False,False,False,False,False,18.0,45.0,11.0,36.666666666666664,12.044499776980187,40.14833258993396,20.0,66.66666666666666,33.33333333333334,38.787083147483486,0
22.0,1,2,3.8,43.86357678797418,5.593433031213108,7.0,4.0,5.39291927658732,7.694247895391735,3.7743150489663657,8.0,2.0,5.0,5.0,17.0,10.0,2.0,5.0,8.0,6.0,5.0,2.890901285502622,0,3.8827351179824263,0,1,0,False,False,False,True,False,False,False,False,True,25.0,62.5,16.0,53.333333333333336,18.52701356983805,61.75671189946017,3.0,10.0,90.0,66.89751130819837,1
19.0,0,4,6.55,56.15118641030124,10.586397343409637,3.0,2.0,5.699394704807244,10.0,4.865510467427131,6.0,3.0,8.0,10.0,1.0,6.0,8.0,6.0,8.0,7.0,4.0,3.7407042356403175,1,0.2827399824237098,1,0,0,False,False,False,True,False,False,True,False,True,26.0,65.0,11.0,36.666666666666664,19.435094827765624,64.78364942588541,27.0,90.0,10.0,44.11257902313802,1
28.0,2,2,6.55,76.41672477029223,8.263222515793332,4.0,11.0,6.34290781872966,9.22482677778866,4.148559849298866,6.0,3.0,2.0,3.0,4.0,8.0,8.0,8.0,6.0,2.0,6.0,2.372456628753299,1,0.3420865679206688,0,1,0,True,False,False,False,False,False,True,False,True,24.0,60.0,19.0,63.33333333333333,18.733359109760134,62.44453036586711,11.0,36.666666666666664,63.333333333333336,62.27779925813345,1
25.0,1,4,4.55,47.38527120419623,3.3373349690922773,2.0,5.0,9.856417167540812,8.211900768991597,3.570295649107618,7.0,4.0,4.0,8.0,5.0,3.0,5.0,6.0,7.0,10.0,5.0,9.060913698609156,0,7.04976457101143,1,1,1,False,False,False,False,True,False,False,False,False,19.0,47.5,12.0,40.0,14.785187952343168,49.28395984114389,17.0,56.666666666666664,43.333333333333336,45.029323293619306,1
21.0,1,4,5.55,68.29568033660763,5.3620950535835625,7.0,2.0,8.341085331208872,2.8931886873706274,1.444190625822363,6.0,4.0,6.0,7.0,6.0,2.0,10.0,9.0,1.0,9.0,16.0,8.860221935918087,0,0.4086438771967708,0,1,0,False,False,True,False,False,False,True,False,False,14.0,35.0,3.0,10.0,13.107912730339393,43.693042434464644,17.0,56.666666666666664,43.333333333333336,33.0065939419495,0
24.0,0,4,7.55,77.64022662551919,5.1475917082411655,2.0,7.0,7.035771959862806,4.150025845291056,3.1792038970650776,6.0,6.0,7.0,5.0,1.0,9.0,6.0,4.0,8.0,4.0,2.0,6.048007488560048,0,4.391306962536751,1,1,0,False,False,False,True,False,False,False,True,False,29.0,72.5,17.0,56.666666666666664,13.935049988363172,46.45016662787724,21.0,70.0,30.0,51.40420832363597,1
23.0,0,2,4.55,90.92421955559044,11.512022019407024,4.0,3.0,6.179192882890575,1.002728260793253,2.256365606674751,7.0,4.0,8.0,1.0,6.0,8.0,5.0,10.0,7.0,5.0,6.0,0.1608030348531208,1,7.429174801518047,1,1,0,False,False,False,False,True,False,True,False,True,20.0,50.0,11.0,36.666666666666664,12.567169771227928,41.890565904093094,13.0,43.333333333333336,56.666666666666664,46.305974809356606,1
17.0,2,2,3.25,53.79217547213526,2.103730926175676,0.0,8.0,2.216554825095721,2.119732473573298,3.9402503904344863,5.0,5.0,4.0,7.0,5.0,10.0,4.0,1.0,5.0,2.0,6.0,9.465767186313265,1,1.6438045622099953,0,0,1,False,False,True,False,False,False,False,True,True,28.0,70.0,12.0,40.0,15.962927258043091,53.20975752681031,16.0,53.333333333333336,46.666666666666664,52.46910604836924,1
23.0,0,1,5.55,89.04077940296736,1.0749160475331485,4.0,4.0,2.932220885750014,9.430032682317224,4.745266362503874,3.0,6.0,9.0,1.0,9.0,5.0,9.0,10.0,5.0,3.0,1.0,4.674122521788381,1,3.541543168693642,1,1,1,False,True,False,False,False,False,False,True,True,19.0,47.5,17.0,56.666666666666664,21.752545434063336,72.50848478021112,11.0,36.666666666666664,63.333333333333336,60.00212119505278,1
19.0,2,1,2.45,54.09437566787432,10.567425985940282,5.0,5.0,7.84693800431507,10.0,4.870813896779285,2.0,4.0,7.0,6.0,7.0,5.0,8.0,6.0,2.0,5.0,6.0,4.889412798106026,1,5.18105719303895,0,1,0,False,True,False,False,False,False,True,False,False,19.0,47.5,14.0,46.666666666666664,17.282248098905644,57.607493663018815,16.0,53.333333333333336,46.666666666666664,49.61020674908803,1
28.0,1,4,7.55,80.60599247437844,6.370275808796807,6.0,3.0,4.953631425935383,3.643855047409604,1.9092918263416692,7.0,0.0,2.0,9.0,5.0,6.0,6.0,6.0,1.0,1.0,8.0,4.97650989328116,1,3.8827351179824263,1,1,0,False,False,False,False,False,False,False,True,False,17.0,42.5,11.0,36.666666666666664,16.780931795132553,55.93643931710851,16.0,53.333333333333336,46.666666666666664,45.44244316261045,1
17.0,1,4,7.55,65.8404142889473,10.460869054945976,1.0,5.0,4.675499486741159,9.743836644950946,0.6758291729277248,8.0,5.0,6.0,11.0,9.0,6.0,2.0,4.0,9.0,1.0,4.0,6.137068397809177,1,2.909031724771162,1,1,1,True,False,False,False,False,False,True,False,False,23.0,57.49999999999999,12.0,40.0,24.392507985282062,81.30835995094021,18.0,60.0,40.0,54.70208998773505,1
20.0,2,3,3.25,46.88087454272021,6.131722987506676,1.0,9.0,9.111826868726794,3.1873364216877915,5.955501512273307,8.0,3.0,7.0,7.0,5.0,2.0,2.0,9.0,10.0,1.0,7.0,1.2140425630446006,0,6.30105514346384,1,1,1,False,True,False,False,False,True,False,False,True,15.0,37.5,13.0,43.333333333333336,8.12000804068769,27.06669346895897,19.0,63.33333333333333,36.66666666666667,36.14167336723975,0
29.0,0,4,7.55,82.85580776931093,7.916933139233525,8.0,2.0,6.179192882890575,6.626248147031992,3.9402503904344863,3.0,2.0,5.0,13.0,10.0,7.0,2.0,6.0,3.0,6.0,10.0,1.0536096484091928,1,3.275451164414503,1,0,0,False,False,True,False,False,False,False,False,False,16.0,40.0,10.0,33.33333333333333,16.50680487370693,55.02268291235644,18.0,60.0,40.0,42.08900406142244,1
21.0,1,1,8.55,53.06575711294107,6.760356570731807,9.0,20.0,9.196616459304876,3.4657390383142297,3.5368107970959706,2.0,0.0,3.0,17.0,9.0,3.0,10.0,6.0,5.0,10.0,6.0,2.521362516703447,1,3.0887408184286125,0,0,1,False,False,False,False,True,False,False,False,True,22.0,55.00000000000001,33.0,110.00000000000001,10.732311781913383,35.77437260637794,21.0,70.0,30.0,57.69359315159449,1
23.0,0,1,6.55,50.59740556147549,0.833373912652811,0.0,10.0,9.093108083217595,1.5690289995408842,1.0367637504363405,6.0,5.0,9.0,7.0,5.0,8.0,8.0,6.0,8.0,4.0,6.0,4.97650989328116,0,0.1727357501067139,0,1,0,False,False,False,True,False,True,False,False,True,28.0,70.0,14.0,46.666666666666664,11.439157165886947,38.13052388628982,21.0,70.0,30.0,46.199297638239116,1
17.0,1,1,4.55,61.49937571536299,7.150018762808669,1.0,8.0,2.641450333716436,3.1346739491018125,3.317310007575058,6.0,3.0,6.0,5.0,1.0,9.0,6.0,1.0,7.0,4.0,10.0,8.329794316251633,1,6.916546624008773,1,1,1,False,False,False,False,True,True,False,False,True,31.0,77.5,9.0,30.0,17.175913607810315,57.25304535936772,20.0,66.66666666666666,33.33333333333334,49.521594673175265,1
19.0,2,2,5.55,79.19741468556902,0.1633697670732106,1.0,3.0,9.562903827468286,10.0,6.545403332964395,10.0,1.0,3.0,8.0,7.0,3.0,1.0,6.0,6.0,3.0,7.0,0.3945619609741446,1,7.995169001193996,1,1,1,False,False,False,False,False,False,True,False,True,14.0,35.0,7.0,23.333333333333332,13.89169283956732,46.305642798557734,14.0,46.666666666666664,53.333333333333336,39.4930773663061,0
18.0,2,2,6.55,54.03978872743767,3.899848914685034,9.0,4.0,2.6156390688604594,5.460166869271191,4.651485035716435,3.0,2.0,5.0,2.0,5.0,6.0,10.0,6.0,10.0,2.0,9.0,9.459791231445042,1,5.946259889923441,1,0,0,False,False,False,False,True,False,False,True,True,30.0,75.0,14.0,46.666666666666664,18.193042764694297,60.64347588231433,12.0,40.0,60.0,60.57753563724525,1
25.0,2,4,3.25,51.019692326913145,6.370275808796807,6.0,10.0,6.179192882890575,4.404130552824787,0.7278041018873154,5.0,3.0,3.0,6.0,5.0,8.0,4.0,6.0,10.0,4.0,2.0,2.075214358306261,1,7.767894477545258,0,1,1,False,True,False,False,False,False,True,False,False,26.0,65.0,24.0,80.0,17.4971335680469,58.32377856015633,14.0,46.666666666666664,53.333333333333336,64.1642779733724,1
26.0,1,4,4.55,40.59721754280186,3.648543235629691,5.0,2.0,5.620919340795123,6.661978142082536,2.658201065018876,1.0,3.0,3.0,4.0,6.0,6.0,3.0,6.0,10.0,2.0,10.0,8.576346476790055,0,3.964001745699561,1,0,1,False,False,False,False,True,True,False,False,False,23.0,57.49999999999999,7.0,23.333333333333332,18.382857736268537,61.276192454228465,11.0,36.666666666666664,63.333333333333336,51.36071478022378,1
23.0,0,3,1.45,68.29858582610342,11.277919711730974,8.0,10.0,8.086885406036611,10.0,14.910646395450668,2.0,6.0,7.0,7.0,6.0,6.0,10.0,1.0,4.0,7.0,8.0,2.3724322224909846,0,4.652953450597517,0,0,1,False,True,False,False,False,True,False,False,True,29.0,72.5,20.0,66.66666666666666,7.002468198512721,23.34156066170907,18.0,60.0,40.0,50.627056832093935,1
26.0,1,3,9.55,72.37137661075897,3.001607485790931,6.0,9.0,7.649154937518827,10.0,3.9402503904344863,9.0,6.0,9.0,6.0,6.0,3.0,7.0,6.0,10.0,10.0,6.0,4.97650989328116,1,7.077042352828137,0,0,0,False,True,False,False,False,False,True,False,False,24.0,60.0,19.0,63.33333333333333,18.410594672046688,61.3686489068223,19.0,63.33333333333333,36.66666666666667,55.34216222670558,1
19.0,0,2,4.55,54.03206461824258,3.7747468855383897,2.0,6.0,6.147959794596228,9.880854997643914,2.2911686367672197,6.0,1.0,5.0,6.0,8.0,4.0,10.0,1.0,4.0,6.0,4.0,3.421171909118966,0,4.1917599155972045,0,0,0,True,False,False,False,False,False,False,True,True,27.0,67.5,14.0,46.666666666666664,21.441726566280465,71.47242188760156,13.0,43.333333333333336,56.666666666666664,60.576438805233714,1
24.0,1,4,6.55,98.3152966876982,7.540889957262642,2.0,9.0,6.955638550685146,10.0,7.307557969615364,10.0,2.0,11.0,5.0,6.0,9.0,5.0,4.0,10.0,6.0,8.0,4.97650989328116,1,0.5718405126441635,1,1,1,False,False,False,False,False,False,False,True,True,30.0,75.0,13.0,43.333333333333336,15.73680347969949,52.456011598998295,20.0,66.66666666666666,33.33333333333334,51.03066956641624,1
24.0,1,1,1.45,65.75535247575021,9.139523673471537,4.0,7.0,9.599345451993557,7.131696408339735,4.8564460576219135,3.0,4.0,4.0,5.0,10.0,1.0,1.0,9.0,6.0,2.0,10.0,7.304262136095864,1,5.907261680471088,0,0,1,False,False,True,False,False,False,True,False,False,9.0,22.5,11.0,36.666666666666664,12.675904898724266,42.253016329080886,9.0,30.0,70.0,42.85492074893689,1
18.0,1,2,6.55,87.29230666429788,6.016653216058609,7.0,6.0,9.418811925305922,8.461735915934383,5.839258675993188,8.0,2.0,6.0,2.0,3.0,4.0,6.0,6.0,10.0,6.0,6.0,8.078683780933135,1,1.1120317080188675,1,0,0,False,False,False,True,False,True,False,False,True,24.0,60.0,17.0,56.666666666666664,13.203665314635273,44.012217715450916,15.0,50.0,50.0,52.6697210955294,1
22.0,1,3,1.45,82.91692787963062,10.585388246329863,0.0,3.0,7.234608402072695,2.833440126113138,1.177764045744957,21.0,3.0,8.0,7.0,6.0,10.0,6.0,2.0,4.0,10.0,9.0,2.98739955639006,0,3.8827351179824263,1,1,0,False,False,False,True,False,True,False,False,False,28.0,70.0,4.0,13.333333333333334,14.421067678295486,48.07022559431829,19.0,63.33333333333333,36.66666666666667,42.01755639857957,1
23.0,1,3,6.55,91.64769339161022,0.482885059327431,1.0,7.0,7.261749431476201,9.28064332960846,1.2519449127915203,8.0,3.0,10.0,7.0,1.0,1.0,10.0,10.0,7.0,8.0,2.0,4.97650989328116,1,6.755660932693124,0,0,1,False,False,False,False,False,False,True,False,True,18.0,45.0,16.0,53.333333333333336,20.76694898534074,69.22316328446914,26.0,86.66666666666667,13.333333333333329,45.222457487783956,1
18.0,0,4,9.55,40.57496126278934,11.066338063612449,6.0,3.0,3.975509547134704,3.5956822228180068,4.490512162630844,15.0,7.0,7.0,8.0,5.0,8.0,18.0,3.0,6.0,2.0,6.0,4.574906953688272,0,2.2211788585846515,0,0,0,False,False,True,False,False,False,False,True,False,39.0,97.5,13.0,43.333333333333336,15.12966051305246,50.43220171017487,20.0,66.66666666666666,33.33333333333334,56.14971709421039,1
27.0,1,4,2.45,97.9851590082759,2.3556935987448964,0.0,6.0,8.62898795774499,2.6041622050759385,1.918586548600273,8.0,1.0,3.0,10.0,5.0,7.0,7.0,4.0,7.0,6.0,10.0,11.124440548696793,1,3.8827351179824263,0,1,0,False,False,False,True,False,True,False,False,True,27.0,67.5,6.0,20.0,12.056587698730677,40.18862566243559,18.0,60.0,40.0,41.922156415608896,1
26.0,1,3,9.55,60.4847351576469,10.61086494101587,3.0,8.0,7.060826664016615,1.4604528361307756,0.3946566922267811,2.0,2.0,2.0,9.0,10.0,7.0,9.0,2.0,3.0,9.0,6.0,6.452940576469902,0,3.8827351179824263,0,1,1,False,False,False,True,False,True,False,False,True,27.0,67.5,15.0,50.0,14.004969479887379,46.6832315996246,11.0,36.666666666666664,63.333333333333336,56.87914123323949,1
18.0,0,2,4.55,99.42386776551788,4.810358153836566,8.0,5.0,8.609990335987444,6.194532745621619,7.411723519805339,2.0,3.0,7.0,6.0,9.0,2.0,1.0,2.0,8.0,3.0,6.0,9.298720247154364,0,7.745359112909556,1,1,0,False,False,False,False,False,True,False,False,False,19.0,47.5,17.0,56.666666666666664,10.172818889828836,33.90939629942945,14.0,46.666666666666664,53.333333333333336,47.852349074857365,1
26.0,1,3,5.55,55.15716763610648,9.993084670452452,7.0,3.0,7.262819282303813,4.1546818559228536,0.4479163889166662,4.0,0.0,6.0,3.0,2.0,10.0,6.0,6.0,5.0,4.0,12.0,3.279961572676907,1,0.8388265973699989,0,1,0,False,False,False,True,False,False,False,False,True,25.0,62.5,8.0,26.666666666666668,16.443946184702373,54.81315394900791,17.0,56.666666666666664,43.333333333333336,46.82828848725198,1
17.0,1,4,8.55,72.37137661075897,8.059986597644341,7.0,6.0,4.39456020825292,10.0,5.739503093565322,8.0,6.0,1.0,3.0,7.0,6.0,8.0,10.0,9.0,8.0,7.0,1.1004355170632496,1,2.3575992645386705,1,0,1,False,False,False,False,False,False,True,False,True,23.0,57.49999999999999,16.0,53.333333333333336,19.86593669818176,66.2197889939392,7.0,23.333333333333332,76.66666666666667,63.42994724848481,1
24.0,0,3,6.55,61.23566059451822,2.1112995897391453,2.0,8.0,3.515851221846506,3.748177322173943,3.9402503904344863,2.0,1.0,3.0,2.0,9.0,8.0,4.0,5.0,4.0,2.0,9.0,7.882787882538066,0,6.329451013167865,0,1,0,False,False,False,False,False,True,False,False,False,21.0,52.5,11.0,36.666666666666664,16.292075709892952,54.30691903297651,6.0,20.0,80.0,55.86839642491079,1
17.0,2,2,5.55,61.34564289965816,11.016570838577382,4.0,10.0,2.615726753785244,10.0,7.468039720882477,4.0,4.0,4.0,10.0,8.0,8.0,10.0,6.0,5.0,2.0,1.0,8.127940878223523,0,5.387567968675609,0,0,1,False,False,False,False,True,True,False,False,False,27.0,67.5,23.0,76.66666666666667,19.916233525332277,66.38744508444093,16.0,53.333333333333336,46.666666666666664,64.30519460444357,1
25.0,2,1,4.55,90.53692592489296,2.946208685861516,3.0,3.0,6.687959458081015,4.4808264604446055,3.9402503904344863,8.0,3.0,10.0,6.0,1.0,5.0,9.0,9.0,6.0,1.0,3.0,0.2611067943641387,0,10.992592979246536,0,0,1,False,False,False,True,False,True,False,False,False,21.0,52.5,13.0,43.333333333333336,13.852616611929104,46.17538870643035,25.0,83.33333333333334,16.666666666666657,39.668847176607585,0
27.0,2,2,5.55,84.78513638424033,2.929681424339989,7.0,6.0,4.27241086006988,9.240395375436536,2.6834452106485296,3.0,2.0,7.0,10.0,1.0,8.0,4.0,7.0,14.0,2.0,2.0,1.2613070499019683,0,6.9794500914246935,0,1,1,False,False,False,False,False,False,False,False,True,29.0,72.5,21.0,70.0,22.284539304718127,74.28179768239376,26.0,86.66666666666667,13.333333333333329,57.528782753931765,1
22.0,2,2,3.8,99.52908611380288,9.770146759648568,6.0,9.0,7.044076116726514,8.258254410766757,4.728854556827696,8.0,5.0,3.0,2.0,2.0,2.0,16.0,9.0,4.0,9.0,5.0,8.322027881526367,1,2.1779745400075887,1,1,0,False,False,False,True,False,False,False,True,True,23.0,57.49999999999999,20.0,66.66666666666666,16.485323737212546,54.951079124041826,13.0,43.333333333333336,56.666666666666664,58.946103114343785,1
23.0,1,4,1.45,76.81088096305075,3.11566125038776,6.0,10.0,2.469251559070172,7.179619101278505,6.183878036567614,2.0,2.0,4.0,7.0,1.0,4.0,9.0,1.0,9.0,5.0,10.0,6.0060547907835655,0,7.778999644391261,1,1,0,True,False,False,False,False,False,False,True,False,31.0,77.5,16.0,53.333333333333336,18.526489505640722,61.75496501880241,20.0,66.66666666666666,33.33333333333334,56.480407921367274,1
29.0,2,2,8.55,67.79539626367016,2.664430876445524,9.0,10.0,5.005304520045017,5.585074377995115,0.9872747998662827,1.0,3.0,16.0,3.0,8.0,10.0,4.0,2.0,8.0,4.0,16.0,4.528275363037453,0,6.075843349930985,1,0,0,False,True,False,False,False,False,True,False,True,30.0,75.0,13.0,43.333333333333336,19.592495058083813,65.30831686027938,21.0,70.0,30.0,53.41041254840318,1
26.0,0,4,4.55,45.40443177681347,6.044130881052748,9.0,6.0,4.084425722958205,8.382155141290523,5.675698430983328,6.0,2.0,4.0,1.0,7.0,2.0,9.0,5.0,2.0,2.0,5.0,8.267046975547732,1,7.582681606248303,0,0,0,False,False,False,False,True,True,False,False,False,18.0,45.0,20.0,66.66666666666666,18.622030987348992,62.07343662449664,8.0,26.666666666666668,73.33333333333333,61.76835915612415,1
23.0,1,4,7.55,99.7936851708314,9.965724344239492,6.0,6.0,4.9626726240089045,5.480061852385444,7.249579875325286,8.0,5.0,9.0,8.0,6.0,5.0,1.0,6.0,6.0,2.0,8.0,2.4600469910458536,0,0.8714262428727029,1,1,1,False,False,False,True,False,True,False,False,False,16.0,40.0,14.0,46.666666666666664,13.267809353051256,44.226031176837516,21.0,70.0,30.0,40.223174460876045,1
23.0,2,4,6.55,73.09183917593697,1.7698076968472098,0.0,8.0,6.179192882890575,7.029102577600518,2.3570969973883056,22.0,4.0,6.0,8.0,2.0,3.0,8.0,7.0,4.0,6.0,3.0,3.248783264249513,0,3.8827351179824263,1,0,0,False,False,False,False,True,False,False,True,True,18.0,45.0,15.0,50.0,18.49281269732164,61.642708991072126,22.0,73.33333333333333,26.66666666666667,45.82734391443471,1
19.0,0,1,7.55,82.0286481814085,6.572018814148157,6.0,7.0,7.793451350667572,7.487819105195658,6.7096807306268,10.0,2.0,2.0,10.0,9.0,6.0,2.0,18.0,5.0,7.0,10.0,7.735190803506654,0,6.531176452992932,0,1,0,False,False,False,False,False,False,False,True,True,5.0,12.5,13.0,43.333333333333336,12.984687023901287,43.28229007967096,13.0,43.333333333333336,56.666666666666664,38.94557251991774,0
18.0,1,3,1.45,72.37137661075897,6.370275808796807,3.0,9.0,2.933578665143786,3.940907420408364,0.9248277813674955,8.0,2.0,1.0,1.0,1.0,7.0,8.0,6.0,10.0,4.0,1.0,5.910327063478308,1,0.7138832354924745,1,1,1,True,False,False,False,False,False,True,False,True,29.0,72.5,21.0,70.0,20.082500973897083,66.94166991299028,11.0,36.666666666666664,63.333333333333336,68.1937508115809,1
25.0,1,2,8.55,72.86294249075415,10.327142696591416,2.0,4.0,6.179192882890575,4.737101250359288,4.546413572338156,2.0,6.0,6.0,6.0,1.0,6.0,5.0,9.0,9.0,7.0,4.0,2.084186590739713,1,3.8833403180848007,1,1,0,False,False,False,True,False,False,False,False,False,21.0,52.5,12.0,40.0,14.011494795130556,46.704982650435184,21.0,70.0,30.0,42.30124566260879,1
23.0,2,4,1.45,96.55466391357322,11.226786722426636,4.0,3.0,9.570312811114668,6.626248147031992,2.7149093542383893,1.0,3.0,3.0,4.0,2.0,2.0,1.0,3.0,4.0,6.0,3.0,8.93981735279897,1,6.381507167447565,1,0,0,False,False,False,True,False,False,True,False,True,14.0,35.0,14.0,46.666666666666664,14.341025981678936,47.803419938929785,15.0,50.0,50.0,44.86752165139911,1
23.0,1,1,3.25,49.98516627589616,9.41567897362719,1.0,10.0,3.543011058920399,10.0,3.9402503904344863,7.0,3.0,6.0,5.0,7.0,2.0,6.0,5.0,5.0,8.0,8.0,9.94344488081936,0,0.3951948927284219,1,0,0,False,False,True,False,False,False,True,False,True,18.0,45.0,13.0,43.333333333333336,22.516738550645115,75.05579516881706,14.0,46.666666666666664,53.333333333333336,54.18061545887094,1
23.0,0,3,7.55,57.54235505981528,7.833940778664022,7.0,5.0,8.624490387563686,9.31581458730698,2.405057476835736,7.0,3.0,4.0,8.0,10.0,4.0,6.0,6.0,7.0,3.0,8.0,1.445522294850069,1,5.740479061714281,1,1,0,False,True,False,False,False,False,True,False,False,21.0,52.5,14.0,46.666666666666664,18.286266722907556,60.95422240969185,12.0,40.0,60.0,55.03022226908963,1
26.0,1,4,1.45,49.12358366668194,5.20344102375319,8.0,1.0,9.715764798056997,3.018834986332146,2.08431497290774,3.0,0.0,3.0,8.0,1.0,7.0,1.0,10.0,6.0,7.0,8.0,2.9651815755716795,1,7.747453124988022,0,1,1,False,True,False,False,False,False,False,False,False,14.0,35.0,11.0,36.666666666666664,11.218755215367409,37.39585071789136,20.0,66.66666666666666,33.33333333333334,35.59896267947284,0
23.0,0,4,1.45,87.53295422828648,6.370275808796807,4.0,5.0,6.272969596550095,4.9825329500941455,5.945113519261892,6.0,0.0,9.0,7.0,3.0,8.0,2.0,7.0,6.0,7.0,3.0,7.494628145544997,0,3.8827351179824263,0,0,0,False,False,False,False,True,False,True,False,False,19.0,47.5,16.0,53.333333333333336,12.764449834282157,42.548166114273855,23.0,76.66666666666667,23.33333333333333,41.67870819523513,1
25.0,1,3,5.55,43.722715625309775,8.516846310306255,2.0,3.0,6.208945280380371,5.631764313099313,3.9402503904344863,7.0,6.0,6.0,5.0,10.0,15.0,3.0,19.0,3.0,3.0,8.0,1.2345892043097506,1,7.343445433095433,0,1,0,False,True,False,False,False,False,True,False,True,12.0,30.0,7.0,23.333333333333332,15.482568642284456,51.60856214094819,11.0,36.666666666666664,63.333333333333336,42.06880720190372,1
20.0,2,2,4.55,44.8978989910803,11.912847653705844,9.0,1.0,4.939337959867277,4.678165612000969,3.2673043533622854,9.0,3.0,6.0,6.0,8.0,10.0,2.0,4.0,6.0,5.0,6.0,4.645689312943494,0,3.3534611167790773,0,1,1,False,False,False,True,False,False,True,False,False,24.0,60.0,14.0,46.666666666666664,16.471523298771405,54.90507766257136,14.0,46.666666666666664,53.333333333333336,53.72626941564284,1
29.0,0,2,5.55,57.90964676724212,8.841127136785198,4.0,17.0,5.404758918203159,9.780670872666986,2.1964566345346217,1.0,1.0,6.0,8.0,7.0,1.0,9.0,1.0,9.0,2.0,8.0,2.1842912292338577,1,0.1937111619847762,0,1,0,False,False,False,True,False,True,False,False,True,28.0,70.0,23.0,76.66666666666667,22.179455319929204,73.93151773309735,17.0,56.666666666666664,43.333333333333336,65.98287943327433,1
20.0,1,4,3.25,70.85129085526067,0.2005331248527153,0.0,5.0,5.856603175626721,8.979627767270337,1.909080672945373,3.0,1.0,3.0,5.0,8.0,9.0,10.0,8.0,6.0,9.0,20.0,6.64386785202633,0,2.785020566106951,1,0,0,True,False,False,False,False,False,False,False,True,27.0,67.5,-5.0,-16.666666666666664,21.21394391869824,70.71314639566081,10.0,33.33333333333333,66.66666666666667,47.05328659891521,1
17.0,1,3,9.55,64.37648803357519,5.9551197365020645,9.0,5.0,3.2167552297650337,6.626248147031992,5.016768888165766,5.0,3.0,6.0,3.0,6.0,6.0,6.0,10.0,3.0,5.0,6.0,3.5978967340605017,1,2.432328403073828,1,1,0,True,False,False,False,False,True,False,False,False,15.0,37.5,18.0,60.0,18.392724029101196,61.309080097003985,13.0,43.333333333333336,56.666666666666664,53.86893669091766,1
24.0,1,4,9.55,82.96157606831514,7.375759589794846,2.0,10.0,4.917893791522873,10.0,0.3634289300641802,6.0,5.0,4.0,9.0,8.0,1.0,9.0,1.0,1.0,4.0,1.0,8.481632553821655,1,3.8827351179824263,1,0,0,False,False,False,True,False,True,False,False,True,20.0,50.0,21.0,70.0,24.718677278412947,82.39559092804316,15.0,50.0,50.0,63.09889773201079,1
28.0,0,4,5.55,97.44949347225707,8.276090413234117,8.0,6.0,8.528867540875563,7.546663814904172,6.311189896029669,8.0,5.0,2.0,9.0,6.0,9.0,5.0,1.0,6.0,10.0,4.0,4.582693872136013,1,6.629444449145868,1,0,0,False,False,False,False,False,False,False,True,True,29.0,72.5,20.0,66.66666666666666,12.70660637799894,42.3553545933298,15.0,50.0,50.0,57.88050531499911,1
19.0,0,3,2.45,97.17217122148504,6.370275808796807,1.0,1.0,3.45918495665178,7.7598776193085985,3.9402503904344863,10.0,2.0,3.0,10.0,9.0,6.0,4.0,9.0,6.0,11.0,1.0,5.365147537480332,0,3.618874615983608,1,1,1,False,False,False,True,False,False,True,False,True,17.0,42.5,11.0,36.666666666666664,20.360442272222333,67.86814090740776,14.0,46.666666666666664,53.333333333333336,50.09203522685194,1
23.0,0,4,7.55,56.76137939444559,6.697301294598288,8.0,7.0,7.838825975632923,8.94127531611956,6.627499168858714,6.0,7.0,4.0,6.0,10.0,8.0,2.0,10.0,1.0,6.0,6.0,8.889962583351837,1,2.464918857121745,0,1,1,True,False,False,False,False,True,False,False,False,11.0,27.500000000000004,19.0,63.33333333333333,14.474950171627922,48.24983390542641,10.0,33.33333333333333,66.66666666666667,51.437458476356596,1
28.0,2,3,5.55,83.89153691611489,2.6803239928108837,0.0,5.0,7.212692802145526,8.49355854115745,3.9402503904344863,2.0,7.0,1.0,19.0,1.0,10.0,4.0,15.0,5.0,7.0,9.0,7.685756311269442,0,2.480866730623843,1,0,1,False,False,False,False,True,False,True,False,False,14.0,35.0,6.0,20.0,17.340615348577437,57.802051161924794,29.0,96.66666666666667,3.3333333333333286,29.03384612381453,0
18.0,2,3,6.55,74.71452468299343,11.30640793771856,3.0,3.0,2.458382202261273,10.0,9.327893906881146,6.0,3.0,7.0,4.0,7.0,10.0,8.0,3.0,1.0,3.0,6.0,8.088435715719168,1,7.936864587762645,1,1,0,False,False,True,False,False,False,True,False,False,26.0,65.0,10.0,33.33333333333333,18.21372389085758,60.71241296952527,14.0,46.666666666666664,53.333333333333336,53.09476990904798,1
18.0,0,3,3.8,54.248601700337446,8.359997611963943,9.0,4.0,2.1794309475014435,6.626248147031992,3.9402503904344863,10.0,3.0,5.0,6.0,6.0,2.0,2.0,9.0,6.0,10.0,2.0,0.1249540377359825,0,4.950545597466789,1,1,1,False,False,False,True,False,False,True,False,True,11.0,27.500000000000004,21.0,70.0,20.506566809096064,68.35522269698689,15.0,50.0,50.0,53.96380567424672,1
23.0,1,3,6.55,55.73029310449692,2.8420804424329136,5.0,3.0,4.820227700626792,2.325044781266893,0.6144318173256238,5.0,0.0,9.0,7.0,8.0,7.0,8.0,6.0,3.0,1.0,4.0,4.97650989328116,0,0.3327575240459284,1,0,0,False,False,False,False,False,True,False,False,False,22.0,55.00000000000001,14.0,46.666666666666664,16.890385263314478,56.30128421104826,18.0,60.0,40.0,49.491987719428735,1
22.0,2,1,3.25,69.46919045862703,3.8678619872432742,6.0,8.0,6.179192882890575,10.0,6.019811137698654,9.0,3.0,6.0,8.0,2.0,20.0,2.0,10.0,6.0,10.0,4.0,4.97650989328116,1,7.10335943515523,1,1,0,False,False,False,False,True,True,False,False,False,28.0,70.0,20.0,66.66666666666666,17.80099597941077,59.336653264702576,22.0,73.33333333333333,26.66666666666667,55.667496649508976,1
19.0,1,3,3.25,72.37137661075897,11.063132047564435,4.0,4.0,4.6433434188852925,8.514092193313227,6.097497883195587,10.0,4.0,8.0,6.0,1.0,7.0,1.0,1.0,4.0,6.0,10.0,8.836938608857082,1,5.8134749464492685,0,1,0,False,False,False,True,False,False,False,False,True,21.0,52.5,8.0,26.666666666666668,17.773250891232347,59.24416963744116,23.0,76.66666666666667,23.33333333333333,40.43604240936028,1
25.0,1,2,5.55,87.77170165353398,10.64982224048803,8.0,3.0,7.341866404803951,2.398605184089891,3.9402503904344863,9.0,7.0,9.0,5.0,1.0,23.0,4.0,7.0,8.0,8.0,5.0,0.3826447012502254,0,1.6938031829583355,0,0,1,False,False,False,False,True,False,False,True,False,38.0,95.0,16.0,53.333333333333336,11.116488388851455,37.05496129617151,23.0,76.66666666666667,23.33333333333333,52.18040699070954,1
23.0,1,2,8.55,88.45069577830893,8.874300814192846,3.0,2.0,7.3236651442238525,6.626248147031992,7.328368151664938,6.0,7.0,6.0,6.0,2.0,4.0,6.0,5.0,3.0,8.0,5.0,8.447402891262373,0,3.8827351179824263,0,1,0,False,False,False,True,False,False,True,False,False,18.0,45.0,10.0,33.33333333333333,11.974214851143202,39.91404950381067,20.0,66.66666666666666,33.33333333333334,37.89517904261933,0
29.0,1,2,1.45,68.8877750582431,0.4596866638974117,4.0,3.0,8.45243698099415,6.626248147031992,6.111758374133799,3.0,1.0,7.0,7.0,5.0,5.0,2.0,4.0,8.0,3.0,8.0,1.3549871825084236,0,3.8827351179824263,1,0,1,False,False,False,False,True,False,False,True,False,21.0,52.5,9.0,30.0,12.062052791904044,40.20684263968015,19.0,63.33333333333333,36.66666666666667,39.843377326586705,0
22.0,1,4,4.55,79.29088374334768,6.370275808796807,4.0,7.0,2.795884917630758,9.865757032401534,2.454058952987115,6.0,6.0,6.0,5.0,7.0,7.0,3.0,5.0,7.0,10.0,6.0,5.918472608147058,1,1.6636133687014754,0,0,0,False,True,False,False,False,False,False,True,True,22.0,55.00000000000001,15.0,50.0,24.61581316178366,82.05271053927886,14.0,46.666666666666664,53.333333333333336,60.09651096815305,1
26.0,1,2,1.45,51.35641001007253,3.4070194910206686,2.0,16.0,6.6170311294997095,10.0,1.9128715392432696,5.0,2.0,6.0,5.0,9.0,1.0,6.0,12.0,2.0,3.0,7.0,7.265308569465454,0,5.614635490875035,1,1,0,False,False,False,False,True,False,False,True,False,7.0,17.5,21.0,70.0,21.470097331257023,71.56699110419008,12.0,40.0,60.0,54.766747776047524,1
26.0,1,1,6.55,72.01045975098921,7.549466632067993,7.0,21.0,2.499976956586516,3.807662397198227,3.520716445710634,4.0,6.0,2.0,4.0,4.0,2.0,2.0,10.0,8.0,2.0,1.0,1.9754709781784097,0,2.937155506798502,0,1,0,False,True,False,False,False,False,False,False,False,12.0,30.0,37.0,123.33333333333334,17.786968994901077,59.28989664967026,12.0,40.0,60.0,68.1558074957509,1
22.0,2,4,3.25,59.07856296679729,7.010335624014742,0.0,5.0,3.4075771221867024,10.0,3.9402503904344863,2.0,1.0,5.0,1.0,9.0,2.0,9.0,7.0,1.0,8.0,1.0,1.666920150322737,0,3.8827351179824263,1,0,0,True,False,False,False,False,False,False,True,True,15.0,37.5,14.0,46.666666666666664,22.652172487378813,75.50724162459605,7.0,23.333333333333332,76.66666666666667,59.08514373948235,1
17.0,2,3,3.25,71.58481662369269,6.370275808796807,7.0,8.0,11.372356972325218,9.509175071583323,1.736184431316059,4.0,0.0,6.0,7.0,3.0,10.0,6.0,2.0,9.0,9.0,3.0,6.822876967739255,0,9.091583503321305,0,1,1,False,False,False,True,False,False,False,False,False,33.0,82.5,22.0,73.33333333333333,16.400633667942046,54.66877889314016,20.0,66.66666666666666,33.33333333333334,60.9588613899517,1
20.0,2,2,3.8,86.8495500046557,8.60739566318528,9.0,1.0,7.659113923435727,8.383033902205138,3.1928060578019144,5.0,2.0,6.0,7.0,6.0,9.0,6.0,9.0,7.0,4.0,1.0,1.6722117805937764,0,5.3524017632019385,0,0,1,False,False,False,False,True,True,False,False,True,23.0,57.49999999999999,19.0,63.33333333333333,17.5311139209675,58.437046403225004,17.0,56.666666666666664,43.333333333333336,55.65092826747291,1
26.0,0,1,3.25,86.1347926054757,0.2283870431128609,7.0,3.0,9.79102380003265,5.23412599017005,0.2056337826107919,2.0,0.0,10.0,6.0,9.0,3.0,8.0,18.0,6.0,4.0,1.0,5.130356454149851,1,3.8827351179824263,1,0,0,False,False,True,False,False,False,False,True,False,9.0,22.5,19.0,63.33333333333333,15.237468407526606,50.79156135842202,17.0,56.666666666666664,43.333333333333336,44.98955700627217,1
22.0,1,4,5.55,61.25324068205656,1.2610271420693144,5.0,2.0,4.740166515087285,2.208483049889059,3.2112885654510546,10.0,1.0,4.0,10.0,1.0,9.0,1.0,5.0,8.0,5.0,3.0,2.6252041604369394,1,4.023337015059781,1,1,1,False,False,True,False,False,False,True,False,False,23.0,57.49999999999999,14.0,46.666666666666664,14.25702796935072,47.523426564502394,23.0,76.66666666666667,23.33333333333333,43.75585664112559,1
22.0,1,1,3.8,81.65662702477835,4.313801421926552,4.0,2.0,6.169155883221474,6.322865107119196,1.7733010257384132,1.0,1.0,6.0,2.0,6.0,6.0,10.0,3.0,9.0,3.0,9.0,0.316632293039647,1,1.6887996972941428,1,1,0,True,False,False,False,False,True,False,False,True,32.0,80.0,7.0,23.333333333333332,18.38040819815931,61.26802732719769,12.0,40.0,60.0,56.150340165132754,1
27.0,2,2,7.55,96.47739702365662,6.370275808796807,8.0,6.0,4.072444763379483,2.162332927552396,4.268624215231598,7.0,0.0,6.0,2.0,5.0,3.0,3.0,10.0,8.0,5.0,5.0,0.6710926968628073,0,2.71603867159215,0,1,0,False,False,False,False,True,True,False,False,False,14.0,35.0,19.0,63.33333333333333,13.821263948941315,46.07087982980438,13.0,43.333333333333336,56.666666666666664,50.26771995745109,1
28.0,1,1,1.45,77.54015979549439,0.90384051053465,5.0,6.0,7.403916964876918,6.5016194956615765,0.660426289857651,6.0,2.0,8.0,6.0,19.0,6.0,2.0,2.0,6.0,4.0,15.0,1.314107921103671,1,3.037609535316368,1,1,1,False,True,False,False,False,False,False,False,False,22.0,55.00000000000001,6.0,20.0,18.43727624092701,61.45758746975669,5.0,16.666666666666664,83.33333333333334,54.947730200772504,1
21.0,0,4,7.55,48.90460740295823,7.691572751967983,0.0,5.0,4.932686943603572,10.0,4.711453469084974,8.0,0.0,8.0,9.0,8.0,6.0,1.0,8.0,4.0,8.0,7.0,4.97650989328116,1,5.499362034315934,1,0,0,False,False,True,False,False,False,False,True,False,13.0,32.5,8.0,26.666666666666668,20.355859587311457,67.85286529103819,19.0,63.33333333333333,36.66666666666667,40.92154965609288,1
23.0,1,2,1.45,80.7825177567457,6.370275808796807,5.0,3.0,5.85276938750622,10.0,3.7760738205810886,10.0,3.0,10.0,6.0,2.0,2.0,6.0,9.0,9.0,5.0,2.0,2.1143042164983825,1,5.006704899230723,0,1,1,False,False,False,True,False,False,False,False,True,18.0,45.0,16.0,53.333333333333336,20.37115679191269,67.9038559730423,24.0,80.0,20.0,46.55929732659391,1
24.0,1,4,6.55,46.29426318095868,9.03151988921139,0.0,9.0,6.54250300680503,4.876202432236825,6.005019023118232,6.0,3.0,1.0,7.0,6.0,1.0,6.0,3.0,8.0,7.0,6.0,8.494930941116827,1,3.960186267300336,0,1,0,False,False,False,False,False,False,False,True,False,22.0,55.00000000000001,13.0,43.333333333333336,12.328680402313564,41.09560134104521,12.0,40.0,60.0,49.85723366859464,1
21.0,1,1,6.55,92.32662452758164,9.80447734331015,5.0,6.0,7.489938639258213,3.2864384658172465,3.9402503904344863,1.0,3.0,2.0,2.0,7.0,6.0,6.0,8.0,8.0,4.0,10.0,0.2720834068110089,0,3.7869626410844894,1,1,0,False,False,False,False,True,False,True,False,True,22.0,55.00000000000001,11.0,36.666666666666664,11.856249436124546,39.52083145374849,7.0,23.333333333333332,76.66666666666667,51.963541196770464,1
28.0,0,3,1.45,70.99962974811642,7.990278528694526,2.0,10.0,2.480413290318026,9.91971665110976,3.9402503904344863,8.0,2.0,1.0,6.0,12.0,5.0,8.0,6.0,3.0,2.0,1.0,6.594860587640165,0,0.4812655809768964,0,1,1,False,False,False,True,False,False,True,False,True,20.0,50.0,21.0,70.0,23.499052970357248,78.33017656785749,5.0,16.666666666666664,83.33333333333334,70.41587747529772,2
28.0,2,3,8.55,63.10844417869477,8.824143861770427,4.0,6.0,6.179192882890575,6.159644955269309,3.9402503904344863,2.0,0.0,10.0,6.0,4.0,5.0,7.0,9.0,10.0,8.0,17.0,4.97650989328116,1,5.517211358195554,0,1,0,False,False,False,True,False,True,False,False,False,23.0,57.49999999999999,3.0,10.0,16.040201681944247,53.467338939814155,22.0,73.33333333333333,26.66666666666667,36.90850140162021,0
28.0,1,4,7.55,43.42039567898154,5.24925462652969,5.0,10.0,5.449312782515488,10.0,5.459633024359233,3.0,6.0,6.0,10.0,6.0,9.0,3.0,10.0,9.0,6.0,6.0,8.903666189780994,1,6.433021174917857,1,1,0,False,False,False,False,True,False,False,False,True,21.0,52.5,19.0,63.33333333333333,19.09105419312528,63.6368473104176,20.0,66.66666666666666,33.33333333333334,53.200878494271066,1
23.0,0,3,1.45,62.847024075526576,11.916096435409973,0.0,6.0,3.070120691837337,6.626248147031992,1.8984960728116071,8.0,6.0,8.0,6.0,4.0,6.0,3.0,4.0,7.0,9.0,10.0,0.8866272866838514,1,7.10848599617758,1,1,0,False,False,False,False,False,False,True,False,True,22.0,55.00000000000001,6.0,20.0,21.657631382383048,72.19210460794349,20.0,66.66666666666666,33.33333333333334,45.13135948531921,1
23.0,1,4,2.45,94.19240007494736,2.1979878539266453,8.0,2.0,3.6642933466508936,10.0,0.2411801241312181,4.0,2.0,12.0,6.0,9.0,9.0,6.0,6.0,13.0,6.0,4.0,1.4302860848178178,1,0.1634645003872243,0,1,1,False,False,True,False,False,False,False,False,False,32.0,80.0,16.0,53.333333333333336,26.094526529217887,86.98175509739295,19.0,63.33333333333333,36.66666666666667,64.24543877434824,1
23.0,2,3,2.45,41.25897977717819,2.57392649267259,7.0,10.0,9.0711207288011,2.121490795201225,0.8784529915837238,5.0,3.0,6.0,4.0,1.0,4.0,1.0,7.0,6.0,8.0,7.0,2.7768025480204197,0,6.998499513573162,1,0,1,False,False,False,False,False,True,False,False,True,14.0,35.0,20.0,66.66666666666666,12.1719170748164,40.57305691605467,19.0,63.33333333333333,36.66666666666667,44.726597562346996,1
22.0,0,4,2.45,151.34547400398392,3.4670619817901622,1.0,10.0,8.974208072801893,1.3946312169149908,3.469015419667841,9.0,1.0,7.0,5.0,9.0,6.0,3.0,6.0,2.0,9.0,3.0,1.0060257171711628,0,7.008202165391708,1,1,1,True,False,False,False,False,True,False,False,False,15.0,37.5,18.0,60.0,8.951407724445257,29.83802574815086,13.0,43.333333333333336,56.666666666666664,46.00117310370438,1
29.0,2,2,5.55,95.86948546663734,6.370275808796807,1.0,8.0,6.179192882890575,4.484391016258476,3.446277216981551,7.0,7.0,8.0,4.0,4.0,4.0,8.0,3.0,1.0,9.0,3.0,9.115219778877812,0,5.30489521765738,1,1,0,False,True,False,False,False,False,False,True,False,20.0,50.0,16.0,53.333333333333336,14.85892091638635,49.5297363879545,18.0,60.0,40.0,48.21576743032196,1
20.0,0,3,6.55,63.69045998590126,11.859463072246871,4.0,6.0,7.515211929890018,3.3902819693384894,7.77843752501513,10.0,6.0,6.0,6.0,3.0,1.0,6.0,6.0,1.0,9.0,10.0,1.3237564090357512,0,2.228332236335354,1,1,0,False,True,False,False,False,False,False,True,False,12.0,30.0,10.0,33.33333333333333,8.096632514433342,26.98877504811114,19.0,63.33333333333333,36.66666666666667,31.747193762027784,0
19.0,1,4,7.55,65.69054124772902,9.53872499647797,9.0,3.0,6.433498505098833,8.835397745213644,3.72760027118214,7.0,0.0,8.0,9.0,5.0,4.0,6.0,7.0,4.0,7.0,8.0,0.8299514802340702,1,7.139856383554647,1,0,0,False,False,False,True,False,False,False,False,False,17.0,42.5,14.0,46.666666666666664,18.67429896893267,62.247663229775576,22.0,73.33333333333333,26.66666666666667,44.520249140777224,1
23.0,2,3,1.45,74.7136033119472,7.548691182715604,4.0,10.0,6.179192882890575,5.958070965826554,5.4245416597479466,1.0,5.0,2.0,5.0,3.0,2.0,10.0,9.0,7.0,3.0,2.0,0.5983477857196251,1,2.7800477933592225,1,0,0,False,False,False,True,False,True,False,False,True,20.0,50.0,22.0,73.33333333333333,14.354336423188032,47.847788077293444,14.0,46.666666666666664,53.333333333333336,56.128613685990025,1
24.0,0,3,9.55,67.77624001463101,6.24075090221536,0.0,9.0,9.264045688179326,6.754610120918109,3.9376080137067513,1.0,2.0,7.0,5.0,1.0,6.0,9.0,10.0,6.0,8.0,1.0,4.97650989328116,0,4.648289882612232,1,1,0,False,False,False,False,False,True,False,False,False,21.0,52.5,18.0,60.0,13.552956419032032,45.17652139677344,21.0,70.0,30.0,46.91913034919336,1
20.0,2,3,3.8,50.11610147425314,11.647450148242148,1.0,2.0,6.636495302818896,6.626248147031992,2.159347991302613,8.0,1.0,5.0,3.0,8.0,2.0,2.0,9.0,7.0,6.0,5.0,6.498760475711762,1,3.8827351179824263,0,1,1,False,False,False,True,False,True,False,False,False,12.0,30.0,8.0,26.666666666666668,17.830404852910483,59.43468284303495,10.0,33.33333333333333,66.66666666666667,45.69200404409207,1
29.0,2,4,9.55,41.113332344191626,8.34747363429897,4.0,7.0,3.111639370548029,6.263551499422803,0.8436085209168009,10.0,4.0,6.0,7.0,6.0,2.0,7.0,7.0,22.0,9.0,7.0,7.569054180502388,0,7.087576536000839,0,1,0,False,False,False,False,True,True,False,False,True,34.0,85.0,14.0,46.666666666666664,22.308303607957974,74.36101202652658,17.0,56.666666666666664,43.333333333333336,62.34025300663165,1
18.0,2,1,4.55,76.5886994787221,11.336761539912365,9.0,3.0,5.678520189354401,6.994189528859391,6.872592128719175,1.0,1.0,7.0,5.0,6.0,4.0,8.0,3.0,8.0,5.0,4.0,7.0494290960109645,1,2.064513249714504,0,1,1,False,False,False,True,False,False,True,False,True,27.0,67.5,18.0,60.0,14.443077210785814,48.143590702619385,16.0,53.333333333333336,46.666666666666664,55.57756434232151,1
28.0,2,3,8.55,95.24839522046872,3.798609593731487,6.0,6.0,6.179192882890575,10.0,1.2213015554818014,10.0,5.0,9.0,2.0,2.0,7.0,6.0,3.0,3.0,4.0,6.0,9.679251301499328,0,2.649180981508164,0,0,1,False,False,False,False,True,True,False,False,False,23.0,57.49999999999999,16.0,53.333333333333336,22.599505561627623,75.33168520542542,19.0,63.33333333333333,36.66666666666667,55.70792130135635,1
26.0,0,3,4.55,46.38184798162994,4.005297507234788,4.0,5.0,9.61389308071897,5.744693902382641,0.7751489273829257,2.0,2.0,7.0,9.0,6.0,3.0,7.0,5.0,19.0,2.0,1.0,7.684747216436451,1,3.2632505156937457,1,0,1,False,False,False,False,True,False,True,False,True,34.0,85.0,18.0,60.0,15.355651894280745,51.18550631426915,20.0,66.66666666666666,33.33333333333334,57.379709911900626,1
19.0,1,2,3.25,52.65716315516521,10.256695129421228,0.0,6.0,4.910635246020661,1.914393787049589,1.7106288882323248,4.0,0.0,1.0,6.0,6.0,6.0,10.0,9.0,6.0,7.0,5.0,4.97650989328116,1,3.8827351179824263,1,1,1,True,False,False,False,False,False,False,False,False,23.0,57.49999999999999,11.0,36.666666666666664,15.293129652796603,50.977098842655344,11.0,36.666666666666664,63.333333333333336,52.11927471066384,1
17.0,1,1,3.8,62.21376914949841,1.7982590470235325,6.0,8.0,8.277371807628416,6.738757305522808,0.0199091138795228,9.0,0.0,6.0,7.0,6.0,9.0,4.0,1.0,8.0,6.0,2.0,2.8978395535112944,1,2.5455295370158426,0,1,1,True,False,False,False,False,True,False,False,True,30.0,75.0,22.0,73.33333333333333,18.44147638401487,61.471587946716234,17.0,56.666666666666664,43.333333333333336,63.28456365334572,1
24.0,0,4,9.55,88.52453374126719,11.35113433555291,5.0,3.0,7.46672602625379,6.626248147031992,0.5757211985999433,7.0,3.0,18.0,7.0,10.0,3.0,2.0,1.0,6.0,6.0,3.0,2.9199324461253995,1,2.309088680083894,1,1,0,False,False,False,False,True,False,False,False,True,20.0,50.0,15.0,50.0,18.58380092217826,61.946003073927535,25.0,83.33333333333334,16.666666666666657,44.653167435148546,1
19.0,0,4,6.55,56.15561898825865,6.08969225596089,4.0,2.0,2.626342217138097,6.629764847442923,5.081574147472838,7.0,3.0,6.0,10.0,9.0,4.0,4.0,9.0,9.0,10.0,6.0,7.109399894530024,0,3.8827351179824263,0,1,0,False,False,True,False,False,False,False,True,False,18.0,45.0,10.0,33.33333333333333,18.921848482831987,63.07282827610662,17.0,56.666666666666664,43.333333333333336,46.18487373569332,1
28.0,1,3,1.45,92.9232642567261,11.116966543004374,1.0,8.0,6.463814802290304,3.838544689399292,1.948380854863161,10.0,3.0,7.0,14.0,4.0,1.0,8.0,7.0,5.0,8.0,2.0,1.863755710196182,0,3.1014150403856444,1,0,1,True,False,False,False,False,True,False,False,False,17.0,42.5,17.0,56.666666666666664,15.426349032245827,51.42116344081943,27.0,90.0,10.0,40.14695752687152,1
23.0,2,2,5.55,43.29747247900399,4.041513464709757,4.0,1.0,6.179192882890575,3.460590750773408,2.708096765135368,7.0,1.0,4.0,4.0,2.0,7.0,2.0,6.0,2.0,1.0,8.0,3.931396327914984,1,5.319292128873364,1,1,0,True,False,False,False,False,False,True,False,False,15.0,37.5,7.0,23.333333333333332,14.573301102747465,48.577670342491544,16.0,53.333333333333336,46.666666666666664,39.01941758562288,0
23.0,2,2,7.55,96.4573972755361,8.591506849672765,7.0,2.0,7.468394337422116,5.067320091250257,6.682398038797543,5.0,1.0,3.0,7.0,8.0,1.0,6.0,1.0,4.0,1.0,4.0,1.1007005045871032,0,7.0047266097883245,0,1,1,False,True,False,False,False,True,False,False,True,20.0,50.0,15.0,50.0,10.916527715030597,36.38842571676866,12.0,40.0,60.0,49.097106429192166,1
26.0,2,3,1.45,73.6448246724259,5.794501463672276,4.0,10.0,6.880678775525114,2.828516123540478,6.18319666351105,1.0,5.0,6.0,3.0,6.0,3.0,10.0,6.0,7.0,4.0,10.0,2.9713956846361658,0,1.8045068511784332,1,1,0,False,False,False,True,False,False,False,True,True,24.0,60.0,14.0,46.666666666666664,9.764640684504315,32.54880228168105,13.0,43.333333333333336,56.666666666666664,48.97053390375359,1
21.0,1,1,7.55,189.6575420152232,7.521643562945677,5.0,1.0,9.784384733070665,8.326260472012184,3.937984808298903,5.0,2.0,8.0,9.0,10.0,9.0,6.0,6.0,1.0,8.0,7.0,1.75151603057082,1,3.714731040756641,0,1,0,False,False,False,True,False,False,False,True,False,20.0,50.0,9.0,30.0,14.603890930642615,48.67963643547538,17.0,56.666666666666664,43.333333333333336,43.00324244220218,1
26.0,2,1,6.55,62.06137135218118,6.052469917669827,5.0,5.0,9.483061320998477,7.761423914076087,4.903813266083419,8.0,1.0,3.0,8.0,6.0,5.0,3.0,6.0,1.0,5.0,5.0,9.196269843052107,1,3.895678493550197,1,0,0,False,False,True,False,False,True,False,False,True,13.0,32.5,15.0,50.0,13.374549326994192,44.58183108998064,15.0,50.0,50.0,44.27045777249516,1
21.0,1,2,1.45,86.91965713066361,11.605387408456338,0.0,8.0,2.074982668791049,7.95635177246662,0.6864902275217704,7.0,6.0,5.0,10.0,6.0,10.0,6.0,5.0,9.0,9.0,7.0,4.612477014277805,1,4.546241819190325,0,0,1,True,False,False,False,False,True,False,False,True,30.0,75.0,11.0,36.666666666666664,25.1948788761538,83.98292958717933,19.0,63.33333333333333,36.66666666666667,58.079065730128164,1
23.0,2,3,8.55,49.99397500506437,8.305264773767007,0.0,14.0,6.179192882890575,3.472772424539354,6.092757611850863,7.0,4.0,10.0,19.0,2.0,10.0,3.0,11.0,3.0,3.0,21.0,8.22603431980627,0,7.347776378531855,1,1,1,True,False,False,False,False,True,False,False,True,15.0,37.5,3.0,10.0,11.200821929797915,37.336073099326384,37.0,123.33333333333334,-23.333333333333343,15.37568494149826,0
23.0,2,4,3.25,42.93470951670922,3.015827623515785,6.0,4.0,8.15307449143649,3.7118191562427247,4.1295317335620165,2.0,5.0,1.0,6.0,4.0,2.0,2.0,9.0,1.0,6.0,10.0,5.88453192170248,1,7.844825241095598,1,1,1,False,False,False,False,False,True,False,False,False,6.0,15.0,10.0,33.33333333333333,11.42921293124422,38.097376437480726,13.0,43.333333333333336,56.666666666666664,35.774344109370176,0
28.0,0,4,2.45,128.34819463903992,6.370275808796807,2.0,4.0,18.583311773610948,9.661292850306252,4.567592815541019,1.0,3.0,10.0,4.0,2.0,6.0,2.0,9.0,7.0,6.0,2.0,5.985359303245936,1,6.409071100938563,1,1,0,False,False,True,False,False,False,True,False,True,16.0,40.0,14.0,46.666666666666664,6.510388261154285,21.701294203847617,22.0,73.33333333333333,26.66666666666667,33.758656884295235,0
23.0,1,4,6.55,91.22174283886235,3.5283568578612523,5.0,7.0,8.407564788135131,6.626248147031992,5.324215723490728,6.0,0.0,10.0,1.0,4.0,15.0,3.0,1.0,18.0,4.0,13.0,0.0320512662856453,1,0.2393708351204759,1,1,0,False,False,False,True,False,False,False,False,True,45.0,112.5,9.0,30.0,12.894467635406134,42.98155878468711,17.0,56.666666666666664,43.333333333333336,57.20372302950511,1
17.0,0,2,3.25,85.29561019826167,4.459261191610276,4.0,1.0,4.134519381346589,10.0,4.00140239282171,6.0,3.0,8.0,8.0,7.0,9.0,2.0,4.0,2.0,2.0,20.0,0.1275638277128998,0,0.9363428549989132,0,0,0,False,False,False,True,False,False,True,False,False,19.0,47.5,-5.0,-16.666666666666664,21.8640782258317,72.88026075277234,19.0,63.33333333333333,36.66666666666667,35.09506518819309,0
26.0,0,2,1.45,72.37137661075897,1.2254843762425605,2.0,16.0,6.179192882890575,5.438562895544749,4.17354104152206,1.0,1.0,7.0,6.0,6.0,14.0,6.0,1.0,8.0,6.0,8.0,4.915870528217021,0,0.9413245818049668,0,0,0,False,False,False,True,False,True,False,False,True,37.0,92.5,20.0,66.66666666666666,15.085828971132113,50.28609657044038,17.0,56.666666666666664,43.333333333333336,63.196524142610095,1
26.0,0,3,9.55,74.32826482992121,10.799598237554289,5.0,3.0,5.539355775905087,7.02060615307528,3.997084694583021,2.0,4.0,8.0,4.0,3.0,6.0,4.0,10.0,3.0,10.0,9.0,0.5908054034625099,0,4.252894637619039,1,0,1,False,False,True,False,False,False,False,False,False,13.0,32.5,9.0,30.0,17.48416568258717,58.280552275290574,19.0,63.33333333333333,36.66666666666667,39.361804735489315,0
17.0,1,3,3.25,47.793569577925325,3.433344278734356,2.0,18.0,4.095267877395534,9.126554765234548,3.974539825148563,7.0,2.0,2.0,7.0,1.0,7.0,1.0,4.0,6.0,3.0,5.0,2.7720609717496805,1,0.3451392495468388,1,1,1,False,False,False,False,False,False,False,True,False,20.0,50.0,25.0,83.33333333333334,21.05674706269045,70.18915687563484,18.0,60.0,40.0,60.880622552242045,1
18.0,1,4,5.55,90.44089051705492,6.370275808796807,7.0,10.0,2.084861980679139,10.0,6.001642405666584,19.0,1.0,7.0,6.0,10.0,6.0,3.0,7.0,5.0,8.0,10.0,6.1801854867767405,1,3.8827351179824263,0,0,1,False,False,False,False,False,True,False,False,False,17.0,42.5,17.0,56.666666666666664,21.913495613654277,73.0449853788476,13.0,43.333333333333336,56.666666666666664,57.21957967804523,1
23.0,2,4,3.25,87.21758097785181,11.043151175939446,6.0,5.0,8.97091227855675,10.0,3.4176682174464004,6.0,5.0,16.0,3.0,1.0,4.0,10.0,8.0,2.0,6.0,3.0,15.011297304971238,1,6.014585163498714,1,1,0,False,True,False,False,False,False,False,False,True,18.0,45.0,18.0,60.0,17.61141950399685,58.7047316799895,28.0,93.33333333333333,6.666666666666671,42.592849586664045,1
25.0,0,1,4.55,79.38822363321657,9.6663223488604,8.0,4.0,6.282750793921379,6.626248147031992,0.023146547973897,8.0,2.0,13.0,8.0,10.0,8.0,3.0,3.0,4.0,3.0,6.0,6.122863999249041,1,2.415415192884348,1,0,0,False,False,True,False,False,False,False,False,True,22.0,55.00000000000001,16.0,53.333333333333336,20.32035080513672,67.73450268378906,21.0,70.0,30.0,51.5169590042806,1
23.0,1,4,8.55,67.9714621797363,1.6929470582324928,4.0,9.0,9.80305667001594,10.0,4.896505408975057,9.0,3.0,9.0,2.0,6.0,6.0,4.0,3.0,2.0,9.0,6.0,5.544095244639364,1,3.755347724866884,1,1,0,False,False,True,False,False,True,False,False,True,19.0,47.5,17.0,56.666666666666664,15.300437921009003,51.001459736696674,15.0,50.0,50.0,51.29203160084083,1
29.0,1,2,6.55,203.67300499079613,6.370275808796807,4.0,9.0,7.717451116538076,8.036159010507859,7.621299799410267,8.0,4.0,5.0,1.0,1.0,2.0,6.0,10.0,9.0,2.0,9.0,0.812750788082478,1,1.2422132292644783,1,1,0,False,False,False,False,False,False,True,False,True,17.0,42.5,14.0,46.666666666666664,12.697408094559517,42.32469364853173,15.0,50.0,50.0,45.3728400787996,1
21.0,1,2,2.45,92.74191831258828,10.956397176645488,4.0,1.0,2.6433371479182286,6.626248147031992,2.0556786463325194,1.0,4.0,7.0,2.0,3.0,6.0,1.0,6.0,6.0,10.0,6.0,1.282922385388846,0,0.5510002800459102,1,0,0,False,False,False,False,True,True,False,False,True,17.0,42.5,9.0,30.0,21.927232352781242,73.0907745092708,16.0,53.333333333333336,46.666666666666664,48.064360293984365,1
17.0,1,1,1.45,78.66582961087711,0.942134618528927,7.0,7.0,6.705529491217139,8.694981396055319,6.529546649377332,4.0,6.0,4.0,9.0,5.0,1.0,2.0,6.0,1.0,1.0,4.0,4.97650989328116,1,4.270297620581156,1,1,1,False,False,False,False,True,True,False,False,False,8.0,20.0,20.0,66.66666666666666,15.459905255460848,51.533017518202826,18.0,60.0,40.0,44.54992104621737,1
29.0,1,3,6.55,62.30805986303727,9.902579938854878,1.0,10.0,2.13699631858678,3.624594677506353,3.643921666264641,5.0,0.0,10.0,5.0,5.0,9.0,10.0,3.0,9.0,3.0,10.0,17.442042855035883,1,0.097243287911108,0,1,0,False,True,False,False,False,True,False,False,True,35.0,87.5,11.0,36.666666666666664,17.84367669265493,59.47892230884977,20.0,66.66666666666666,33.33333333333334,54.244730577212444,1
23.0,0,2,3.8,77.08133672089075,6.569040622476672,5.0,6.0,6.462254833703457,1.6288386204126812,5.1438565592644805,9.0,2.0,4.0,5.0,4.0,10.0,3.0,6.0,8.0,16.0,5.0,3.235705502028861,0,5.627536636508031,1,1,1,False,False,False,False,True,False,True,False,True,25.0,62.5,16.0,53.333333333333336,10.022727227444744,33.40909075814915,15.0,50.0,50.0,49.81060602287062,1
23.0,1,1,6.55,74.52645559183992,8.030369392545609,4.0,5.0,4.801613304792646,8.669028718396497,7.126989849019083,6.0,3.0,3.0,6.0,8.0,7.0,5.0,10.0,2.0,13.0,8.0,4.0233290829478205,1,3.8827351179824263,1,0,0,False,False,False,False,True,False,True,False,False,14.0,35.0,11.0,36.666666666666664,16.74042556458477,55.8014185486159,11.0,36.666666666666664,63.333333333333336,47.70035463715397,1
22.0,0,1,6.55,63.65451927009498,5.914252066859243,5.0,1.0,7.146366677750125,9.316120198938126,6.168108902386188,6.0,7.0,1.0,3.0,3.0,8.0,7.0,6.0,3.0,8.0,9.0,6.241694403359278,1,7.154267778684403,0,0,0,False,False,False,False,True,True,False,False,True,22.0,55.00000000000001,7.0,23.333333333333332,16.001644618801812,53.33881539600605,11.0,36.666666666666664,63.333333333333336,48.751370515668185,1
29.0,2,2,6.55,58.40043830128457,8.373637018863343,3.0,8.0,6.332593649970166,8.253764321845246,7.076587107534465,3.0,0.0,6.0,1.0,8.0,4.0,6.0,6.0,7.0,10.0,1.0,9.689072968898902,1,6.802141191774287,1,1,0,True,False,False,False,False,False,False,False,False,21.0,52.5,20.0,66.66666666666666,14.844583564340615,49.48194521446872,9.0,30.0,70.0,59.66215297028384,1
23.0,0,2,3.8,64.42064753423935,0.4091743400010386,4.0,5.0,4.090802587315907,5.016867621978819,0.0761598310094484,2.0,2.0,9.0,8.0,6.0,8.0,2.0,6.0,6.0,5.0,3.0,6.150980398232228,1,3.8827351179824263,1,1,0,False,True,False,False,False,False,False,False,True,20.0,50.0,16.0,53.333333333333336,20.849905203653464,69.49968401217821,21.0,70.0,30.0,50.70825433637789,1
19.0,2,4,3.25,74.43468436200388,9.152480678679405,9.0,6.0,3.298804872846592,6.621045364870357,1.4985198771468085,2.0,6.0,1.0,7.0,6.0,6.0,4.0,2.0,8.0,2.0,4.0,1.1732830296568142,1,3.2948108347892164,0,0,1,False,False,False,False,False,True,False,False,False,26.0,65.0,21.0,70.0,21.823720614876954,72.74573538292319,12.0,40.0,60.0,66.93643384573079,1
28.0,0,3,4.55,65.68809068266566,0.4001243743075009,4.0,7.0,5.237691890733997,10.0,3.387955300526473,7.0,2.0,5.0,6.0,10.0,4.0,10.0,4.0,1.0,8.0,9.0,9.025834219184608,1,0.2938237505532397,1,0,0,False,False,False,False,True,False,False,False,True,21.0,52.5,12.0,40.0,21.37435280873953,71.24784269579844,11.0,36.666666666666664,63.333333333333336,56.77029400728295,1
26.0,1,4,3.25,55.81446929208303,5.463598172968121,5.0,10.0,9.894690518796835,9.025720625746365,6.782734379624825,5.0,6.0,2.0,9.0,6.0,6.0,1.0,1.0,10.0,16.0,1.0,2.296399635993956,1,7.868688694258216,0,0,1,False,False,False,True,False,True,False,False,True,26.0,65.0,24.0,80.0,12.348295727324704,41.16098575774901,15.0,50.0,50.0,59.040246439437254,1
19.0,1,1,3.25,85.65779906564853,1.8115799175635383,4.0,7.0,5.485589124394173,6.551526568492695,6.707135457388215,10.0,4.0,6.0,2.0,10.0,20.0,6.0,10.0,4.0,13.0,10.0,7.906365301400166,1,3.8827351179824263,0,0,0,True,False,False,False,False,False,False,True,True,30.0,75.0,11.0,36.666666666666664,14.358801986710306,47.862673289034355,8.0,26.666666666666668,73.33333333333333,58.21566832225858,1
21.0,2,2,3.8,72.37137661075897,9.882891328215686,8.0,7.0,16.19576739818417,10.0,1.4811226557915802,1.0,5.0,6.0,5.0,10.0,7.0,9.0,5.0,6.0,9.0,8.0,7.476178689556026,1,3.8370540392035393,1,1,0,False,False,False,False,True,False,False,False,False,27.0,67.5,17.0,56.666666666666664,12.32310994602425,41.07703315341416,11.0,36.666666666666664,63.333333333333336,57.14425828835354,1
22.0,1,4,7.55,44.060509793536,3.763930910108023,5.0,1.0,2.455788204842966,10.0,1.137939464765771,5.0,4.0,5.0,2.0,2.0,3.0,6.0,10.0,7.0,7.0,2.0,4.150722328304468,1,6.793838074196349,0,0,0,True,False,False,False,False,True,False,False,False,16.0,40.0,14.0,46.666666666666664,26.40627233039126,88.02090776797087,15.0,50.0,50.0,56.17189360865938,1
25.0,1,1,2.45,62.09899033756753,5.449122535251989,5.0,17.0,6.179192882890575,5.331607744966452,15.019489344176106,6.0,2.0,1.0,8.0,6.0,10.0,2.0,6.0,9.0,3.0,1.0,5.221929963440578,0,1.2817638628684316,1,0,0,False,True,False,False,False,False,True,False,False,25.0,62.5,31.0,103.33333333333334,4.1329255178997695,13.776418392999231,13.0,43.333333333333336,56.666666666666664,59.06910459824981,1
29.0,2,3,3.8,93.09480743271962,5.145008895579739,8.0,3.0,6.64258429759203,2.120280870346993,4.331474352246037,6.0,5.0,3.0,4.0,1.0,10.0,10.0,3.0,1.0,1.0,10.0,2.2861650686819432,1,6.168554393601519,0,0,1,False,False,False,True,False,False,True,False,False,28.0,70.0,11.0,36.666666666666664,11.146222220508925,37.15407406836308,16.0,53.333333333333336,46.666666666666664,47.6218518504241,1
28.0,0,2,3.25,85.31419187199711,9.270023588216478,9.0,5.0,8.009572106627857,4.584088658733785,5.014158046956608,8.0,5.0,10.0,4.0,10.0,2.0,7.0,4.0,8.0,6.0,7.0,7.02591475096003,0,1.3503338833021117,1,1,1,False,False,False,True,False,False,False,False,False,23.0,57.49999999999999,17.0,56.666666666666664,11.56035850514932,38.53452835049774,14.0,46.666666666666664,53.333333333333336,51.508632087624434,1
21.0,0,4,6.55,59.39480703664043,10.089852926308946,4.0,10.0,6.22706925853648,6.626248147031992,6.473648597324639,4.0,3.0,9.0,10.0,8.0,9.0,10.0,9.0,10.0,9.0,4.0,9.79266608863546,1,2.4369509890316845,1,1,1,False,False,False,True,False,True,False,False,True,30.0,75.0,20.0,66.66666666666666,13.925530291170872,46.418434303902906,21.0,70.0,30.0,54.52127524264239,1
17.0,1,3,2.45,96.29098912267054,9.467500020124152,5.0,5.0,14.358087470016082,4.00260256846537,1.693971708697294,1.0,6.0,1.0,17.0,5.0,1.0,6.0,6.0,6.0,4.0,2.0,4.271738097206964,1,2.044934981739697,0,1,1,False,False,False,False,True,False,True,False,False,17.0,42.5,18.0,60.0,7.950543389751994,26.501811299173312,23.0,76.66666666666667,23.33333333333333,38.08378615812666,0
20.0,0,4,1.45,44.59617450149261,0.8820993216321029,5.0,6.0,8.111255300777351,6.818696457750553,1.0918783992379204,8.0,6.0,10.0,7.0,7.0,10.0,6.0,10.0,6.0,7.0,4.0,4.97650989328116,0,0.3765140394536708,1,1,1,True,False,False,False,False,True,False,False,True,22.0,55.00000000000001,17.0,56.666666666666664,17.615562757735283,58.71854252578428,20.0,66.66666666666666,33.33333333333334,50.929635631446075,1
21.0,0,1,9.55,97.67408223353134,2.299127614835941,6.0,7.0,4.506301738551202,4.35343662660685,6.872354102273247,5.0,6.0,4.0,1.0,7.0,1.0,8.0,6.0,8.0,3.0,10.0,2.523974624033732,1,0.983433347009627,1,1,1,False,False,False,True,False,True,False,False,False,21.0,52.5,13.0,43.333333333333336,12.974780785782402,43.24926928594134,8.0,26.666666666666668,73.33333333333333,53.103983988151995,1
28.0,1,3,1.45,54.74230554908054,6.618410995756328,8.0,14.0,2.7248841669711403,2.1349754392062086,0.8941928473296263,1.0,2.0,5.0,7.0,10.0,10.0,10.0,5.0,1.0,1.0,2.0,1.2060777518131216,1,5.402785919612569,0,0,0,False,False,True,False,False,False,True,False,True,26.0,65.0,30.0,100.0,18.51589842490544,61.71966141635147,12.0,40.0,60.0,71.67991535408787,2
26.0,0,4,5.55,40.54565081814516,11.36505989703234,4.0,6.0,4.777203768139246,3.068753649666558,0.7054468055686112,2.0,2.0,10.0,10.0,6.0,2.0,3.0,6.0,9.0,5.0,4.0,9.984892024699604,0,0.6886291828228677,1,0,1,False,False,True,False,False,False,True,False,False,18.0,45.0,16.0,53.333333333333336,17.586103075958704,58.62034358652901,24.0,80.0,20.0,44.23841922996559,1
26.0,1,3,3.25,66.02848219109961,0.8970941606613638,4.0,7.0,3.271969883595477,6.626248147031992,2.216601404933682,5.0,5.0,3.0,3.0,5.0,5.0,10.0,3.0,6.0,1.0,2.0,3.7607557016064175,0,7.804751714947337,0,0,1,True,False,False,False,False,False,True,False,True,28.0,70.0,19.0,63.33333333333333,21.137676858502836,70.45892286167611,11.0,36.666666666666664,63.333333333333336,66.78139738208569,1
21.0,1,1,6.55,61.53822578122052,0.5170105938823717,3.0,6.0,9.727553633067464,6.626248147031992,5.2329806273690505,17.0,0.0,6.0,5.0,2.0,1.0,2.0,7.0,3.0,2.0,7.0,8.593597779311185,0,2.087151869697969,1,0,0,False,False,False,False,True,False,False,True,True,9.0,22.5,12.0,40.0,11.665713886595478,38.885712955318255,19.0,63.33333333333333,36.66666666666667,34.51309490549623,0
23.0,1,3,7.55,72.34534031240763,6.370275808796807,9.0,5.0,6.620092379813533,4.457395840393554,1.9290828324096123,10.0,0.0,1.0,8.0,3.0,6.0,9.0,9.0,1.0,7.0,3.0,0.2950913740516281,1,3.8827351179824263,0,0,1,False,False,False,False,True,False,False,True,False,17.0,42.5,21.0,70.0,15.908220628170408,53.027402093901365,16.0,53.333333333333336,46.666666666666664,53.04851719014201,1
20.0,2,4,4.55,87.80637163419073,7.693837546321879,3.0,5.0,8.83381727280821,5.036097037504839,5.932986180001725,8.0,3.0,6.0,6.0,3.0,8.0,5.0,9.0,4.0,6.0,7.0,6.280962760577857,1,2.9789690631945502,0,1,1,False,True,False,False,False,True,False,False,True,18.0,45.0,11.0,36.666666666666664,10.269293584694903,34.230978615649676,19.0,63.33333333333333,36.66666666666667,38.14107798724575,0
17.0,2,1,4.55,72.37137661075897,4.787915000042966,4.0,4.0,6.179192882890575,6.427214885499276,7.7868329023439165,10.0,0.0,4.0,8.0,5.0,20.0,6.0,7.0,5.0,6.0,2.0,0.0331440339751676,0,2.2086047446497217,1,0,1,False,False,False,True,False,True,False,False,False,34.0,85.0,16.0,53.333333333333336,12.461189100264782,41.5372970008826,17.0,56.666666666666664,43.333333333333336,55.80099091688732,1
23.0,1,2,2.45,64.07379997670151,6.370275808796807,1.0,4.0,9.202891098936826,8.404430369189756,1.5967307417970744,8.0,1.0,8.0,5.0,6.0,2.0,7.0,3.0,4.0,7.0,4.0,5.045035083313952,1,0.6276188704552457,0,0,1,False,False,False,True,False,False,False,False,True,20.0,50.0,11.0,36.666666666666664,17.604808528455855,58.68269509485285,17.0,56.666666666666664,43.333333333333336,47.17067377371321,1
23.0,2,4,7.55,65.79074462238101,2.0565007881901245,9.0,5.0,6.179192882890575,7.40397878828147,3.9402503904344863,9.0,7.0,6.0,10.0,10.0,5.0,6.0,5.0,13.0,4.0,16.0,7.365595847471672,1,5.252861247209359,1,1,0,False,False,False,False,False,False,False,False,True,29.0,72.5,8.0,26.666666666666668,17.28453551495641,57.61511838318803,16.0,53.333333333333336,46.666666666666664,50.86211292913034,1
26.0,0,4,9.55,48.89066381976842,2.356969041776413,7.0,10.0,8.997818897998481,6.626248147031992,3.9402503904344863,2.0,1.0,3.0,9.0,11.0,3.0,6.0,6.0,12.0,4.0,6.0,6.213509578526436,1,6.221527019146905,0,1,0,False,True,False,False,False,True,False,False,False,25.0,62.5,21.0,70.0,13.688178858599024,45.62726286199675,11.0,36.666666666666664,63.333333333333336,60.36514904883252,1
26.0,0,1,1.45,42.85285653286981,3.600316865578748,1.0,9.0,2.5122074651440984,7.8832370922954045,0.9512212833505682,7.0,4.0,14.0,16.0,10.0,2.0,1.0,9.0,10.0,2.0,3.0,6.276350964661472,0,0.01697107887155,1,1,0,False,False,False,False,True,True,False,False,True,14.0,35.0,17.0,56.666666666666664,24.41980834380074,81.39936114600246,30.0,100.0,0.0,43.26650695316728,1
23.0,1,1,9.55,78.47289941410148,7.520761040265423,0.0,6.0,9.085753162660374,6.626248147031992,4.120939335831699,10.0,5.0,3.0,6.0,3.0,6.0,9.0,9.0,5.0,5.0,8.0,4.97650989328116,1,4.57505058580148,0,0,0,False,False,False,False,False,True,False,False,False,21.0,52.5,8.0,26.666666666666668,13.41955564853992,44.73185216179973,16.0,53.333333333333336,46.666666666666664,42.64129637378326,1
21.0,0,2,8.55,43.86625753316154,8.222072283618568,4.0,8.0,4.484668228443454,6.626248147031992,7.996870955937803,5.0,1.0,9.0,4.0,3.0,1.0,6.0,3.0,3.0,7.0,9.0,6.337347626927402,1,5.164600287214123,1,0,0,False,True,False,False,False,False,False,False,False,17.0,42.5,13.0,43.333333333333336,14.144708962650736,47.14902987550245,20.0,66.66666666666666,33.33333333333334,41.57892413554229,1
20.0,1,4,1.45,84.02980716528737,1.490439527565286,8.0,9.0,6.52097827472497,10.0,7.594925198250917,3.0,0.0,8.0,2.0,10.0,8.0,7.0,5.0,9.0,4.0,4.0,8.547627625785777,0,7.866825332652483,1,0,0,True,False,False,False,False,False,False,True,False,29.0,72.5,23.0,76.66666666666667,15.884096527024113,52.94698842341371,10.0,33.33333333333333,66.66666666666667,67.19508043918677,1
18.0,1,1,1.45,72.34540870133485,11.325656507900874,7.0,4.0,4.157508666179128,8.936044467626488,0.895543521380799,10.0,5.0,3.0,22.0,6.0,6.0,5.0,1.0,3.0,8.0,9.0,4.966432061395029,0,5.282274409135229,0,0,0,False,False,True,False,False,True,False,False,False,23.0,57.49999999999999,12.0,40.0,23.88299228006656,79.60997426688853,29.0,96.66666666666667,3.3333333333333286,45.11082690005546,1
20.0,0,2,1.45,51.91497869356501,4.09252962228251,4.0,7.0,9.878396457354714,2.894127995232946,1.9174953283671556,8.0,7.0,2.0,5.0,9.0,4.0,6.0,7.0,3.0,8.0,3.0,5.417038453001618,0,2.3904435952052,0,1,0,False,True,False,False,False,True,False,False,False,16.0,40.0,18.0,60.0,11.098236209511075,36.99412069837025,8.0,26.666666666666668,73.33333333333333,52.58186350792589,1
26.0,2,2,6.55,72.37137661075897,8.558025156003398,3.0,5.0,2.5742398666902417,3.893418211695562,7.566334797791693,2.0,3.0,3.0,2.0,15.0,5.0,4.0,2.0,3.0,7.0,2.0,8.383867251335712,1,5.3562107280743305,0,1,1,False,True,False,False,False,False,False,True,True,20.0,50.0,16.0,53.333333333333336,13.752843547213626,45.84281182404542,0.0,0.0,100.0,62.29403628934469,1
26.0,1,4,3.8,50.97986299612593,6.290492627372386,1.0,4.0,5.575642294245209,6.970909990802697,1.2057912482851538,4.0,2.0,4.0,6.0,10.0,2.0,6.0,10.0,8.0,3.0,8.0,1.2185268505558744,1,3.8827351179824263,1,0,1,True,False,False,False,False,False,False,True,False,16.0,40.0,7.0,23.333333333333332,20.189476448272334,67.29825482757444,10.0,33.33333333333333,66.66666666666667,49.32456370689361,1
19.0,1,4,6.55,66.32423245062472,2.6730973625652794,7.0,7.0,6.96790523866849,2.3743197088559715,5.942311801821322,5.0,3.0,3.0,3.0,6.0,8.0,17.0,10.0,2.0,10.0,10.0,4.97650989328116,0,1.1166594062296102,0,1,1,False,False,False,False,True,False,False,True,False,27.0,67.5,14.0,46.666666666666664,9.46410266836616,31.547008894553862,10.0,33.33333333333333,66.66666666666667,53.095085556971796,1
26.0,1,3,4.55,151.3714507272632,10.154739877384934,2.0,3.0,6.924898018698324,10.0,0.0088641872614818,5.0,7.0,9.0,1.0,5.0,6.0,14.0,19.0,4.0,9.0,6.0,4.744294969210845,1,10.36254367414511,0,1,1,False,False,False,True,False,True,False,False,False,15.0,37.5,9.0,30.0,23.06623779404019,76.8874593134673,15.0,50.0,50.0,48.596864828366826,1
17.0,1,3,6.55,67.71515760463825,9.81885633830316,9.0,1.0,7.910067118118751,9.702912528446694,5.053696821401379,4.0,0.0,10.0,6.0,2.0,6.0,6.0,10.0,8.0,8.0,6.0,4.172713324109393,1,3.8827351179824263,1,1,1,True,False,False,False,False,True,False,False,True,20.0,50.0,14.0,46.666666666666664,16.73914858892656,55.797161963088534,24.0,80.0,20.0,43.1159571574388,1
23.0,1,2,9.55,48.92195909785289,4.752862247000281,3.0,7.0,7.795322610576345,4.310438875205898,3.9568033747417832,8.0,7.0,2.0,8.0,6.0,3.0,2.0,6.0,1.0,10.0,3.0,4.076412919779843,0,14.55111749401872,1,0,1,False,False,False,True,False,False,False,False,False,10.0,25.0,17.0,56.666666666666664,12.55831288988777,41.861042966292565,14.0,46.666666666666664,53.333333333333336,44.21526074157314,1
21.0,1,3,6.55,72.37137661075897,7.063291028326265,4.0,9.0,8.345141641602428,1.7679870547007557,3.9402503904344863,3.0,0.0,21.0,1.0,1.0,1.0,2.0,7.0,3.0,1.0,22.0,6.328568606510329,1,3.8827351179824263,0,1,1,False,True,False,False,False,False,True,False,True,9.0,22.5,1.0,3.3333333333333335,9.48259502266384,31.608650075546134,31.0,103.33333333333334,-3.333333333333343,13.52716251888653,0
29.0,2,3,3.8,51.20610497620053,3.093908351231277,4.0,2.0,3.874299275917533,10.0,6.6335340060271575,5.0,7.0,7.0,3.0,1.0,8.0,2.0,3.0,4.0,6.0,10.0,8.975841170219406,1,3.8355173101550175,1,1,0,False,False,False,False,True,False,True,False,False,21.0,52.5,6.0,20.0,19.49216671805531,64.97388906018436,19.0,63.33333333333333,36.66666666666667,43.535138931712765,1
20.0,2,4,2.45,84.31299246220657,8.278219544955618,7.0,7.0,6.179192882890575,3.758017671687573,0.6458747619834506,10.0,0.0,1.0,6.0,9.0,7.0,2.0,8.0,18.0,7.0,6.0,6.500596519780011,1,2.0076398963183726,1,1,1,False,False,False,False,False,True,False,False,True,29.0,72.5,18.0,60.0,16.932950026813547,56.44316675604516,8.0,26.666666666666668,73.33333333333333,65.56912502234462,1
23.0,2,2,6.55,68.76113735295,6.370275808796807,8.0,10.0,5.056264927842181,1.7431451644907958,3.9402503904344863,6.0,4.0,6.0,10.0,10.0,1.0,5.0,5.0,2.0,6.0,2.0,2.643697368373993,1,4.039723572393701,1,0,1,False,True,False,False,False,False,False,False,True,13.0,32.5,26.0,86.66666666666667,12.746629846214127,42.48876615404709,16.0,53.333333333333336,46.666666666666664,52.08052487184511,1
23.0,1,4,6.55,67.2245055456581,10.12894481258682,0.0,2.0,9.646717287281136,4.629614553219113,3.568308359786392,1.0,1.0,6.0,6.0,5.0,8.0,7.0,10.0,7.0,10.0,7.0,1.378041076469417,0,3.8827351179824263,1,1,1,True,False,False,False,False,False,False,True,True,22.0,55.00000000000001,5.0,16.666666666666664,11.414588906151586,38.04862968717195,17.0,56.666666666666664,43.333333333333336,38.26215742179299,0
18.0,1,2,8.55,91.08610227144848,2.608621251327292,1.0,3.0,5.274494856681666,10.0,0.9914124772577332,4.0,7.0,6.0,7.0,9.0,10.0,1.0,6.0,3.0,4.0,2.0,9.782448976858168,1,0.3236510388153846,1,0,0,False,False,False,False,False,True,False,False,False,18.0,45.0,12.0,40.0,23.7340926660606,79.11364222020201,14.0,46.666666666666664,53.333333333333336,54.361743888383835,1
17.0,1,1,4.55,82.51621146044013,0.1776410738215696,3.0,10.0,6.179192882890575,9.722203740271944,0.6853323709946872,10.0,0.0,10.0,6.0,8.0,2.0,9.0,9.0,8.0,5.0,2.0,3.041541553326722,1,3.8827351179824263,1,1,0,False,False,True,False,False,False,True,False,False,20.0,50.0,21.0,70.0,22.857678486386682,76.19226162128894,18.0,60.0,40.0,59.048065405322234,1
28.0,2,3,8.55,72.37137661075897,3.2220965036150213,0.0,10.0,15.380322583367343,6.283663877911577,1.436914436458684,10.0,7.0,8.0,6.0,9.0,8.0,6.0,9.0,2.0,7.0,5.0,4.661857313601879,0,2.825600612942992,1,1,0,False,False,False,False,False,False,False,True,False,17.0,42.5,15.0,50.0,9.46642685808555,31.5547561936185,15.0,50.0,50.0,43.51368904840463,1
27.0,1,4,8.55,57.77045887609614,2.2926298375138403,5.0,3.0,5.418135318601826,4.358634638982483,1.9283817998384336,6.0,2.0,7.0,6.0,9.0,5.0,1.0,2.0,9.0,8.0,6.0,0.1734380428817961,1,0.1836512983792717,1,0,1,True,False,False,False,False,False,False,True,True,23.0,57.49999999999999,12.0,40.0,17.012117520542223,56.70705840180741,14.0,46.666666666666664,53.333333333333336,51.88509793378519,1
20.0,0,2,7.55,160.07854624571348,6.370275808796807,4.0,4.0,4.000640504925986,5.656367084022156,7.728484619657615,2.0,1.0,7.0,7.0,8.0,8.0,1.0,1.0,4.0,6.0,2.0,8.111684896203794,1,4.869568834847459,0,0,1,False,False,False,False,False,True,False,False,False,22.0,55.00000000000001,16.0,53.333333333333336,13.927241959438554,46.42413986479518,16.0,53.333333333333336,46.666666666666664,50.3560349661988,1
24.0,0,3,7.55,41.09957011271192,2.444439499878916,4.0,6.0,7.721083795665609,1.1910216905370636,3.804909690013462,10.0,1.0,5.0,2.0,3.0,6.0,9.0,6.0,8.0,7.0,9.0,7.931031574783685,1,3.5514961784489607,1,0,0,True,False,False,False,False,False,True,False,True,27.0,67.5,11.0,36.666666666666664,9.665028204857993,32.21676068285998,14.0,46.666666666666664,53.333333333333336,47.429190170714996,1
28.0,1,2,3.8,72.71520677571823,9.158278448633936,5.0,3.0,3.535402293181828,8.902075295854694,3.9402503904344863,5.0,4.0,2.0,10.0,13.0,2.0,9.0,10.0,4.0,6.0,8.0,4.97650989328116,0,7.815886511565235,1,0,0,False,True,False,False,False,False,False,False,False,15.0,37.5,10.0,33.33333333333333,21.42642261223838,71.42140870746127,9.0,30.0,70.0,53.06368551019865,1
18.0,0,4,3.8,72.37137661075897,2.896447656048047,2.0,6.0,7.066832325274787,2.096086987070275,5.655985639685887,9.0,3.0,10.0,4.0,4.0,7.0,1.0,8.0,6.0,9.0,10.0,3.5606462326181685,1,6.659864128655977,1,0,0,False,False,False,True,False,False,False,True,False,16.0,40.0,8.0,26.666666666666668,9.3732690221096,31.244230073698663,20.0,66.66666666666666,33.33333333333334,32.81105751842467,0
19.0,0,2,2.45,77.31136512907455,6.370275808796807,4.0,2.0,5.444245677896617,6.709413345617379,5.474134382428724,3.0,5.0,5.0,5.0,8.0,6.0,1.0,4.0,8.0,4.0,4.0,3.736304553094401,0,5.841327640089096,1,0,1,False,False,True,False,False,False,True,False,False,21.0,52.5,12.0,40.0,15.791033285292038,52.63677761764013,12.0,40.0,60.0,51.28419440441003,1
28.0,2,4,3.8,85.63193212626618,6.941651076164689,2.0,6.0,4.553337314645377,7.224295581488267,4.022219216903726,3.0,1.0,1.0,2.0,17.0,4.0,5.0,5.0,5.0,4.0,5.0,4.960089644504292,1,3.833945236230356,0,1,1,False,False,False,False,True,False,True,False,False,19.0,47.5,13.0,43.333333333333336,18.648739049939163,62.162463499797205,-4.0,-13.333333333333334,113.33333333333333,66.58228254161597,1
17.0,1,2,3.8,83.54151093488474,11.834998277662612,8.0,16.0,9.567858139898409,1.0185875173252328,4.936825347630594,9.0,1.0,10.0,6.0,9.0,6.0,6.0,5.0,12.0,3.0,20.0,4.0200137877543405,1,3.8791054033570775,1,0,1,False,False,False,False,True,False,False,True,False,29.0,72.5,14.0,46.666666666666664,6.51390402979623,21.713013432654098,17.0,56.666666666666664,43.333333333333336,46.05325335816352,1
17.0,1,3,5.55,81.5218417091868,11.99881172411078,1.0,6.0,4.595260062518239,10.0,2.6484135486995166,3.0,0.0,6.0,10.0,8.0,4.0,19.0,2.0,2.0,8.0,9.0,1.6844103557433832,0,7.520423362984541,1,0,1,False,False,False,False,True,False,True,False,True,33.0,82.5,8.0,26.666666666666668,22.756326388782245,75.85442129594082,18.0,60.0,40.0,56.25527199065188,1
23.0,2,4,3.25,72.37137661075897,10.43431299980796,5.0,3.0,4.780058993199746,4.323529414577752,0.4616858711160896,4.0,2.0,2.0,10.0,3.0,1.0,4.0,1.0,4.0,8.0,6.0,4.97650989328116,0,5.852915314060064,1,1,1,True,False,False,False,False,True,False,False,True,18.0,45.0,12.0,40.0,19.08178455026192,63.60594850087307,19.0,63.33333333333333,36.66666666666667,46.31815379188494,1
23.0,0,4,2.45,78.7414401069723,9.119800431585013,8.0,6.0,8.965106913065368,6.626248147031992,3.9402503904344863,9.0,0.0,1.0,7.0,6.0,3.0,10.0,8.0,5.0,4.0,6.0,3.308262639517289,1,0.7216920178902635,1,0,0,True,False,False,False,False,False,True,False,False,20.0,50.0,18.0,60.0,13.720890843532139,45.7363028117738,12.0,40.0,60.0,53.934075702943446,1
27.0,0,3,7.55,64.14510965541892,4.637476968006885,9.0,10.0,3.032346903003946,10.0,6.155156189814053,4.0,2.0,1.0,16.0,3.0,8.0,1.0,10.0,1.0,6.0,6.0,0.1989050842711437,1,3.486676022894936,0,0,0,False,False,True,False,False,True,False,False,True,10.0,25.0,23.0,76.66666666666667,20.812496907182,69.37498969060665,24.0,80.0,20.0,47.76041408931833,1
21.0,1,3,2.45,68.31454659487525,9.039320725575642,4.0,4.0,2.8645499971684885,2.6714786445647976,4.986745930411955,5.0,1.0,1.0,9.0,9.0,3.0,6.0,5.0,7.0,6.0,6.0,3.41250519841668,0,3.344960332192775,0,1,1,True,False,False,False,False,False,False,True,False,21.0,52.5,12.0,40.0,14.820182716984354,49.40060905661451,11.0,36.666666666666664,63.333333333333336,51.308485597486964,1
28.0,1,3,7.55,83.00348696088703,11.480106444953888,4.0,1.0,4.26166227267602,1.274506498469374,3.1686539457137943,2.0,2.0,4.0,6.0,1.0,7.0,10.0,2.0,6.0,9.0,10.0,8.21083951205729,1,0.8992693860024294,1,0,1,False,False,False,True,False,False,True,False,False,31.0,77.5,5.0,16.666666666666664,13.844190280079559,46.14730093359853,19.0,63.33333333333333,36.66666666666667,44.24515856673297,1
19.0,1,1,6.55,92.57836178000764,0.2805309047453299,1.0,1.0,6.733087386195678,6.44159747552187,4.659725845207018,8.0,0.0,5.0,10.0,7.0,1.0,3.0,7.0,4.0,8.0,1.0,4.692498887612286,0,6.764528219266062,0,0,1,True,False,False,False,False,True,False,False,False,11.0,27.500000000000004,11.0,36.666666666666664,15.048784244119172,50.16261414706391,18.0,60.0,40.0,38.582320203432644,0
17.0,2,2,3.25,72.37137661075897,6.454976402372866,1.0,3.0,5.074401280881104,2.429086843773307,3.880718439748797,9.0,0.0,5.0,9.0,9.0,4.0,7.0,2.0,4.0,7.0,1.0,1.856233919729795,1,3.8827351179824263,1,0,1,True,False,False,False,False,True,False,False,False,23.0,57.49999999999999,13.0,43.333333333333336,13.473967123143407,44.91322374381135,15.0,50.0,50.0,48.93663926928617,1
17.0,1,2,5.55,60.524607758264246,2.615979652661215,3.0,8.0,6.868435846685401,10.0,2.1914798278310723,10.0,3.0,1.0,6.0,3.0,6.0,1.0,6.0,3.0,6.0,9.0,6.947741734662029,1,6.127405150708723,0,1,0,True,False,False,False,False,False,True,False,True,14.0,35.0,12.0,40.0,20.940084325483525,69.80028108494508,14.0,46.666666666666664,53.333333333333336,49.53340360456961,1
24.0,2,4,5.55,95.84436378174476,6.694515790426205,9.0,6.0,3.278005048355477,1.114520852737674,2.388581973664275,16.0,7.0,6.0,5.0,7.0,9.0,4.0,9.0,1.0,5.0,10.0,4.97650989328116,1,3.8827351179824263,1,0,0,False,True,False,False,False,False,False,True,True,15.0,37.5,15.0,50.0,15.447933830717922,51.493112769059735,14.0,46.666666666666664,53.333333333333336,48.08161152559827,1
23.0,2,4,9.55,74.71070754456673,5.597365077106694,4.0,1.0,4.091606790138776,1.5631707860749515,6.995837651648441,3.0,4.0,3.0,9.0,7.0,1.0,10.0,4.0,6.0,2.0,6.0,1.5457010389087789,0,5.4564761147913625,0,1,0,False,False,True,False,False,False,False,False,True,23.0,57.49999999999999,9.0,30.0,10.475726344287734,34.919087814292446,15.0,50.0,50.0,43.10477195357311,1
27.0,1,1,6.55,50.73770902810006,6.909222978627413,7.0,8.0,6.521298670499773,10.0,5.079264579807224,4.0,3.0,4.0,18.0,2.0,9.0,9.0,6.0,5.0,9.0,5.0,5.821386447079942,1,6.446865614621227,0,1,1,False,False,False,True,False,False,False,False,True,27.0,67.5,20.0,66.66666666666666,18.399436749693002,61.33145583231001,30.0,100.0,0.0,48.87453062474417,1
28.0,2,3,7.55,79.82170833474297,6.61154665702469,9.0,10.0,3.737193618069859,3.637268656418285,0.0113798779370295,7.0,1.0,5.0,8.0,5.0,10.0,6.0,1.0,6.0,6.0,9.0,4.97650989328116,1,0.8421181457797369,1,1,0,True,False,False,False,False,False,True,False,True,31.0,77.5,20.0,66.66666666666666,19.888695160411395,66.29565053470465,18.0,60.0,40.0,62.61557930034283,1
29.0,2,4,4.55,99.4457293323628,11.521284470022744,6.0,6.0,5.382437043923559,10.0,3.9402503904344863,1.0,2.0,4.0,4.0,10.0,8.0,6.0,7.0,16.0,9.0,6.0,2.947364012098898,0,4.320085054992122,1,1,0,False,False,True,False,False,True,False,False,False,33.0,82.5,16.0,53.333333333333336,20.677312565641955,68.92437521880652,8.0,26.666666666666668,73.33333333333333,69.5227604713683,1
29.0,2,4,6.55,89.407213868224,6.6262333072168325,6.0,1.0,6.581183015933517,4.4225075882245575,2.7195637178028305,2.0,0.0,4.0,5.0,7.0,10.0,2.0,9.0,1.0,10.0,9.0,2.779820189719684,0,5.724472336192624,0,1,1,False,False,False,False,False,True,False,False,False,14.0,35.0,8.0,26.666666666666668,15.12176085448821,50.4058695149607,12.0,40.0,60.0,43.01813404540684,1
23.0,0,2,5.55,84.74446819308417,10.154785057498408,4.0,10.0,20.21205826425348,1.7676091649644632,5.650684475612928,10.0,0.0,10.0,4.0,2.0,6.0,6.0,5.0,2.0,2.0,2.0,0.2064835076871241,1,6.506014280690998,0,0,0,False,True,False,False,False,False,False,True,True,19.0,47.5,22.0,73.33333333333333,-4.095133574901943,-13.650445249673144,22.0,73.33333333333333,26.66666666666667,33.462388687581715,0
18.0,1,4,6.55,101.33074348278195,3.837843441610158,6.0,10.0,2.639093263020745,1.1165097894568918,5.603626739848893,5.0,7.0,1.0,2.0,10.0,4.0,9.0,3.0,7.0,9.0,6.0,2.8494626761484354,1,7.07854088382317,1,1,1,False,False,False,True,False,True,False,False,True,27.0,67.5,20.0,66.66666666666666,12.873789786587253,42.912632621957506,3.0,10.0,90.0,66.76982482215604,1
29.0,1,3,8.55,92.56838708104044,6.370275808796807,7.0,6.0,6.179192882890575,4.108240047628935,3.7132388240416727,9.0,0.0,2.0,4.0,6.0,6.0,1.0,2.0,9.0,6.0,1.0,9.59311588873448,0,0.7190019214270693,0,0,1,False,False,False,True,False,False,False,False,False,24.0,60.0,22.0,73.33333333333333,14.215808340696686,47.38602780232229,10.0,33.33333333333333,66.66666666666667,61.846506950580576,1
19.0,1,4,3.25,173.7273088936907,5.644961712537718,4.0,1.0,5.170167685937047,6.211036330454892,7.607835302491157,6.0,7.0,2.0,5.0,2.0,6.0,5.0,10.0,6.0,7.0,2.0,3.970705311172464,1,5.914223799967524,1,0,0,False,True,False,False,False,True,False,False,False,17.0,42.5,13.0,43.333333333333336,13.433033342026688,44.776777806755625,15.0,50.0,50.0,45.152527785022244,1
18.0,0,4,9.55,93.35740132431734,3.3447365200245565,0.0,10.0,8.593929995609424,1.0111772201867688,6.977833357873168,3.0,5.0,2.0,13.0,6.0,2.0,8.0,7.0,6.0,1.0,2.0,3.2782629091538995,0,0.7852145364451069,0,0,1,False,False,False,True,False,False,False,False,False,19.0,47.5,18.0,60.0,5.439413866704177,18.131379555680592,19.0,63.33333333333333,36.66666666666667,40.57451155558682,1
19.0,0,1,6.55,59.78966976549276,4.557483137735463,0.0,10.0,9.202376952227477,7.392179227982837,6.929685717832172,3.0,0.0,24.0,4.0,2.0,7.0,7.0,4.0,5.0,8.0,5.0,6.26586203346501,0,3.2331882398762515,1,0,1,False,True,False,False,False,False,False,True,True,25.0,62.5,15.0,50.0,11.260116557923189,37.53372185974396,36.0,120.0,-20.0,32.50843046493599,0
23.0,1,1,9.55,43.72306315812597,7.182156953601303,3.0,3.0,6.179192882890575,4.67027714542205,2.786124087773024,7.0,5.0,1.0,10.0,10.0,6.0,10.0,3.0,5.0,3.0,1.0,9.89093544983494,0,3.5696105697207585,1,1,0,False,False,False,False,False,False,False,False,False,28.0,70.0,15.0,50.0,15.704960174758451,52.34986724919484,11.0,36.666666666666664,63.333333333333336,58.92080014563204,1
17.0,0,3,3.25,68.55855811958477,6.962253159654388,1.0,2.0,5.00111450433275,5.291688822986526,3.447998313219437,3.0,1.0,10.0,4.0,1.0,8.0,2.0,6.0,6.0,3.0,2.0,4.377173454200007,1,2.293230063799621,0,1,0,False,False,True,False,False,False,False,True,True,20.0,50.0,11.0,36.666666666666664,16.84257600543434,56.14192001811447,23.0,76.66666666666667,23.33333333333333,41.53548000452861,1
26.0,1,2,2.45,56.19025628907266,7.637224134881766,6.0,4.0,4.437241175163856,3.875520430179173,3.3516953962265816,10.0,4.0,8.0,6.0,3.0,3.0,8.0,10.0,6.0,9.0,5.0,0.949421133784969,0,6.906500376154334,1,0,1,False,True,False,False,False,False,False,True,False,17.0,42.5,15.0,50.0,16.086583858788735,53.62194619596246,21.0,70.0,30.0,44.030486548990616,1
24.0,1,4,6.55,82.91375738657788,4.221814985041693,2.0,2.0,6.179192882890575,6.8194972598516905,3.522135059711977,3.0,7.0,1.0,7.0,1.0,8.0,9.0,10.0,10.0,8.0,5.0,7.174346696402218,1,4.690875869740553,0,0,1,False,False,False,False,True,False,False,True,False,27.0,67.5,9.0,30.0,17.118169317249137,57.06056439083046,17.0,56.666666666666664,43.333333333333336,49.47347443104095,1
29.0,2,2,3.8,97.42639317136197,3.789977941836685,3.0,5.0,4.751890447774424,6.626248147031992,7.113686360086932,10.0,3.0,8.0,7.0,6.0,4.0,10.0,4.0,6.0,7.0,7.0,8.974262429216871,0,1.1242042955588136,0,1,0,False,False,False,False,False,True,False,False,False,26.0,65.0,11.0,36.666666666666664,14.760671339170637,49.202237797235455,19.0,63.33333333333333,36.66666666666667,46.88389278264219,1
26.0,2,4,1.45,81.45844906909383,6.370275808796807,8.0,4.0,7.750807844545548,6.626248147031992,1.992965596558399,7.0,3.0,12.0,6.0,4.0,10.0,8.0,9.0,4.0,2.0,18.0,4.97650989328116,0,2.98175143576546,1,1,0,False,False,False,False,True,True,False,False,False,23.0,57.49999999999999,4.0,13.333333333333334,16.882474705928047,56.274915686426816,24.0,80.0,20.0,36.777062254940034,0
26.0,1,1,5.55,93.2160357825522,1.5943409811302995,1.0,6.0,6.179192882890575,10.0,6.417560567674586,9.0,3.0,10.0,6.0,2.0,6.0,6.0,10.0,3.0,3.0,6.0,4.972728897302742,0,0.6305579068604024,0,0,0,False,False,False,False,False,False,False,False,False,15.0,37.5,11.0,36.666666666666664,17.40324654943484,58.01082183144947,24.0,80.0,20.0,38.04437212452903,0
26.0,0,1,5.55,67.18144081607238,6.370275808796807,7.0,7.0,7.26947267259105,5.296104813336077,4.112319800358188,6.0,7.0,3.0,3.0,7.0,3.0,9.0,7.0,7.0,10.0,6.0,2.464458534641057,0,3.956654065691308,1,1,0,False,False,False,True,False,False,False,True,False,22.0,55.00000000000001,18.0,60.0,13.91431234038684,46.3810411346228,9.0,30.0,70.0,57.8452602836557,1
18.0,0,1,5.55,86.2984442317181,0.5055328434359425,0.0,2.0,9.415900264836008,1.84623385243091,3.9402503904344863,3.0,5.0,6.0,5.0,7.0,1.0,8.0,6.0,5.0,16.0,9.0,4.459916947937133,1,3.8827351179824263,1,0,0,False,False,False,False,True,False,False,True,False,18.0,45.0,3.0,10.0,8.490083197160416,28.300277323868055,14.0,46.666666666666664,53.333333333333336,34.15840266430035,0
23.0,2,4,6.55,90.5826062003022,1.6214147964059653,2.0,2.0,4.239308557568879,3.533550300229646,4.218350230876434,8.0,0.0,8.0,10.0,8.0,5.0,4.0,3.0,10.0,3.0,3.0,4.222405332608142,1,6.101864595597789,1,0,0,False,False,False,True,False,False,True,False,True,26.0,65.0,11.0,36.666666666666664,15.075891511784333,50.25297170594778,20.0,66.66666666666666,33.33333333333334,46.31324292648694,1
25.0,2,1,1.45,167.10564156123286,2.9205993511273065,3.0,6.0,7.415124932710595,4.409372430208984,1.563532965392345,1.0,0.0,2.0,5.0,21.0,6.0,6.0,5.0,3.0,2.0,9.0,9.626776922337738,0,6.745571893399219,1,1,0,False,True,False,False,False,False,False,True,False,20.0,50.0,10.0,33.33333333333333,15.430714532106045,51.43571510702015,-4.0,-13.333333333333334,113.33333333333333,62.02559544342171,1
23.0,0,1,6.55,70.46663716417387,0.2343513635630283,5.0,9.0,3.1484889724590266,9.466109402833949,0.8654343800562794,8.0,2.0,4.0,4.0,1.0,9.0,5.0,7.0,8.0,7.0,9.0,0.3694665374521511,0,6.797456111217933,1,1,1,False,False,False,True,False,False,False,True,True,25.0,62.5,15.0,50.0,25.452186050318645,84.84062016772882,17.0,56.666666666666664,43.333333333333336,60.16848837526554,1
20.0,1,1,2.45,77.55196657692208,2.9449271050495383,0.0,5.0,2.971071536778073,1.2448104398228408,6.705419342656408,2.0,0.0,8.0,6.0,6.0,7.0,10.0,13.0,16.0,3.0,2.0,3.646593633011834,1,5.435048003886549,1,1,0,False,False,False,False,False,False,True,False,False,30.0,75.0,13.0,43.333333333333336,11.56831956038836,38.56106520129454,18.0,60.0,40.0,49.223599633656974,1
26.0,0,1,5.55,82.03041974073281,7.859715876744312,7.0,7.0,6.179192882890575,6.260744373259257,5.594576187445279,14.0,3.0,14.0,5.0,1.0,3.0,9.0,9.0,3.0,8.0,2.0,3.110525176825194,0,7.354407890681807,1,1,0,False,False,True,False,False,True,False,False,False,16.0,40.0,22.0,73.33333333333333,14.486975302923403,48.28991767641134,28.0,93.33333333333333,6.666666666666671,42.072479419102834,1
21.0,0,2,5.55,55.18506419328561,0.7332849416271965,1.0,9.0,3.108225358762791,5.484617338923897,1.6398319217109512,7.0,2.0,7.0,15.0,2.0,7.0,4.0,7.0,9.0,6.0,7.0,9.821354550346587,1,5.237630742678872,0,1,1,False,False,False,True,False,False,False,True,True,23.0,57.49999999999999,13.0,43.333333333333336,20.736560058450156,69.12186686150051,30.0,100.0,0.0,42.488800048708455,1
18.0,0,1,4.55,88.57475565489909,5.240840133535691,4.0,1.0,3.729318962475536,10.0,7.538357842069192,6.0,6.0,1.0,2.0,7.0,8.0,1.0,1.0,2.0,6.0,8.0,0.0647138114332057,1,7.481722487335782,1,1,0,False,True,False,False,False,True,False,False,True,20.0,50.0,7.0,23.333333333333332,18.732323195455272,62.44107731818425,6.0,20.0,80.0,53.94360266287939,1
29.0,0,1,9.55,97.0194723380364,10.957305443034594,5.0,8.0,6.502643964814355,2.980825135262726,0.1951869867299933,9.0,2.0,8.0,6.0,9.0,4.0,9.0,6.0,3.0,8.0,3.0,2.924671959898232,0,0.7494437245730632,0,0,1,False,True,False,False,False,False,False,True,False,20.0,50.0,20.0,66.66666666666666,16.28299418371838,54.276647279061265,15.0,50.0,50.0,55.235828486431984,1
27.0,1,2,9.55,67.91435891079615,9.495417947104812,7.0,10.0,8.135885188924298,7.906578207800908,5.762392333876511,8.0,0.0,1.0,2.0,7.0,3.0,9.0,14.0,3.0,4.0,7.0,4.97650989328116,1,0.0835217687627114,1,0,0,False,False,False,True,False,True,False,False,False,11.0,27.500000000000004,20.0,66.66666666666666,14.0083006850001,46.694335616667,6.0,20.0,80.0,55.21525057083341,1
29.0,0,4,6.55,82.06403098659264,3.665250027538287,4.0,10.0,3.0148561896873263,3.224165736020025,0.3084588408275604,2.0,6.0,9.0,6.0,9.0,2.0,7.0,6.0,1.0,5.0,6.0,1.592262373856217,1,1.6789794440997223,0,0,0,True,False,False,False,False,False,False,False,True,14.0,35.0,18.0,60.0,19.90085070550514,66.33616901835046,16.0,53.333333333333336,46.666666666666664,52.00070892125428,1
24.0,2,4,8.55,84.22155434742123,11.097665750299765,8.0,9.0,8.960119524725798,7.032642595890251,1.1383807463146658,4.0,6.0,8.0,4.0,8.0,8.0,5.0,3.0,7.0,3.0,7.0,7.893033256096846,1,6.294224695957152,1,0,0,False,False,False,True,False,False,False,True,True,27.0,67.5,20.0,66.66666666666666,16.934142324849788,56.44714108283263,14.0,46.666666666666664,53.333333333333336,60.98678527070816,1
20.0,1,3,4.55,134.91915675014218,3.955757960972698,4.0,21.0,8.741730275441807,7.105695557651681,1.4406350093072913,1.0,2.0,4.0,1.0,10.0,6.0,7.0,6.0,6.0,4.0,2.0,5.637326049520446,1,3.8827351179824263,1,0,0,False,True,False,False,False,False,False,False,False,23.0,57.49999999999999,33.0,110.00000000000001,16.923330272902582,56.41110090967527,5.0,16.666666666666664,83.33333333333334,76.81110856075216,2
25.0,0,1,6.55,72.82690649971813,0.8701859560507499,7.0,10.0,7.819104212023132,1.8288140284429748,6.482678941844541,7.0,4.0,10.0,6.0,2.0,6.0,9.0,3.0,6.0,10.0,8.0,9.059494792238386,0,1.8370536893211915,1,1,0,False,False,True,False,False,False,True,False,False,28.0,70.0,19.0,63.33333333333333,7.527030874575302,25.090102915251006,24.0,80.0,20.0,44.60585906214608,1
21.0,2,1,6.55,92.89887727448864,11.928671481217362,3.0,7.0,5.4077263956917845,6.020964236169549,7.944317364267077,4.0,0.0,4.0,3.0,1.0,2.0,3.0,10.0,6.0,8.0,18.0,8.731020895265182,1,1.3488227285127818,0,0,0,True,False,False,False,False,False,False,True,False,11.0,27.500000000000004,2.0,6.666666666666667,12.668920476210689,42.22973492070229,16.0,53.333333333333336,46.666666666666664,30.765767063508903,0
29.0,1,1,3.8,72.37137661075897,10.44027032627006,8.0,10.0,6.179192882890575,6.0727171875595936,6.938562196888442,8.0,4.0,4.0,7.0,5.0,18.0,5.0,4.0,7.0,7.0,8.0,12.271861406775855,0,6.684625959764338,0,0,0,False,False,False,False,True,False,True,False,False,36.0,90.0,20.0,66.66666666666666,12.954962107780577,43.18320702593526,16.0,53.333333333333336,46.666666666666664,61.62913508981715,1
25.0,2,4,9.55,43.66617738919621,5.591193399613108,7.0,3.0,7.878119530402374,4.510503415563612,5.081063910256304,12.0,0.0,6.0,3.0,7.0,5.0,3.0,1.0,6.0,6.0,6.0,5.542627424850731,1,3.036380486610147,0,1,0,False,False,False,True,False,False,False,False,True,23.0,57.49999999999999,14.0,46.666666666666664,11.551319974904933,38.50439991634978,12.0,40.0,60.0,50.667766645754114,1
20.0,0,1,1.45,90.6733825427296,7.996518290308847,4.0,5.0,9.031889157411516,4.048744090564199,5.783387440459378,8.0,5.0,2.0,6.0,2.0,9.0,8.0,4.0,9.0,5.0,7.0,4.97650989328116,1,7.8230875206515345,0,0,0,False,False,False,False,True,False,False,True,False,32.0,80.0,12.0,40.0,9.233467492693304,30.778224975644346,16.0,53.333333333333336,46.666666666666664,49.36122291057775,1
26.0,0,3,3.8,80.43887633899304,8.054736934280042,2.0,2.0,4.682291009374896,6.626248147031992,4.182567952165481,2.0,4.0,4.0,4.0,4.0,8.0,1.0,6.0,5.0,9.0,7.0,0.60419120922518,0,7.68657399146749,1,1,1,True,False,False,False,False,False,False,False,False,18.0,45.0,7.0,23.333333333333332,17.761389185491616,59.20463061830539,14.0,46.666666666666664,53.333333333333336,45.217824321243015,1
21.0,0,2,2.45,90.9555175899788,2.333786768765524,0.0,10.0,7.74390048976895,1.0653517906213672,3.3803488531839347,8.0,7.0,4.0,9.0,7.0,8.0,4.0,5.0,1.0,4.0,10.0,4.97650989328116,0,2.6747281104654075,0,0,0,False,False,False,True,False,False,True,False,False,18.0,45.0,10.0,33.33333333333333,9.941102447668483,33.13700815889494,16.0,53.333333333333336,46.666666666666664,39.53425203972373,0
25.0,0,4,9.55,48.312846546681655,2.400583597843588,4.0,3.0,2.4963809148902536,1.0199791293787064,5.537351446739514,1.0,6.0,8.0,7.0,9.0,6.0,7.0,5.0,1.0,3.0,16.0,6.125610701311094,1,4.478720078939537,1,0,0,False,False,False,True,False,True,False,False,False,19.0,47.5,1.0,3.3333333333333335,12.98624676774894,43.2874892258298,16.0,53.333333333333336,46.666666666666664,35.19687230645745,0
24.0,1,2,3.25,41.84517643058298,5.634968440221909,4.0,6.0,7.675958971773142,10.0,3.9402503904344863,2.0,0.0,2.0,4.0,6.0,2.0,9.0,9.0,1.0,6.0,5.0,7.953722051941687,1,5.437826155086913,0,1,1,False,False,False,False,False,True,False,False,False,13.0,32.5,15.0,50.0,18.383790637792373,61.279302125974574,10.0,33.33333333333333,66.66666666666667,52.611492198160306,1
19.0,1,1,6.55,96.06247242295008,10.938877681652375,4.0,7.0,2.5464681667911444,4.206103022547563,0.2311523388505358,5.0,7.0,8.0,6.0,7.0,2.0,10.0,9.0,2.0,2.0,6.0,0.1820649324385281,1,5.119807222984464,0,0,1,False,False,False,True,False,True,False,False,False,15.0,37.5,15.0,50.0,21.428482516905884,71.42827505635296,17.0,56.666666666666664,43.333333333333336,50.565402097421575,1
17.0,2,1,6.55,48.86369835103446,0.1199252983028493,9.0,1.0,6.697490687109457,2.8467752136152047,2.512679602592208,1.0,7.0,10.0,5.0,8.0,10.0,2.0,6.0,4.0,9.0,6.0,9.336836094885644,1,3.8827351179824263,0,0,1,False,False,True,False,False,False,True,False,True,20.0,50.0,14.0,46.666666666666664,13.636604923913541,45.455349746378474,17.0,56.666666666666664,43.333333333333336,46.363837436594615,1
23.0,0,1,1.45,156.43853267399712,9.390067631392313,9.0,3.0,6.780426287162349,8.532087260635297,3.9402503904344863,5.0,3.0,2.0,6.0,8.0,7.0,9.0,7.0,6.0,6.0,10.0,0.7303128892723032,1,2.872781540388056,0,1,0,False,False,True,False,False,True,False,False,False,25.0,62.5,12.0,40.0,17.811410583038462,59.37136861012821,10.0,33.33333333333333,66.66666666666667,57.134508819198714,1
20.0,1,3,7.55,89.39259653083815,0.6903214045758497,7.0,6.0,6.179192882890575,10.0,6.284364790759588,5.0,5.0,9.0,2.0,9.0,6.0,20.0,19.0,7.0,16.0,23.0,9.04633739108633,0,5.807268456764787,0,0,0,False,False,False,False,True,False,False,True,True,24.0,60.0,0.0,0.0,17.536442326349835,58.45480775449945,12.0,40.0,60.0,44.613701938624864,1
18.0,1,3,6.55,82.52231203294018,5.738665378597414,4.0,4.0,2.632981816613852,10.0,10.486350294737584,7.0,5.0,9.0,6.0,10.0,3.0,7.0,9.0,5.0,2.0,8.0,1.912293364057716,1,3.8827351179824263,0,1,0,False,False,False,False,True,True,False,False,True,16.0,40.0,10.0,33.33333333333333,16.880667888648563,56.26889296216188,15.0,50.0,50.0,44.9005565738738,1
17.0,0,4,1.45,47.87573266557226,7.654473996881717,9.0,3.0,9.594678197699498,6.626248147031992,3.9402503904344863,2.0,3.0,6.0,5.0,2.0,3.0,4.0,8.0,7.0,9.0,6.0,2.599854504043999,1,4.164801649288918,1,1,1,False,False,False,False,True,False,False,False,False,16.0,40.0,16.0,53.333333333333336,13.091319558898007,43.637731862993355,19.0,63.33333333333333,36.66666666666667,43.40943296574834,1
23.0,0,2,7.55,80.04391747364846,17.47571027551671,8.0,6.0,6.284619232132905,8.994021102099637,0.1498323922063296,2.0,7.0,10.0,6.0,7.0,7.0,5.0,8.0,2.0,10.0,1.0,8.717974587943251,1,1.1868869305149676,1,1,0,False,False,False,True,False,False,False,True,True,16.0,40.0,23.0,76.66666666666667,22.559569477760405,75.19856492586801,19.0,63.33333333333333,36.66666666666667,57.132974564800335,1
24.0,1,1,2.45,72.37137661075897,0.7017511633909366,2.0,6.0,6.638065000990901,2.3924015290351583,3.292876627082973,6.0,0.0,5.0,7.0,16.0,1.0,1.0,18.0,6.0,3.0,6.0,10.31532627002272,0,6.028928365042039,1,1,0,False,True,False,False,False,False,False,False,True,0.0,0.0,12.0,40.0,12.461459900961284,41.53819966987095,6.0,20.0,80.0,40.38454991746774,1
23.0,1,1,7.55,65.53189868805299,5.023243408607619,3.0,4.0,6.9201671122437896,8.326976128546388,4.955589636186426,19.0,3.0,6.0,9.0,7.0,12.0,4.0,9.0,3.0,6.0,10.0,4.97650989328116,1,3.180527412799962,1,1,1,False,False,False,True,False,False,False,False,True,20.0,50.0,7.0,23.333333333333332,16.45121938011617,54.83739793372057,18.0,60.0,40.0,42.042682816763474,1
23.0,1,1,3.25,64.81101126271594,7.006047126027896,5.0,6.0,6.179192882890575,10.0,4.038597799443873,3.0,1.0,8.0,7.0,9.0,6.0,8.0,8.0,9.0,9.0,5.0,20.32202434844081,1,2.46350494940787,1,0,1,True,False,False,False,False,False,False,False,True,25.0,62.5,16.0,53.333333333333336,19.78220931766555,65.94069772555183,16.0,53.333333333333336,46.666666666666664,57.110174431387954,1
28.0,1,1,9.55,66.57149857476514,0.7925464476720832,4.0,6.0,2.4820451563740606,9.396658489721815,6.976494913450514,8.0,5.0,8.0,4.0,4.0,9.0,6.0,7.0,10.0,3.0,1.0,2.9159552369236383,0,0.0912954828650756,1,1,0,False,False,False,False,True,False,False,False,False,28.0,70.0,19.0,63.33333333333333,19.938118419897243,66.4603947329908,18.0,60.0,40.0,59.94843201658103,1
17.0,1,3,6.55,44.936313440572384,1.6211346791437171,9.0,9.0,9.146302142820264,3.894459961331502,3.9402503904344863,3.0,1.0,3.0,5.0,5.0,1.0,7.0,8.0,10.0,9.0,7.0,1.357635621790817,0,1.188316380536837,1,0,0,True,False,False,False,False,False,False,True,True,20.0,50.0,21.0,70.0,10.807907428076751,36.026358093589174,13.0,43.333333333333336,56.666666666666664,53.17325619006396,1
23.0,0,2,6.55,93.5215341417984,7.963787874048462,1.0,10.0,3.9174120688901928,8.043272540301263,0.100469438615292,10.0,0.0,3.0,3.0,5.0,1.0,1.0,9.0,4.0,2.0,10.0,5.404598432603397,0,12.378058363042092,0,0,0,False,False,False,False,False,False,True,False,False,7.0,17.5,11.0,36.666666666666664,24.025391032795778,80.08463677598593,11.0,36.666666666666664,63.333333333333336,49.39615919399648,1
29.0,1,2,6.55,92.15097183883064,6.259658359087821,1.0,10.0,2.6236019967707795,7.801063041107938,2.2791881404359904,4.0,7.0,5.0,12.0,2.0,2.0,15.0,7.0,16.0,4.0,6.0,3.8825755732542087,0,5.990048097689302,1,1,1,False,True,False,False,False,False,False,True,False,36.0,90.0,15.0,50.0,22.898272903901166,76.32757634633722,25.0,83.33333333333334,16.666666666666657,58.24856075325097,1
23.0,0,4,9.55,99.87455930741716,1.9419439352194865,1.0,2.0,7.258126817050651,5.238410547926418,1.0853810157519057,7.0,5.0,5.0,3.0,3.0,7.0,6.0,9.0,5.0,10.0,10.0,7.987571387571569,1,0.3669723785764818,1,0,0,False,True,False,False,False,True,False,False,True,19.0,47.5,3.0,10.0,16.894902715123862,56.31634238374621,15.0,50.0,50.0,40.954085595936554,1
25.0,0,3,6.55,141.51023121264618,6.422872042976802,4.0,6.0,9.815805154053468,8.298576784056886,2.001842587622601,1.0,3.0,2.0,1.0,10.0,7.0,4.0,8.0,2.0,3.0,2.0,4.97650989328116,0,1.2381282585344264,1,1,1,False,False,False,True,False,True,False,False,True,15.0,37.5,18.0,60.0,16.480929042380815,54.93643014126939,3.0,10.0,90.0,60.60910753531735,1
19.0,1,1,2.45,85.07149818708314,10.95230848133299,5.0,4.0,2.457936530452767,1.953651174480014,2.896704144295,1.0,3.0,6.0,5.0,1.0,5.0,2.0,2.0,4.0,7.0,3.0,5.803857739777492,1,7.993697143028977,1,1,0,False,False,False,True,False,False,True,False,True,19.0,47.5,16.0,53.333333333333336,16.599010499732245,55.33003499910748,20.0,66.66666666666666,33.33333333333334,47.37417541644354,1
25.0,1,2,1.45,52.16031437843828,0.1870510173043671,2.0,2.0,5.408974544298927,8.078555232341872,5.413245218569243,9.0,5.0,1.0,7.0,3.0,4.0,2.0,6.0,7.0,4.0,10.0,5.159341115022192,1,3.3108977611643318,1,1,0,False,False,True,False,False,True,False,False,False,17.0,42.5,4.0,13.333333333333334,17.256335469473704,57.52111823157902,15.0,50.0,50.0,40.83861289122809,1
17.0,0,2,8.55,80.05172909345018,7.711605281830256,2.0,5.0,10.796715593303851,7.66617142633933,2.5933599623854384,6.0,6.0,6.0,9.0,5.0,10.0,6.0,6.0,6.0,6.0,8.0,8.497218720117889,1,7.16005385330953,0,1,1,False,False,False,False,False,False,False,True,False,26.0,65.0,9.0,30.0,14.27609587065004,47.586986235500135,20.0,66.66666666666666,33.33333333333334,43.98007989220837,1
17.0,1,3,7.55,78.98397092544344,0.8838052152641032,1.0,3.0,4.016951712827921,3.316868479794966,7.072873400510932,5.0,2.0,6.0,6.0,9.0,6.0,3.0,6.0,5.0,1.0,1.0,5.765666183597505,0,3.8827351179824263,1,1,0,False,False,False,True,False,True,False,False,True,18.0,45.0,13.0,43.333333333333336,12.227043366456112,40.75681122152037,13.0,43.333333333333336,56.666666666666664,46.43920280538009,1
20.0,1,4,7.55,94.07252415049676,0.0773933155764101,5.0,17.0,9.862977193223744,10.0,2.3965432751170583,2.0,2.0,6.0,10.0,1.0,8.0,2.0,7.0,5.0,10.0,9.0,9.956797252418069,1,4.232357088595671,1,1,0,True,False,False,False,False,True,False,False,True,18.0,45.0,23.0,76.66666666666667,17.740479531659197,59.13493177219732,25.0,83.33333333333334,16.666666666666657,49.367066276382666,1
25.0,1,4,1.45,89.84756337034445,1.8078538639276056,0.0,8.0,7.12770571683062,10.0,1.095467297132088,2.0,5.0,3.0,10.0,6.0,7.0,10.0,2.0,5.0,3.0,5.0,0.2653347426588959,1,7.004874288026596,1,0,0,False,False,False,False,False,False,False,False,False,30.0,75.0,13.0,43.333333333333336,21.776826986037292,72.58942328679097,17.0,56.666666666666664,43.333333333333336,58.564022488364415,1
22.0,2,1,4.55,96.3079877570658,5.074879582247032,8.0,18.0,8.754805382773691,3.3153234197902544,1.350923339767384,21.0,7.0,8.0,1.0,2.0,2.0,12.0,1.0,6.0,6.0,10.0,5.03573342909683,0,7.918891077275368,1,1,0,False,True,False,False,False,False,False,True,False,29.0,72.5,26.0,86.66666666666667,13.20959469724918,44.031982324163934,17.0,56.666666666666664,43.333333333333336,61.632995581040994,1
29.0,0,4,5.55,92.13000836209643,9.628127987783436,9.0,4.0,5.326221455773709,6.626248147031992,7.476638911055693,6.0,6.0,9.0,7.0,6.0,2.0,6.0,5.0,10.0,5.0,1.0,9.760049009582936,0,0.5679692845324604,0,1,1,True,False,False,False,False,False,False,False,False,23.0,57.49999999999999,22.0,73.33333333333333,13.82338778020259,46.07795926734197,20.0,66.66666666666666,33.33333333333334,52.56115648350215,1
27.0,2,2,2.45,72.37137661075897,3.381425959254704,3.0,5.0,4.831647097158542,6.626248147031992,3.638515770390068,15.0,4.0,3.0,3.0,10.0,6.0,2.0,2.0,7.0,17.0,6.0,9.456023526159775,1,5.057825985827924,1,0,1,False,False,False,False,False,False,True,False,False,23.0,57.49999999999999,12.0,40.0,18.15608527948338,60.5202842649446,6.0,20.0,80.0,59.50507106623615,1
19.0,1,4,9.55,43.823399601323096,7.508078548665104,1.0,6.0,6.425263159048738,6.279092796816276,3.2250085445000014,6.0,2.0,6.0,1.0,6.0,1.0,3.0,9.0,6.0,7.0,8.0,2.185960437136921,1,3.747696462677293,1,1,1,False,True,False,False,False,False,False,True,True,11.0,27.500000000000004,9.0,30.0,16.62882109326754,55.429403644225125,11.0,36.666666666666664,63.333333333333336,44.065684244389615,1
17.0,2,1,6.55,90.75771716175736,4.93387965546368,5.0,7.0,5.482227541013118,6.626248147031992,3.9402503904344863,3.0,0.0,6.0,4.0,1.0,5.0,5.0,3.0,1.0,10.0,9.0,8.272207351671879,0,4.313598326819192,1,0,1,False,False,False,True,False,False,False,False,True,18.0,45.0,13.0,43.333333333333336,17.203770215584388,57.34590071861463,19.0,63.33333333333333,36.66666666666667,45.58647517965366,1
20.0,1,4,5.55,76.44870367018709,6.090655256095793,4.0,6.0,7.719584441094356,9.371091630480668,5.866568550255348,5.0,2.0,6.0,6.0,5.0,1.0,10.0,6.0,3.0,10.0,9.0,8.053723395173924,1,1.61375928304237,0,0,1,True,False,False,False,False,False,False,True,False,18.0,45.0,11.0,36.666666666666664,15.784938639130964,52.616462130436545,17.0,56.666666666666664,43.333333333333336,44.40411553260913,1
28.0,2,4,6.55,62.82666710595767,6.170965371394304,2.0,7.0,4.126544721694358,10.0,5.557220206213599,10.0,2.0,5.0,6.0,10.0,7.0,10.0,7.0,1.0,4.0,20.0,9.624872917593052,0,13.499523468249295,1,0,0,True,False,False,False,False,True,False,False,True,21.0,52.5,-1.0,-3.3333333333333335,20.31623507209204,67.72078357364015,11.0,36.666666666666664,63.333333333333336,45.05519589341004,1
29.0,1,4,9.55,43.390877463283736,9.56957388447148,2.0,6.0,5.596728248739197,6.254300913138163,3.005924395478062,4.0,6.0,6.0,6.0,2.0,3.0,10.0,6.0,7.0,7.0,6.0,5.093704936230626,0,2.294327313118046,1,0,1,False,True,False,False,False,False,True,False,False,24.0,60.0,12.0,40.0,17.651648268920905,58.838827563069685,20.0,66.66666666666666,33.33333333333334,48.04304022410076,1
25.0,2,3,1.45,80.6604264860828,9.98990844067373,4.0,18.0,9.161061978352478,1.0677058665225243,5.534108397471038,8.0,0.0,6.0,7.0,1.0,9.0,5.0,8.0,6.0,6.0,7.0,5.292373331461075,0,1.114824946823707,1,1,1,True,False,False,False,False,True,False,False,True,22.0,55.00000000000001,25.0,83.33333333333334,6.372535490699008,21.241784968996694,22.0,73.33333333333333,26.66666666666667,46.56044624224917,1
19.0,2,1,9.55,59.69210503225705,10.15823438252684,3.0,10.0,8.048863202746634,7.558938479922159,2.93961408410705,6.0,0.0,6.0,1.0,9.0,5.0,7.0,9.0,2.0,6.0,7.0,4.97650989328116,0,5.670832447054609,1,1,1,False,False,False,True,False,True,False,False,False,15.0,37.5,16.0,53.333333333333336,16.570461193068475,55.234870643561585,8.0,26.666666666666668,73.33333333333333,54.850384327557066,1
28.0,2,4,3.25,68.06657589916209,4.0626937506597525,4.0,1.0,3.344561320143155,8.193624593428233,0.5852641711539546,8.0,6.0,6.0,5.0,6.0,1.0,10.0,3.0,10.0,5.0,4.0,9.989883647057914,1,7.843393084714669,1,0,1,False,False,False,True,False,False,False,True,False,28.0,70.0,11.0,36.666666666666664,24.263799102131124,80.87933034043708,15.0,50.0,50.0,59.38649925177593,1
25.0,0,3,8.55,72.37137661075897,9.521472776589036,1.0,9.0,9.09491863513278,10.0,5.904795018462208,7.0,4.0,8.0,4.0,1.0,10.0,3.0,8.0,2.0,8.0,3.0,3.0913530823817736,1,1.923015001523105,0,1,1,False,False,False,True,False,False,True,False,False,17.0,42.5,17.0,56.666666666666664,15.000286346405012,50.0009544880167,21.0,70.0,30.0,44.79190528867084,1
23.0,2,2,1.45,94.70647282144856,2.5461414613068944,0.0,7.0,6.7121327235615045,3.193476792057292,7.721610347021649,2.0,3.0,6.0,4.0,10.0,4.0,3.0,4.0,7.0,9.0,9.0,6.833012646193036,1,3.751783191955599,1,0,0,False,True,False,False,False,False,False,True,True,20.0,50.0,8.0,26.666666666666668,8.759733721474138,29.19911240491379,10.0,33.33333333333333,66.66666666666667,43.13311143456178,1
28.0,0,3,1.45,89.52621493629991,6.370275808796807,4.0,4.0,7.434297466179865,6.767603968708241,5.186324225392663,6.0,2.0,3.0,7.0,9.0,8.0,7.0,2.0,5.0,9.0,3.0,6.711501472554511,1,0.5181846630864522,0,0,1,False,False,False,False,True,True,False,False,True,28.0,70.0,15.0,50.0,14.146982277135713,47.156607590452374,11.0,36.666666666666664,63.333333333333336,57.62248523094643,1
23.0,1,3,1.45,67.03582774621599,11.3806131152714,0.0,10.0,4.354052526794129,5.91844650428302,2.211689881714844,6.0,7.0,7.0,2.0,9.0,7.0,6.0,4.0,4.0,6.0,3.0,8.57324399316033,1,2.66780401268686,1,1,0,False,False,False,False,True,False,True,False,True,23.0,57.49999999999999,17.0,56.666666666666664,19.352704095774047,64.50901365258017,10.0,33.33333333333333,66.66666666666667,61.33558674647837,1
19.0,2,4,6.55,72.37137661075897,0.1649260162914863,2.0,8.0,5.53235410908526,8.308845072788937,2.1593622837192266,6.0,3.0,6.0,5.0,7.0,6.0,6.0,4.0,6.0,5.0,4.0,6.494860767997569,1,6.446265344676273,1,0,0,False,False,False,True,False,False,True,False,True,24.0,60.0,16.0,53.333333333333336,20.61712867998445,68.72376226661483,14.0,46.666666666666664,53.333333333333336,58.84760723332038,1
26.0,1,4,4.55,54.38678433064285,6.370275808796807,7.0,7.0,8.454499831250008,6.626248147031992,7.431820771895207,2.0,5.0,9.0,7.0,9.0,9.0,10.0,8.0,3.0,6.0,10.0,4.582002223458145,1,7.052442595004755,0,0,0,False,False,False,True,False,True,False,False,True,24.0,60.0,14.0,46.666666666666664,10.739927543886777,35.79975847962259,17.0,56.666666666666664,43.333333333333336,46.44993961990565,1
21.0,1,4,5.55,62.34560507055809,6.370275808796807,7.0,2.0,4.645409750105457,10.0,2.4263224591822983,9.0,1.0,4.0,3.0,1.0,4.0,4.0,10.0,3.0,3.0,10.0,3.1081975896869207,0,1.87489462417534,0,0,1,True,False,False,False,False,False,False,True,False,11.0,27.500000000000004,9.0,30.0,22.928267790712244,76.42755930237415,16.0,53.333333333333336,46.666666666666664,45.148556492260205,1
21.0,2,3,7.55,72.37137661075897,8.421309245850637,8.0,1.0,3.320492924081546,6.622731446621062,6.145537867062545,1.0,3.0,1.0,2.0,3.0,10.0,2.0,8.0,8.0,8.0,6.0,9.691772782769185,0,4.379453020851947,1,0,0,False,True,False,False,False,True,False,False,False,22.0,55.00000000000001,13.0,43.333333333333336,17.156700655476968,57.18900218492322,10.0,33.33333333333333,66.66666666666667,55.54725054623081,1
19.0,0,2,2.45,72.37137661075897,2.1130530992304264,0.0,9.0,5.0264393038678445,6.626248147031992,5.143319858432104,6.0,3.0,6.0,1.0,8.0,1.0,6.0,7.0,2.0,1.0,3.0,3.357361589353596,1,6.27861253250101,0,0,1,True,False,False,False,False,True,False,False,False,12.0,30.0,16.0,53.333333333333336,16.456488984732044,54.85496328244015,9.0,30.0,70.0,52.04707415394337,1
23.0,2,1,2.45,74.43504663757474,11.666199302863111,3.0,7.0,2.5537493392751047,4.742608450494518,4.740814490044561,8.0,5.0,9.0,5.0,3.0,10.0,10.0,4.0,3.0,1.0,15.0,2.551446410632815,1,0.1479618846188053,0,1,1,False,False,True,False,False,True,False,False,False,29.0,72.5,5.0,16.666666666666664,17.44804462117485,58.16014873724951,21.0,70.0,30.0,44.33170385097904,1
25.0,1,3,3.25,47.66835056771277,7.383184415651676,4.0,10.0,7.742851667879458,8.1887443610469,1.4485990512166795,2.0,6.0,8.0,5.0,8.0,6.0,6.0,2.0,15.0,8.0,5.0,7.9265646479849075,1,1.698434599413007,1,1,0,False,False,False,True,False,False,False,True,False,35.0,87.5,19.0,63.33333333333333,18.997293641950762,63.32431213983587,15.0,50.0,50.0,66.03941136829229,1
20.0,1,4,3.25,61.16836055595435,1.9720872147392128,6.0,1.0,6.179192882890575,6.626248147031992,0.2752883672361967,3.0,2.0,2.0,11.0,3.0,6.0,6.0,1.0,10.0,16.0,1.0,4.97650989328116,1,0.2987115694007514,0,0,0,True,False,False,False,False,False,True,False,False,31.0,77.5,16.0,53.333333333333336,20.17176689690522,67.23922298968407,20.0,66.66666666666666,33.33333333333334,57.85147241408769,1
27.0,2,1,3.25,72.82234861723936,0.2462701405501834,4.0,4.0,4.281007256486758,10.0,3.9402503904344863,10.0,4.0,3.0,8.0,4.0,1.0,6.0,2.0,3.0,2.0,1.0,1.8324648162783248,0,1.0145932639040147,1,0,1,True,False,False,False,False,False,False,False,False,18.0,45.0,17.0,56.666666666666664,21.778742353078755,72.59580784359585,17.0,56.666666666666664,43.333333333333336,54.39895196089896,1
21.0,1,2,3.8,71.97313819845218,9.399170385477312,6.0,5.0,6.179192882890575,6.626248147031992,7.905268857998279,10.0,6.0,8.0,2.0,4.0,10.0,3.0,2.0,8.0,6.0,6.0,3.5906410210437336,1,3.8827351179824263,1,1,1,False,False,False,False,False,True,False,False,False,29.0,72.5,15.0,50.0,12.541786406143139,41.805954687143796,16.0,53.333333333333336,46.666666666666664,52.74315533845262,1
20.0,0,1,3.25,42.13020212311794,0.956456873345509,9.0,5.0,6.179192882890575,1.472415245686248,1.5660792338673613,7.0,7.0,9.0,4.0,5.0,3.0,1.0,3.0,6.0,9.0,6.0,2.0346817312938894,0,0.236657353549953,1,1,1,True,False,False,False,False,False,True,False,True,17.0,42.5,18.0,60.0,13.727143128928311,45.75714376309437,18.0,60.0,40.0,47.064285940773594,1
21.0,1,4,2.45,97.05046205374668,1.6926110528428384,7.0,5.0,4.570707524771805,5.43317601071975,4.2949764355129885,6.0,1.0,8.0,5.0,10.0,1.0,5.0,10.0,3.0,8.0,8.0,2.090258473904696,0,3.503042637676428,0,0,1,False,False,True,False,False,False,False,False,True,9.0,22.5,14.0,46.666666666666664,16.567492050434957,55.22497350144986,13.0,43.333333333333336,56.666666666666664,45.26457670869579,1
23.0,1,3,8.55,56.52254088849668,6.897960322268288,9.0,3.0,6.381335120119086,6.626248147031992,5.367834357156406,5.0,3.0,10.0,6.0,10.0,5.0,6.0,5.0,7.0,6.0,1.0,0.757937373510047,0,8.224731104674362,1,0,1,False,False,False,False,True,False,True,False,True,23.0,57.49999999999999,21.0,70.0,14.8770786697565,49.59026223252167,16.0,53.333333333333336,46.666666666666664,55.93923222479708,1
25.0,0,3,5.55,40.97108013591347,6.370275808796807,5.0,16.0,3.746221277055115,4.404247146025906,3.869421732179105,6.0,2.0,1.0,3.0,4.0,8.0,10.0,1.0,6.0,2.0,10.0,6.451882738746142,1,2.3334208729068857,1,1,0,False,False,False,False,False,False,False,True,True,33.0,82.5,21.0,70.0,16.788604136791687,55.96201378930562,10.0,33.33333333333333,66.66666666666667,68.78217011399308,1
23.0,2,4,3.25,44.58664053701695,8.242645423108781,3.0,4.0,2.201385037644881,2.920359046032118,4.055470452777552,10.0,7.0,3.0,1.0,7.0,2.0,2.0,5.0,3.0,3.0,5.0,3.71268962955368,1,3.8827351179824263,1,1,1,False,True,False,False,False,False,False,False,True,12.0,30.0,12.0,40.0,16.663503555609687,55.54501185203229,7.0,23.333333333333332,76.66666666666667,50.55291962967474,1
29.0,1,3,8.55,74.81169419487861,4.722168151963449,0.0,12.0,6.829859831710424,7.821511665230851,5.289820034188752,7.0,0.0,18.0,4.0,4.0,6.0,9.0,6.0,2.0,3.0,6.0,0.595117637946998,0,4.297066146918389,0,0,1,False,True,False,False,False,True,False,False,False,21.0,52.5,16.0,53.333333333333336,15.701831799331675,52.33943933110559,28.0,93.33333333333333,6.666666666666671,41.2098598327764,1
23.0,0,4,3.8,48.26713124050581,9.286784027601875,4.0,7.0,7.713007462277834,9.58820766391936,3.9402503904344863,10.0,3.0,1.0,10.0,1.0,6.0,2.0,1.0,8.0,9.0,6.0,6.509911434091111,0,6.43847713109597,0,1,0,False,False,False,False,True,False,False,False,False,25.0,62.5,15.0,50.0,17.93494981120704,59.78316603735681,20.0,66.66666666666666,33.33333333333334,51.40412484267254,1
26.0,1,3,3.8,42.503487571210194,11.692303195390664,9.0,5.0,9.038254123567835,6.646816617897415,2.666300907859441,10.0,6.0,7.0,6.0,5.0,5.0,2.0,4.0,8.0,9.0,10.0,2.9684525161974094,0,3.8827351179824263,0,1,0,False,True,False,False,False,True,False,False,False,21.0,52.5,14.0,46.666666666666664,14.942261586470138,49.807538621567126,18.0,60.0,40.0,47.243551322058444,1
26.0,2,3,7.55,62.77758798476268,3.2531393169585963,9.0,8.0,8.17506688851779,9.750203806276708,7.194201852941726,6.0,6.0,4.0,7.0,8.0,7.0,6.0,2.0,2.0,5.0,17.0,1.620541164531489,1,6.5348164143268255,1,1,0,False,False,True,False,False,False,False,False,False,23.0,57.49999999999999,10.0,33.33333333333333,14.380935064817193,47.93645021605731,13.0,43.333333333333336,56.666666666666664,48.859112554014324,1
23.0,0,3,6.55,72.37137661075897,8.436343398455351,9.0,8.0,9.41342160396412,1.1409462626685434,3.8792069830642113,3.0,1.0,7.0,4.0,6.0,6.0,10.0,8.0,9.0,5.0,3.0,9.603208633749036,1,3.118555354223504,1,0,0,False,False,False,True,False,False,False,True,True,27.0,67.5,24.0,80.0,7.848317675640213,26.161058918800713,15.0,50.0,50.0,55.915264729700176,1
26.0,1,2,6.55,72.37137661075897,11.14162382874188,3.0,6.0,9.887627804342962,10.0,5.2950197773973295,7.0,7.0,4.0,4.0,4.0,10.0,1.0,2.0,7.0,8.0,9.0,4.97650989328116,1,10.918444767678048,0,0,0,False,False,False,False,True,False,False,True,True,26.0,65.0,10.0,33.33333333333333,14.81735241825971,49.391174727532366,14.0,46.666666666666664,53.333333333333336,50.26446034854976,1
21.0,2,2,6.55,114.0733090481058,8.235441151404512,4.0,5.0,7.959483581966386,2.9619624715768715,0.8521090726595091,1.0,0.0,8.0,6.0,6.0,4.0,8.0,1.0,6.0,3.0,7.0,3.866651730724264,1,6.5934673391522045,0,0,0,False,False,False,False,False,False,False,False,True,27.0,67.5,12.0,40.0,14.150369816950978,47.16789938983659,18.0,60.0,40.0,48.666974847459144,1
19.0,1,4,6.55,65.06564029747253,8.173313983731115,4.0,4.0,8.943386406642674,6.070294915452513,3.9398342910225272,4.0,1.0,6.0,1.0,1.0,6.0,1.0,2.0,12.0,9.0,10.0,6.155407476290865,1,16.330717713327946,1,1,0,True,False,False,False,False,False,True,False,True,27.0,67.5,8.0,26.666666666666668,13.187074217787313,43.956914059291044,16.0,53.333333333333336,46.666666666666664,46.19756184815609,1
23.0,2,2,9.55,49.56760586720603,2.685270829022479,4.0,6.0,7.389852025825478,6.626248147031992,3.9402503904344863,6.0,2.0,10.0,5.0,10.0,4.0,9.0,10.0,3.0,5.0,6.0,9.934144605822684,0,1.1642483843048126,1,0,1,False,True,False,False,False,True,False,False,False,16.0,40.0,14.0,46.666666666666664,15.296145730772029,50.98715243590676,15.0,50.0,50.0,46.91345477564335,1
29.0,2,4,4.55,70.36443390800261,6.421562403836315,2.0,6.0,3.367502329666153,10.0,3.128197910720316,7.0,3.0,10.0,17.0,1.0,6.0,4.0,4.0,4.0,9.0,6.0,0.8246028217199142,1,2.8279494266728067,1,1,0,False,True,False,False,False,False,True,False,False,20.0,50.0,12.0,40.0,23.50429975961353,78.34766586537843,36.0,120.0,-20.0,37.086916466344604,0
27.0,0,1,6.55,45.11284521410626,6.750274123254962,2.0,4.0,3.45361941057828,10.0,0.4358736045515732,4.0,4.0,8.0,6.0,12.0,6.0,3.0,5.0,6.0,10.0,10.0,9.315167309101083,1,0.3722424263108843,1,0,0,False,False,False,False,False,True,False,False,False,20.0,50.0,6.0,20.0,26.110506984870145,87.03502328290048,12.0,40.0,60.0,54.25875582072512,1
27.0,2,1,3.8,42.79110978070412,8.401554749471433,9.0,5.0,2.882075650522105,3.8063306319128536,3.9402503904344863,1.0,6.0,1.0,5.0,4.0,9.0,7.0,6.0,8.0,9.0,1.0,18.269673505281123,1,2.571541599526541,0,1,1,False,False,True,False,False,True,False,False,False,28.0,70.0,23.0,76.66666666666667,16.984004590956264,56.613348636520875,12.0,40.0,60.0,65.82000382579689,1
18.0,1,2,7.55,71.19012202930809,11.96185739875419,6.0,6.0,9.543797759948188,6.626248147031992,5.382440966984285,8.0,2.0,9.0,7.0,4.0,4.0,8.0,4.0,2.0,4.0,3.0,7.791701921096487,1,2.244808668362764,0,1,0,False,False,False,False,False,False,False,True,False,20.0,50.0,19.0,63.33333333333333,11.70000942009952,39.00003140033173,22.0,73.33333333333333,26.66666666666667,44.75000785008294,1
28.0,2,1,8.55,54.873818365052536,0.4037258705251449,1.0,3.0,7.382013582715041,8.155739607003312,6.335010849838116,6.0,5.0,9.0,17.0,6.0,5.0,5.0,7.0,5.0,6.0,6.0,1.0264896687654743,1,7.283451708222962,1,1,0,False,False,False,False,True,True,False,False,False,18.0,45.0,8.0,26.666666666666668,14.438715174450156,48.12905058150052,30.0,100.0,0.0,29.9489293120418,0
25.0,2,1,3.25,45.72242847388165,0.782791935209842,8.0,6.0,8.319278003724197,6.531246454285292,3.9402503904344863,2.0,2.0,6.0,8.0,9.0,7.0,6.0,6.0,10.0,7.0,2.0,2.9086288055413343,1,7.5593678151408,1,0,1,False,False,False,True,False,False,False,False,True,27.0,67.5,22.0,73.33333333333333,14.27171806012661,47.57239353375537,15.0,50.0,50.0,59.60143171677217,1
26.0,0,3,6.55,65.43475524925793,0.9354008331710252,7.0,9.0,4.649258694594914,7.222756561017639,6.815181907566144,6.0,4.0,9.0,2.0,8.0,8.0,6.0,8.0,6.0,6.0,5.0,2.7111652600484835,0,5.560571901375686,1,1,0,False,True,False,False,False,True,False,False,False,22.0,55.00000000000001,21.0,70.0,15.758315958856581,52.52771986285527,13.0,43.333333333333336,56.666666666666664,58.54859663238048,1
26.0,2,3,9.55,94.90844437104369,8.915749613867481,5.0,4.0,5.683373680614063,1.5089723404699986,6.984324718541523,6.0,4.0,6.0,2.0,3.0,1.0,10.0,10.0,5.0,7.0,20.0,4.97650989328116,1,2.2623728055535093,1,1,1,False,False,True,False,False,True,False,False,False,16.0,40.0,-1.0,-3.3333333333333335,8.841273941314412,29.47091313771471,15.0,50.0,50.0,29.034394951095344,0
28.0,2,4,8.55,83.4515467992493,6.370275808796807,4.0,4.0,2.3182362546935424,9.528408037797403,2.854545918736177,8.0,5.0,6.0,10.0,2.0,7.0,6.0,9.0,1.0,1.0,9.0,1.199653581742891,0,0.0553802743681881,0,1,0,False,False,False,True,False,False,False,True,False,15.0,37.5,9.0,30.0,24.35562586436768,81.18541954789227,24.0,80.0,20.0,42.17135488697306,1
17.0,1,1,6.55,88.93695492082165,7.469422493884142,2.0,20.0,9.11205920348078,3.5558875659602744,3.0148392671434623,5.0,5.0,4.0,5.0,1.0,10.0,15.0,1.0,9.0,5.0,1.0,8.162636371578762,1,5.3644377745303125,1,1,1,False,False,False,True,False,True,False,False,True,43.0,107.5,31.0,103.33333333333334,11.428989095336032,38.096630317786776,18.0,60.0,40.0,72.23249091278004,2
29.0,0,4,6.55,92.3148393255182,3.896026534721501,3.0,6.0,6.179192882890575,4.684304590024048,4.065925669499202,2.0,0.0,3.0,6.0,10.0,9.0,4.0,11.0,10.0,1.0,7.0,6.82173580213775,0,3.995195542633772,1,0,0,False,False,False,False,False,True,False,False,True,22.0,55.00000000000001,12.0,40.0,14.439186037634272,48.13062012544757,9.0,30.0,70.0,53.28265503136189,1
22.0,0,4,6.55,186.13645503762305,5.487839474528531,6.0,3.0,8.278490678914354,3.5118908380431124,0.3379479603369733,7.0,1.0,3.0,10.0,14.0,2.0,3.0,3.0,6.0,8.0,8.0,8.610648376368388,1,1.65878164378792,0,1,1,False,False,False,False,True,True,False,False,True,18.0,45.0,11.0,36.666666666666664,14.895452198791787,49.65150732930596,9.0,30.0,70.0,50.329543498993154,1
23.0,0,1,2.45,85.79479441085039,6.370275808796807,0.0,1.0,2.466416541449532,10.0,7.966146375715728,3.0,2.0,2.0,1.0,6.0,2.0,6.0,8.0,5.0,1.0,6.0,2.2262487522160743,0,1.406092376202036,1,1,1,False,True,False,False,False,False,True,False,True,15.0,37.5,5.0,16.666666666666664,19.56743708283474,65.2247902761158,7.0,23.333333333333332,76.66666666666667,49.01453090236228,1
29.0,2,2,6.55,76.50447531636878,10.393278735654505,0.0,6.0,6.179192882890575,2.855939981946437,3.9402503904344863,6.0,0.0,6.0,8.0,8.0,4.0,7.0,1.0,6.0,6.0,2.0,6.2047284304607855,1,3.8827351179824263,1,0,1,True,False,False,False,False,False,False,False,False,26.0,65.0,14.0,46.666666666666664,12.736496708621374,42.45498902873791,16.0,53.333333333333336,46.666666666666664,50.19708059051781,1
24.0,0,1,6.55,61.92555281813483,7.0338038899563164,0.0,8.0,4.673365262035691,9.055509044199864,3.766746506853808,6.0,5.0,9.0,6.0,4.0,1.0,2.0,10.0,3.0,6.0,8.0,8.509559855777,1,1.0420058903580776,0,1,1,False,False,True,False,False,True,False,False,False,6.0,15.0,10.0,33.33333333333333,20.615397275310364,68.71799091770121,21.0,70.0,30.0,36.762831062758636,0
26.0,2,3,6.55,50.89859419346297,11.334759162987032,7.0,8.0,4.104501402733374,3.7032202333239033,6.03805662507721,5.0,3.0,7.0,3.0,2.0,9.0,6.0,2.0,9.0,2.0,18.0,0.504495669457472,1,4.392491971550539,0,1,1,False,False,False,False,False,False,False,False,False,32.0,80.0,7.0,23.333333333333332,13.56066220551332,45.202207351711074,18.0,60.0,40.0,47.1338851712611,1
25.0,2,1,4.55,72.37137661075897,6.8951549964519545,5.0,6.0,8.70767870824855,5.674115810191402,3.9402503904344863,9.0,2.0,3.0,8.0,5.0,5.0,3.0,1.0,4.0,4.0,1.0,5.505915711479824,1,7.328223351904801,0,1,1,False,False,False,True,False,False,False,True,False,21.0,52.5,20.0,66.66666666666666,13.026186711508366,43.420622371694556,16.0,53.333333333333336,46.666666666666664,52.313488926256966,1
18.0,1,2,6.55,72.37137661075897,6.370275808796807,2.0,7.0,3.5586860656049595,10.0,1.613051388434891,4.0,1.0,8.0,1.0,8.0,3.0,10.0,1.0,6.0,8.0,2.0,7.272225314114494,0,6.331771732004195,1,1,0,False,False,False,False,True,True,False,False,True,28.0,70.0,17.0,56.666666666666664,24.82826254596015,82.7608751532005,11.0,36.666666666666664,63.333333333333336,68.19021878830011,1
27.0,1,4,8.55,68.04152107713514,2.0504452060617053,9.0,2.0,6.256995722711796,2.1063441866637285,1.019600967853978,9.0,4.0,9.0,3.0,6.0,6.0,8.0,9.0,6.0,3.0,4.0,3.715746339794739,1,7.531434015112092,1,1,0,False,False,False,True,False,True,False,False,True,21.0,52.5,17.0,56.666666666666664,14.829747496097953,49.432491653659845,16.0,53.333333333333336,46.666666666666664,51.31645624674829,1
26.0,1,4,8.55,83.42076208556846,6.370275808796807,6.0,9.0,6.571048782554498,10.0,4.224138472650214,1.0,2.0,6.0,9.0,8.0,7.0,2.0,10.0,2.0,8.0,3.0,3.535400720269517,0,1.9862324071102524,0,1,0,False,True,False,False,False,False,False,True,False,11.0,27.500000000000004,22.0,73.33333333333333,19.204812744795287,64.01604248265096,17.0,56.666666666666664,43.333333333333336,52.045677287329404,1
18.0,1,3,3.25,69.70554699958937,8.706782367970414,5.0,6.0,6.179192882890575,10.0,0.0439863000220439,6.0,3.0,1.0,6.0,3.0,4.0,5.0,1.0,9.0,7.0,2.0,0.3229836703487709,0,7.61679676940648,0,0,1,False,False,True,False,False,True,False,False,False,27.0,67.5,19.0,63.33333333333333,23.776820817087383,79.25606939029127,14.0,46.666666666666664,53.333333333333336,65.85568401423947,1
21.0,1,3,7.55,65.9160054018086,0.5913450003490759,4.0,2.0,3.9255034538436737,8.68050024422207,5.6761655280306345,1.0,4.0,9.0,6.0,5.0,2.0,8.0,4.0,2.0,6.0,6.0,4.897068049632187,0,3.8827351179824263,1,1,0,False,True,False,False,False,False,False,False,False,18.0,45.0,10.0,33.33333333333333,19.078831262347762,63.596104207825874,20.0,66.66666666666666,33.33333333333334,43.81569271862313,1
29.0,2,3,3.8,72.37137661075897,19.270897206934567,4.0,5.0,6.179192882890575,1.1095840870885585,3.691116003752829,9.0,6.0,6.0,9.0,16.0,5.0,9.0,7.0,10.0,10.0,6.0,5.963074688516334,1,5.045303156428397,1,1,0,False,False,False,True,False,False,False,False,True,27.0,67.5,13.0,43.333333333333336,11.239275200445155,37.46425066815052,9.0,30.0,70.0,54.57439600037097,1
21.0,2,4,6.55,70.27748097590185,4.94607656171534,3.0,1.0,5.30719393815218,10.0,4.254582605184235,8.0,6.0,7.0,7.0,3.0,7.0,7.0,5.0,5.0,6.0,6.0,7.403945798243104,1,3.8827351179824263,0,1,1,True,False,False,False,False,False,True,False,False,24.0,60.0,8.0,26.666666666666668,20.438223456663586,68.12741152221196,21.0,70.0,30.0,46.19851954721966,1
22.0,0,3,5.55,62.0137397119225,3.686500641878286,0.0,5.0,7.818479964293319,10.0,2.105637191138781,8.0,6.0,3.0,6.0,7.0,10.0,9.0,10.0,2.0,6.0,7.0,0.8633369256818157,0,7.9539318831635075,1,0,1,True,False,False,False,False,False,False,False,False,21.0,52.5,8.0,26.666666666666668,20.0758828445679,66.919609481893,12.0,40.0,60.0,51.52156903713992,1
23.0,2,1,7.55,84.92639930930847,1.8487295247664115,8.0,10.0,6.551217410710009,10.0,1.4260244399084998,6.0,3.0,4.0,1.0,1.0,10.0,9.0,5.0,9.0,6.0,6.0,4.97650989328116,1,3.502116385119117,1,1,0,True,False,False,False,False,False,False,True,True,33.0,82.5,22.0,73.33333333333333,22.02275814938149,73.40919383127164,14.0,46.666666666666664,53.333333333333336,70.64396512448457,2
24.0,2,4,5.55,92.456321595491,10.078847454678789,4.0,4.0,8.582489348289826,6.626248147031992,5.599917369979274,9.0,2.0,7.0,6.0,8.0,3.0,8.0,6.0,6.0,10.0,6.0,2.575411887434378,0,1.5001450783315144,0,1,0,False,False,False,False,True,True,False,False,True,21.0,52.5,12.0,40.0,12.443841428762891,41.47947142920964,15.0,50.0,50.0,45.99486785730241,1
23.0,1,2,6.55,92.97311839871104,0.7660965478692083,1.0,6.0,3.727134585869334,5.901456640371732,1.6821882690109122,3.0,6.0,9.0,4.0,6.0,2.0,7.0,6.0,8.0,8.0,8.0,2.0687834189127208,0,4.591507013188499,1,1,0,False,False,True,False,False,False,False,False,True,21.0,52.5,9.0,30.0,20.492133785491486,68.30711261830496,17.0,56.666666666666664,43.333333333333336,48.535111487909575,1
17.0,1,4,2.45,53.66192280554955,3.478025548555684,8.0,5.0,7.402452988584209,8.575146443633226,3.9402503904344863,7.0,5.0,8.0,6.0,10.0,2.0,6.0,6.0,1.0,6.0,6.0,2.4565662425041177,0,2.0446371522255244,1,0,1,False,True,False,False,False,True,False,False,True,13.0,32.5,17.0,56.666666666666664,17.232443064614532,57.441476882048434,14.0,46.666666666666664,53.333333333333336,49.985369220512105,1
22.0,1,1,6.55,93.75454832388944,3.6765947259084526,6.0,18.0,6.179192882890575,6.336413631530737,1.629380156093931,6.0,7.0,8.0,2.0,6.0,4.0,3.0,8.0,6.0,2.0,6.0,4.97650989328116,0,3.487870603751823,0,0,0,False,False,False,True,False,False,True,False,True,15.0,37.5,28.0,93.33333333333333,18.527840592546234,61.75946864182078,14.0,46.666666666666664,53.333333333333336,61.48153382712186,1
20.0,0,1,6.55,60.493073911306304,1.930863407562004,7.0,5.0,3.172457127851412,4.883201844749843,4.90146482443799,5.0,2.0,1.0,6.0,4.0,4.0,8.0,10.0,6.0,10.0,7.0,7.327847617606449,1,1.6644266125430454,0,1,0,False,False,False,True,False,True,False,False,False,18.0,45.0,15.0,50.0,16.80927989246044,56.03093297486814,13.0,43.333333333333336,56.666666666666664,51.9243999103837,1
17.0,0,4,8.55,58.55845992911786,6.098218599442443,2.0,6.0,2.199593569248618,7.890691424657934,5.150976512512864,9.0,3.0,6.0,8.0,6.0,5.0,3.0,9.0,6.0,3.0,6.0,4.356905854110539,1,3.094121273078505,1,0,0,True,False,False,False,False,True,False,False,False,15.0,37.5,12.0,40.0,20.54012134289645,68.46707114298816,18.0,60.0,40.0,46.491767785747044,1
23.0,2,4,8.55,83.60536344389416,0.1404315217307115,6.0,2.0,20.286601231375712,9.468156836059537,4.045164728172003,4.0,1.0,6.0,1.0,10.0,3.0,6.0,2.0,2.0,2.0,7.0,0.6317372599460747,0,0.7402070284900484,0,0,1,False,False,True,False,False,False,False,False,False,19.0,47.5,11.0,36.666666666666664,5.136390876511821,17.121302921706068,7.0,23.333333333333332,76.66666666666667,44.488659063759854,1
25.0,0,4,6.55,58.281780405177365,3.6117061849249095,0.0,3.0,3.005524108516319,7.994908653460125,3.9402503904344863,3.0,0.0,5.0,3.0,14.0,1.0,9.0,6.0,9.0,3.0,3.0,3.47391733151325,0,2.278353645320684,1,0,0,False,False,True,False,False,False,False,False,True,23.0,57.49999999999999,10.0,33.33333333333333,21.04913415450932,70.16378051503108,4.0,13.333333333333334,86.66666666666667,61.91594512875777,1
29.0,1,4,4.55,72.37137661075897,11.203553328396769,5.0,3.0,7.639611429495319,10.0,3.9402503904344863,3.0,0.0,1.0,1.0,7.0,4.0,10.0,14.0,2.0,1.0,1.0,4.97650989328116,0,4.8695420041626525,0,1,1,False,False,False,True,False,True,False,False,False,12.0,30.0,17.0,56.666666666666664,18.420138180070197,61.400460600233984,5.0,16.666666666666664,83.33333333333334,57.85011515005849,1
20.0,0,2,3.25,72.37137661075897,3.726354832104069,9.0,3.0,7.221479671575873,2.9401247206008065,7.06656916124396,2.0,7.0,3.0,7.0,9.0,1.0,6.0,10.0,6.0,6.0,5.0,2.118857875649849,1,17.623470272613602,0,0,1,False,False,False,False,False,False,True,False,True,13.0,32.5,17.0,56.666666666666664,8.652075887780974,28.840252959269915,11.0,36.666666666666664,63.333333333333336,45.33506323981748,1
20.0,1,3,3.25,83.28793602150094,4.32551264528102,5.0,6.0,4.733760339588212,9.738584114210967,1.3538255387064853,1.0,1.0,12.0,1.0,1.0,8.0,9.0,9.0,10.0,6.0,10.0,1.2931763170992638,0,3.8827351179824263,0,0,0,False,False,True,False,False,False,False,True,False,28.0,70.0,11.0,36.666666666666664,23.65099823591627,78.83666078638757,22.0,73.33333333333333,26.66666666666667,53.04249852993023,1
22.0,1,1,8.55,59.61750521621059,5.677980578808858,9.0,6.0,8.678794102932667,4.438443940076529,2.6976869796304497,3.0,2.0,10.0,9.0,10.0,6.0,4.0,10.0,3.0,6.0,4.0,4.97650989328116,1,0.2123836657944453,1,0,0,False,False,True,False,False,False,False,True,False,13.0,32.5,21.0,70.0,13.061962857513413,43.53987619171137,19.0,63.33333333333333,36.66666666666667,45.67663571459451,1
28.0,1,1,8.55,77.77354335970878,6.740320498217697,5.0,7.0,3.4266259956433185,3.1353985363457832,1.1629369671771013,8.0,2.0,6.0,8.0,6.0,2.0,9.0,1.0,5.0,7.0,1.0,8.800870841022949,1,7.309449059144308,1,0,1,False,False,False,True,False,False,False,True,False,25.0,62.5,21.0,70.0,18.545835573525366,61.81945191175122,18.0,60.0,40.0,58.57986297793781,1
19.0,1,3,3.8,79.60716665578782,9.704503737848928,2.0,7.0,6.682622824401912,5.87491760233886,3.9402503904344863,6.0,5.0,5.0,3.0,6.0,5.0,2.0,6.0,13.0,1.0,5.0,6.249474408761028,0,5.15485151572219,0,1,1,False,False,False,True,False,False,False,True,False,24.0,60.0,14.0,46.666666666666664,15.252044387502462,50.84014795834154,12.0,40.0,60.0,54.37670365625205,1
29.0,2,1,1.45,84.02416070358137,2.2838546778722115,5.0,12.0,11.071043889878853,10.0,5.106058401138776,2.0,7.0,2.0,4.0,6.0,5.0,1.0,6.0,3.0,1.0,6.0,2.5055921507948558,1,2.6972257866746965,0,0,1,False,False,True,False,False,True,False,False,False,13.0,32.5,21.0,70.0,13.82289770898237,46.0763256966079,10.0,33.33333333333333,66.66666666666667,53.81074809081865,1
28.0,0,1,9.55,93.8278279786562,6.370275808796807,4.0,1.0,9.007480162801857,6.918091208778786,3.6280318761040986,8.0,2.0,3.0,9.0,2.0,1.0,8.0,1.0,9.0,2.0,7.0,1.7428600405820849,1,2.9312314988594457,0,0,0,False,False,True,False,False,True,False,False,False,27.0,67.5,8.0,26.666666666666668,14.28257916987283,47.60859723290943,20.0,66.66666666666666,33.33333333333334,43.77714930822736,1
22.0,2,3,4.55,65.95386995610589,9.090592285726672,9.0,6.0,7.12002462729549,4.150453643740097,5.761288397216061,5.0,3.0,1.0,10.0,8.0,5.0,6.0,4.0,4.0,7.0,10.0,8.419573028249566,1,0.2513468198939055,1,1,0,False,False,False,True,False,True,False,False,True,21.0,52.5,15.0,50.0,11.269140619228546,37.56380206409516,13.0,43.333333333333336,56.666666666666664,49.18261718269046,1
23.0,1,1,7.55,49.98592459974742,8.671804015938664,8.0,3.0,8.554199808644197,10.0,10.55711368638872,4.0,5.0,6.0,6.0,6.0,8.0,6.0,9.0,9.0,7.0,18.0,4.97650989328116,0,7.794587306365499,1,1,1,False,False,False,True,False,True,False,False,True,24.0,60.0,3.0,10.0,10.888686504967083,36.29562168322361,16.0,53.333333333333336,46.666666666666664,38.240572087472565,0
27.0,2,4,9.55,59.13554292591336,6.370275808796807,6.0,3.0,6.179192882890575,7.743832828888404,3.9402503904344863,1.0,7.0,8.0,5.0,10.0,10.0,9.0,4.0,3.0,9.0,4.0,4.97650989328116,1,6.883872004990911,1,0,1,False,True,False,False,False,False,True,False,True,28.0,70.0,15.0,50.0,17.624389555563344,58.74796518521115,13.0,43.333333333333336,56.666666666666664,58.85365796296945,1
26.0,0,2,3.8,72.37137661075897,0.2596882796950162,3.0,3.0,7.367945176228761,4.880214159943884,1.9332988553964905,1.0,0.0,4.0,5.0,10.0,2.0,9.0,5.0,13.0,3.0,6.0,4.97650989328116,0,0.5231745984178975,1,0,1,False,False,False,False,False,True,False,False,True,29.0,72.5,10.0,33.33333333333333,15.578970128318634,51.92990042772878,9.0,30.0,70.0,56.94080844026553,1
26.0,2,4,9.55,82.8334881596868,7.128152410897008,4.0,9.0,3.869669107436968,6.921813952127359,2.563194040139829,4.0,3.0,2.0,1.0,6.0,8.0,3.0,9.0,4.0,3.0,4.0,4.97650989328116,0,5.452488003505916,1,1,0,False,False,False,False,True,True,False,False,False,16.0,40.0,19.0,63.33333333333333,20.488950804550562,68.29650268183521,7.0,23.333333333333332,76.66666666666667,62.0741256704588,1
19.0,0,2,9.55,40.78732753369801,6.370275808796807,5.0,4.0,6.179192882890575,4.0157588279811005,3.042212432365762,19.0,7.0,4.0,1.0,6.0,8.0,2.0,8.0,2.0,8.0,7.0,7.287089737454736,0,3.593794096150493,1,1,1,False,True,False,False,False,True,False,False,False,14.0,35.0,12.0,40.0,14.794353512724763,49.314511709082545,9.0,30.0,70.0,48.57862792727064,1
23.0,1,1,3.8,58.94712300639274,7.013297569687631,8.0,5.0,7.764612232714728,6.626248147031992,1.6301300762559991,10.0,6.0,10.0,3.0,10.0,1.0,6.0,1.0,5.0,6.0,1.0,0.3633973464191919,1,6.4663854847523,0,1,0,False,True,False,False,False,False,False,False,True,21.0,52.5,22.0,73.33333333333333,17.231505838061267,57.43835279353756,13.0,43.333333333333336,56.666666666666664,59.98458819838439,1
23.0,0,1,8.55,86.79055486115901,2.55881838534637,2.0,3.0,8.347463670599527,8.763006447199958,2.889889892571348,10.0,3.0,4.0,2.0,7.0,4.0,5.0,3.0,9.0,3.0,6.0,1.755545694562769,1,4.986915437557768,1,0,1,False,False,True,False,False,True,False,False,False,25.0,62.5,9.0,30.0,17.525652884029082,58.418842946763604,9.0,30.0,70.0,55.229710736690905,1
29.0,0,4,8.55,80.25146219984173,1.086238775390559,4.0,10.0,6.179192882890575,7.430801868082763,1.904365414882521,6.0,2.0,5.0,6.0,2.0,5.0,10.0,4.0,8.0,8.0,6.0,6.47148970173265,0,3.302473968391313,1,0,0,False,True,False,False,False,False,False,False,False,29.0,72.5,18.0,60.0,19.347243570309665,64.49081190103222,19.0,63.33333333333333,36.66666666666667,58.41436964192472,1
29.0,1,3,6.55,83.90439841513631,8.39515743381282,5.0,1.0,8.32061453494645,2.028355496447175,7.965822843669346,1.0,6.0,13.0,1.0,4.0,6.0,6.0,3.0,8.0,3.0,10.0,9.197334085741272,0,3.4913098890924976,1,1,0,False,False,False,True,False,False,True,False,True,27.0,67.5,6.0,20.0,5.7419181178313785,19.139727059437927,20.0,66.66666666666666,33.33333333333334,34.99326509819282,0
18.0,0,1,9.55,88.70864616635168,8.661243327813715,3.0,4.0,5.549957402818845,10.0,6.266002723107251,8.0,0.0,6.0,5.0,7.0,8.0,5.0,16.0,8.0,6.0,8.0,4.97650989328116,0,5.212578773576519,1,0,1,True,False,False,False,False,False,True,False,True,15.0,37.5,9.0,30.0,18.184039874073903,60.613466246913006,14.0,46.666666666666664,53.333333333333336,45.361699895061584,1
28.0,1,3,7.55,86.99414313267773,2.070380408245304,4.0,1.0,8.861162786963046,1.5427061525477366,6.880136560088852,18.0,6.0,7.0,3.0,6.0,3.0,4.0,6.0,8.0,1.0,6.0,1.4967800770852755,1,5.237690012914695,0,0,0,False,False,False,True,False,False,False,True,False,19.0,47.5,9.0,30.0,5.801406805495839,19.338022684986132,14.0,46.666666666666664,53.333333333333336,37.54283900457987,0
26.0,1,3,3.8,80.93098996916669,0.3382837859584353,2.0,7.0,2.199230177428741,1.912335295098302,7.377175174805286,2.0,5.0,9.0,7.0,8.0,1.0,1.0,3.0,6.0,4.0,7.0,9.248237202413064,1,4.461063817293671,0,1,0,False,False,False,False,False,False,False,True,False,15.0,37.5,12.0,40.0,12.335929942864274,41.119766476214245,18.0,60.0,40.0,39.65494161905356,0
20.0,1,3,6.55,66.37969194223544,4.899402158678364,1.0,7.0,2.667960566518805,8.71524653615247,5.320007932786595,6.0,2.0,7.0,8.0,6.0,7.0,4.0,6.0,7.0,6.0,3.0,8.653317154397566,0,7.073284822991054,0,0,1,False,True,False,False,False,True,False,False,False,22.0,55.00000000000001,15.0,50.0,20.72727803684707,69.09092678949024,19.0,63.33333333333333,36.66666666666667,52.689398364039235,1
28.0,2,3,6.55,72.37137661075897,6.992624425596265,8.0,4.0,8.210814458141453,8.788199533739053,3.9402503904344863,7.0,5.0,6.0,10.0,6.0,4.0,10.0,9.0,10.0,5.0,8.0,9.09789469168528,1,6.234623434962852,0,1,1,False,False,False,True,False,False,False,True,False,25.0,62.5,14.0,46.666666666666664,16.637134685163115,55.457115617210384,20.0,66.66666666666666,33.33333333333334,49.489278904302594,1
24.0,2,4,3.25,74.14439173540443,8.472028914806295,4.0,5.0,6.992717022642658,1.2082908654944906,6.068208555804341,1.0,2.0,4.0,6.0,1.0,10.0,3.0,10.0,5.0,4.0,5.0,3.041729734974104,1,0.9491050248112982,1,1,1,False,False,True,False,False,False,True,False,True,18.0,45.0,14.0,46.666666666666664,8.147365287047492,27.157884290158307,19.0,63.33333333333333,36.66666666666667,38.87280440587291,0
29.0,2,4,6.55,52.16615256213035,9.719340109834834,5.0,10.0,6.472162029084147,8.070292894099577,0.1248917330174821,5.0,1.0,5.0,5.0,5.0,5.0,3.0,4.0,6.0,10.0,7.0,9.23551471864362,0,6.975026595158744,1,0,1,False,False,True,False,False,True,False,False,False,20.0,50.0,18.0,60.0,21.47323913199795,71.5774637733265,15.0,50.0,50.0,57.89436594333162,1
25.0,2,4,3.25,57.56877130628706,7.326449127680788,4.0,7.0,6.179192882890575,1.3658601625410212,0.9058435136852712,5.0,0.0,7.0,23.0,10.0,6.0,5.0,5.0,3.0,1.0,7.0,5.813091000064063,1,1.6142983830815307,1,1,0,False,False,False,False,True,False,True,False,False,19.0,47.5,14.0,46.666666666666664,14.280823765965174,47.60274588655058,30.0,100.0,0.0,35.44235313830431,0
23.0,0,3,6.55,81.6137473582282,1.3305673031818204,9.0,6.0,9.441525019377206,10.0,0.2366756665079821,3.0,7.0,6.0,5.0,10.0,4.0,1.0,3.0,6.0,4.0,6.0,6.669469992384283,0,7.603248380560784,0,1,0,False,False,False,False,False,False,False,False,True,18.0,45.0,19.0,63.33333333333333,20.321799314114813,67.73933104704938,11.0,36.666666666666664,63.333333333333336,59.851499428429015,1
17.0,0,2,4.55,95.48437391196782,6.370275808796807,7.0,4.0,7.2442962515045295,8.65756853216229,1.0835609302490283,6.0,2.0,9.0,1.0,9.0,1.0,6.0,5.0,10.0,1.0,3.0,4.97650989328116,0,6.458512369984286,0,1,0,False,False,False,True,False,True,False,False,False,22.0,55.00000000000001,18.0,60.0,20.329711350408733,67.76570450136245,11.0,36.666666666666664,63.333333333333336,61.52475945867395,1
19.0,2,1,3.8,50.72320775235385,11.810119714738583,4.0,4.0,7.179808933278688,3.0523591145304656,6.016033917129157,1.0,4.0,3.0,6.0,2.0,8.0,16.0,2.0,3.0,10.0,1.0,3.5539799051511967,0,7.272992299545293,1,0,0,False,False,False,True,False,True,False,False,False,35.0,87.5,17.0,56.666666666666664,9.856516264122622,32.85505421374207,17.0,56.666666666666664,43.333333333333336,55.08876355343552,1
29.0,0,3,3.25,44.94078974474718,10.867015015168846,7.0,2.0,8.075767037649822,2.73915266976461,7.0838445482571455,6.0,4.0,6.0,6.0,7.0,9.0,14.0,2.0,5.0,4.0,6.0,1.128538023692679,0,5.41249453582499,1,0,0,False,False,True,False,False,False,False,False,True,36.0,90.0,13.0,43.333333333333336,7.5795410838576425,25.26513694619214,15.0,50.0,50.0,52.14961756988137,1
28.0,0,4,7.55,92.89186288252036,10.460026911234152,4.0,10.0,6.179192882890575,7.266285329924498,3.9402503904344863,7.0,6.0,10.0,15.0,9.0,3.0,8.0,5.0,10.0,3.0,9.0,4.97650989328116,1,5.212461562599615,1,1,0,False,False,False,False,True,False,True,False,False,26.0,65.0,15.0,50.0,17.146842056599436,57.156140188664786,26.0,86.66666666666667,13.333333333333329,46.37236838049952,1
25.0,1,3,3.8,94.91667873477006,6.370275808796807,9.0,2.0,4.09529982590684,7.968705982002589,0.9530175726807428,2.0,6.0,4.0,17.0,4.0,10.0,10.0,7.0,1.0,7.0,2.0,5.8763217935262375,1,1.9928758823244088,1,1,0,False,False,True,False,False,False,False,True,False,24.0,60.0,19.0,63.33333333333333,22.920388583415008,76.40129527805003,27.0,90.0,10.0,52.43365715284584,1
28.0,1,4,7.55,56.58276071895396,9.009458117448007,5.0,4.0,6.933990873866432,6.626248147031992,2.183677509251285,2.0,5.0,9.0,4.0,4.0,4.0,6.0,1.0,6.0,6.0,2.0,3.1686375554185053,0,5.008910277636825,1,0,0,False,False,False,False,True,True,False,False,True,25.0,62.5,17.0,56.666666666666664,17.508579763914273,58.36193254638091,19.0,63.33333333333333,36.66666666666667,53.54881646992857,1
17.0,1,2,9.55,62.6371434622744,10.213241351581749,4.0,5.0,6.671799708419802,10.0,5.176910019544038,5.0,3.0,1.0,6.0,10.0,5.0,6.0,3.0,10.0,6.0,10.0,1.1969782096900785,0,3.8827351179824263,1,0,1,True,False,False,False,False,False,False,True,False,28.0,70.0,9.0,30.0,18.15129027203616,60.5043009067872,7.0,23.333333333333332,76.66666666666667,59.29274189336347,1
25.0,1,2,6.55,79.6112798498715,8.139914455575157,1.0,4.0,3.07879585198674,5.317867884640272,2.801624322236865,5.0,6.0,5.0,8.0,5.0,10.0,2.0,1.0,6.0,10.0,1.0,7.09636288258925,1,1.2271409133391469,0,1,1,False,False,False,True,False,False,False,False,False,27.0,67.5,14.0,46.666666666666664,19.437447710416667,64.79149236805556,18.0,60.0,40.0,54.73953975868055,1
23.0,0,4,9.55,59.79580125054849,3.0067410788157662,9.0,3.0,6.162535791285696,6.626248147031992,7.689168193063118,3.0,1.0,4.0,6.0,6.0,9.0,12.0,8.0,8.0,3.0,1.0,5.28535537751047,1,2.8808095735748136,0,0,1,True,False,False,False,False,False,True,False,False,31.0,77.5,21.0,70.0,12.774544162683178,42.58181387561059,14.0,46.666666666666664,53.333333333333336,60.85378680223598,1
17.0,2,1,8.55,92.62952249620318,11.4460076624995,9.0,2.0,2.556404117923723,6.966180388484072,1.047830371491366,3.0,5.0,5.0,9.0,7.0,5.0,9.0,2.0,6.0,6.0,2.0,0.4108392080058887,0,5.297150686325615,1,0,1,False,False,True,False,False,False,True,False,False,28.0,70.0,19.0,63.33333333333333,23.361945899068985,77.87315299689662,17.0,56.666666666666664,43.333333333333336,63.63495491589082,1
22.0,0,4,5.55,46.45472216283176,5.409832937504111,5.0,4.0,3.479676699218717,6.1764035466222165,7.922740190355309,6.0,2.0,13.0,6.0,18.0,7.0,7.0,6.0,7.0,3.0,1.0,6.725272476650503,0,3.8827351179824263,1,0,1,False,False,False,False,False,False,True,False,False,25.0,62.5,18.0,60.0,14.77398665704819,49.246622190160636,11.0,36.666666666666664,63.333333333333336,58.76998888087349,1
21.0,0,3,6.55,72.37137661075897,1.5576667039905527,4.0,5.0,9.303704655345443,8.688677106635666,0.1604837794490086,3.0,6.0,1.0,8.0,6.0,3.0,4.0,6.0,5.0,7.0,6.0,8.615020046202188,0,3.5044699793381016,0,1,0,False,True,False,False,False,False,False,True,True,16.0,40.0,13.0,43.333333333333336,19.224488671841215,64.08162890613738,13.0,43.333333333333336,56.666666666666664,51.020407226534346,1
22.0,0,1,4.55,52.509172404567366,1.317334740688704,2.0,1.0,2.953945452338748,2.1351445747911915,3.6135437258318506,9.0,6.0,8.0,8.0,3.0,1.0,3.0,9.0,2.0,6.0,5.0,7.757219455331681,0,3.8827351179824263,1,0,0,False,False,False,False,False,False,False,True,False,7.0,17.5,8.0,26.666666666666668,15.567655396620594,51.892184655401984,23.0,76.66666666666667,23.33333333333333,29.848046163850494,0
26.0,1,4,3.25,57.16526669229814,7.770227847588549,2.0,1.0,6.631330398774356,3.919251563057638,2.014494185444873,2.0,7.0,3.0,10.0,2.0,6.0,19.0,6.0,5.0,9.0,8.0,21.087029841855973,0,1.288082299458635,0,1,0,False,False,False,False,False,False,False,True,False,34.0,85.0,5.0,16.666666666666664,15.273426978838408,50.9114232627947,21.0,70.0,30.0,45.64452248236534,1
28.0,1,1,2.45,46.7755954773325,5.25251575700087,6.0,6.0,4.587845567944589,9.98438953952527,4.5302837530001145,1.0,7.0,6.0,4.0,20.0,23.0,4.0,10.0,2.0,10.0,10.0,3.3789484110981585,1,3.224052332538069,1,1,1,False,True,False,False,False,False,False,True,False,29.0,72.5,12.0,40.0,20.866260218580567,69.55420072860188,0.0,0.0,100.0,70.51355018215047,2
29.0,1,2,5.55,43.9414257604388,1.1338065021475634,9.0,5.0,6.4425063258129,6.544867221711499,0.7724066558485765,16.0,4.0,6.0,4.0,9.0,6.0,5.0,6.0,9.0,2.0,6.0,0.8808084483336021,1,2.2762962918503984,1,0,0,False,False,False,True,False,True,False,False,False,24.0,60.0,18.0,60.0,19.32995424005002,64.43318080016674,11.0,36.666666666666664,63.333333333333336,61.94162853337502,1
29.0,2,4,6.55,85.33646281010789,8.884374865873136,3.0,17.0,3.8797883396192248,10.0,3.9402503904344863,6.0,0.0,9.0,3.0,3.0,6.0,6.0,1.0,1.0,1.0,4.0,7.141269653282362,0,3.577550862074664,0,0,1,True,False,False,False,False,False,False,True,False,22.0,55.00000000000001,26.0,86.66666666666667,22.17996126994629,73.9332042331543,19.0,63.33333333333333,36.66666666666667,63.06663439162192,1
29.0,0,4,6.55,49.85659395413544,9.591902007103435,1.0,1.0,6.179192882890575,1.9757410727120197,1.0922112032903764,6.0,3.0,7.0,5.0,4.0,8.0,10.0,7.0,3.0,4.0,9.0,9.019671502231754,0,1.6728353506266609,0,0,1,True,False,False,False,False,False,False,False,False,24.0,60.0,3.0,10.0,14.704336986531068,49.01445662177022,18.0,60.0,40.0,39.753614155442556,0
21.0,2,2,4.55,94.83533194397825,8.704987569437415,8.0,20.0,8.938667465186086,4.447540920780496,7.272152013797466,4.0,1.0,8.0,6.0,3.0,9.0,5.0,6.0,9.0,8.0,4.0,3.189969439314979,0,5.883840277411256,1,1,0,False,False,False,True,False,True,False,False,True,27.0,67.5,34.0,113.33333333333333,8.236721441796945,27.45573813932315,21.0,70.0,30.0,59.57226786816412,1
22.0,1,2,3.8,72.37137661075897,2.427130532208155,8.0,4.0,5.009735822554851,4.911048820844402,3.9402503904344863,8.0,2.0,4.0,6.0,7.0,8.0,9.0,8.0,5.0,7.0,9.0,2.6535886274595466,0,0.0353830410272673,0,1,0,False,True,False,False,False,True,False,False,False,24.0,60.0,13.0,43.333333333333336,15.961062607855066,53.20354202618355,13.0,43.333333333333336,56.666666666666664,53.30088550654589,1
23.0,2,3,8.55,80.23634858328072,8.277305471952833,5.0,3.0,4.824247504007485,5.649923549954695,2.487936777123278,5.0,6.0,6.0,9.0,4.0,5.0,1.0,1.0,4.0,6.0,4.0,7.148594390371984,1,3.8827351179824263,0,0,1,False,False,False,True,False,False,False,True,True,19.0,47.5,14.0,46.666666666666664,18.33773926882393,61.12579756274644,21.0,70.0,30.0,46.323116057353275,1
27.0,0,4,9.55,53.524126886128016,0.1286736347326211,1.0,7.0,5.568944634157322,10.0,3.9402503904344863,6.0,3.0,4.0,1.0,6.0,7.0,6.0,8.0,6.0,10.0,2.0,7.282038340778642,1,2.4530711570287256,1,1,0,False,False,False,False,False,False,False,True,True,21.0,52.5,16.0,53.333333333333336,20.490804975408192,68.30268325136063,9.0,30.0,70.0,61.034004146173494,1
28.0,0,4,1.45,54.41936610951201,3.661345676140911,2.0,2.0,2.803942753954522,4.417289854750218,7.82277316596027,6.0,6.0,10.0,4.0,6.0,20.0,4.0,8.0,5.0,7.0,2.0,8.295511723738612,1,2.873954818592121,0,1,0,False,False,True,False,False,True,False,False,False,31.0,77.5,12.0,40.0,13.790573934835425,45.96857978278475,18.0,60.0,40.0,50.86714494569619,1
21.0,1,3,3.8,74.48255217205451,4.785858376890525,4.0,10.0,5.098776196704439,6.705506982619769,0.0961709410432716,6.0,6.0,8.0,6.0,9.0,6.0,4.0,1.0,7.0,4.0,6.0,7.458746915971299,0,1.3693191934532782,0,1,0,False,False,False,True,False,False,True,False,True,26.0,65.0,18.0,60.0,21.51055984487206,71.70186614957353,15.0,50.0,50.0,61.67546653739338,1
20.0,1,4,3.25,73.63857550875917,10.02296338662602,4.0,1.0,2.055202005025325,6.896784562581019,2.819162724103688,2.0,0.0,4.0,5.0,6.0,4.0,3.0,7.0,18.0,8.0,6.0,4.97650989328116,1,7.745432165678507,0,1,0,False,False,False,True,False,False,True,False,True,28.0,70.0,9.0,30.0,22.022419833452005,73.40806611150668,13.0,43.333333333333336,56.666666666666664,57.518683194543335,1
19.0,2,2,5.55,86.12375368072489,4.684732476832851,8.0,4.0,6.027177161191615,6.626248147031992,2.4222086186900027,10.0,4.0,4.0,4.0,7.0,6.0,5.0,7.0,10.0,4.0,7.0,4.230060890276896,0,0.4236998386195063,0,1,0,False,False,True,False,False,False,False,False,False,24.0,60.0,15.0,50.0,18.176862367150374,60.58954122383457,11.0,36.666666666666664,63.333333333333336,58.48071863929198,1
19.0,1,1,4.55,85.46879834165595,6.370275808796807,9.0,8.0,8.783528633211436,10.0,5.258988732654025,10.0,5.0,10.0,3.0,1.0,9.0,8.0,7.0,5.0,10.0,7.0,4.97650989328116,0,2.2644344619147807,1,1,0,False,True,False,False,False,True,False,False,True,25.0,62.5,20.0,66.66666666666666,15.95748263413454,53.19160878044846,22.0,73.33333333333333,26.66666666666667,52.256235528445444,1
20.0,1,1,6.55,80.24126587981966,4.228156941936113,2.0,6.0,6.416584831581055,7.663111406825616,0.4510237339763607,6.0,1.0,3.0,2.0,8.0,7.0,4.0,3.0,10.0,8.0,3.0,4.97650989328116,0,1.1753366457235686,0,0,0,False,False,True,False,False,False,False,False,True,28.0,70.0,15.0,50.0,20.795502841268203,69.31834280422734,7.0,23.333333333333332,76.66666666666667,66.4962523677235,1
25.0,0,4,1.45,66.94783395360946,5.987089180311447,1.0,9.0,6.861801425648156,9.286608558370029,6.484942173418096,7.0,5.0,3.0,19.0,2.0,7.0,7.0,3.0,1.0,5.0,10.0,1.0876174113007864,1,3.858138189056932,1,0,0,False,False,True,False,False,True,False,False,False,22.0,55.00000000000001,10.0,33.33333333333333,15.939864959303778,53.13288319767926,30.0,100.0,0.0,35.36655413275315,0
18.0,1,3,4.55,162.75431536277912,6.370275808796807,9.0,1.0,2.244506970078131,2.1124520514793987,3.732190373654525,3.0,3.0,4.0,10.0,4.0,2.0,8.0,8.0,9.0,9.0,7.0,2.1794831282669467,1,4.479988301432415,0,0,1,False,False,False,False,False,True,False,False,True,21.0,52.5,13.0,43.333333333333336,16.13575470774674,53.78584902582247,20.0,66.66666666666666,33.33333333333334,45.73812892312229,1
25.0,1,2,2.45,77.35470941327793,11.292411645474536,7.0,1.0,8.876119840928602,10.0,3.6221805660903614,2.0,7.0,2.0,3.0,10.0,9.0,5.0,8.0,2.0,7.0,9.0,5.053401364697315,1,1.5705610104476015,1,1,1,False,True,False,False,False,True,False,False,False,18.0,45.0,9.0,30.0,17.501699592981037,58.33899864327012,5.0,16.666666666666664,83.33333333333334,54.168082994150865,1
17.0,0,4,2.45,99.41190942774143,2.170488458656939,6.0,5.0,5.080028422402068,10.0,1.8143190430565503,4.0,2.0,3.0,4.0,7.0,5.0,10.0,8.0,7.0,21.0,6.0,5.704825473142438,1,5.242437802565092,1,0,1,False,False,True,False,False,False,True,False,True,24.0,60.0,15.0,50.0,23.10565253454138,77.01884178180461,10.0,33.33333333333333,66.66666666666667,63.421377112117824,1
17.0,0,2,2.45,140.7784721229988,2.221758500873418,8.0,6.0,9.798821444853656,5.276498749854177,3.920374138425254,8.0,3.0,2.0,1.0,6.0,10.0,6.0,3.0,3.0,10.0,7.0,0.7060440059322015,0,4.421271865997696,1,1,1,True,False,False,False,False,False,False,False,False,26.0,65.0,17.0,56.666666666666664,11.557303166575267,38.52434388858422,7.0,23.333333333333332,76.66666666666667,59.21441930547938,1
21.0,2,4,6.55,42.65858867429957,3.2992598385614498,2.0,22.0,2.96372295624208,9.012593479811176,2.911147642682856,9.0,0.0,6.0,1.0,4.0,3.0,8.0,4.0,10.0,6.0,4.0,3.0336346453491325,1,6.737009205687381,1,1,0,False,True,False,False,False,False,False,False,False,27.0,67.5,30.0,100.0,23.13772288088624,77.12574293628747,13.0,43.333333333333336,56.666666666666664,75.32310240073853,2
22.0,1,4,9.55,59.23563442481907,9.467063188969238,5.0,3.0,9.5573750782819,6.626248147031992,1.961091490018151,10.0,1.0,3.0,6.0,21.0,6.0,10.0,2.0,6.0,2.0,8.0,7.492924540476242,1,7.252339953960909,1,1,1,True,False,False,False,False,False,False,True,True,30.0,75.0,10.0,33.33333333333333,15.10778157873194,50.35927192910646,-2.0,-6.666666666666667,106.66666666666667,66.33981798227661,1
22.0,0,1,3.25,74.31254298825709,0.1304238906489379,4.0,15.0,7.074327250690584,10.0,1.3493355073716824,2.0,3.0,11.0,9.0,7.0,10.0,3.0,13.0,5.0,6.0,2.0,4.97650989328116,1,5.556116620643508,1,0,1,False,False,False,True,False,False,False,False,True,15.0,37.5,27.0,90.0,21.576337241937736,71.92112413979245,23.0,76.66666666666667,23.33333333333333,55.68861436828145,1
19.0,1,4,3.8,83.28817227228923,1.526126378302528,4.0,3.0,2.418722402324753,3.0714850764745734,5.826684542988091,6.0,7.0,6.0,4.0,6.0,2.0,4.0,6.0,6.0,1.0,8.0,1.2993168143504807,1,5.042184149057902,0,0,0,False,False,False,True,False,False,False,True,False,16.0,40.0,9.0,30.0,14.82607813116173,49.42026043720576,14.0,46.666666666666664,53.333333333333336,43.18839844263478,1
23.0,2,3,6.55,73.02018986571649,6.455515579729187,9.0,8.0,9.773592622693853,10.0,1.1363437867464494,8.0,7.0,8.0,10.0,5.0,3.0,10.0,3.0,10.0,14.0,3.0,5.187164037825436,1,4.843140839976318,1,0,0,False,False,False,False,True,False,False,True,False,30.0,75.0,24.0,80.0,19.090063590559698,63.63354530186566,23.0,76.66666666666667,23.33333333333333,60.49171965879975,1
25.0,1,4,3.8,87.16782534773091,2.9707448026411862,4.0,4.0,6.179192882890575,6.626248147031992,1.3438559691270973,3.0,6.0,5.0,6.0,5.0,6.0,7.0,4.0,5.0,5.0,5.0,1.4974065883843568,0,1.3369444335602596,0,1,0,False,False,False,True,False,False,True,False,False,24.0,60.0,13.0,43.333333333333336,19.10319929501432,63.67733098338106,16.0,53.333333333333336,46.666666666666664,53.41933274584527,1
27.0,1,4,3.8,86.82963198661183,6.370275808796807,0.0,2.0,7.8456013495279295,2.2713703645926957,4.616570778106337,9.0,1.0,6.0,6.0,7.0,1.0,9.0,7.0,6.0,7.0,3.0,7.220527289558141,1,7.065919539083905,1,0,0,False,False,True,False,False,False,False,True,False,19.0,47.5,9.0,30.0,9.80919823695843,32.6973274565281,15.0,50.0,50.0,40.04933186413203,1
28.0,2,4,4.55,72.37137661075897,4.318536148006012,0.0,9.0,9.116239587104758,10.0,1.8086200585778995,4.0,6.0,5.0,14.0,6.0,2.0,4.0,6.0,8.0,1.0,6.0,1.5699507503392518,1,2.8817120614446017,1,1,1,False,True,False,False,False,True,False,False,True,18.0,45.0,13.0,43.333333333333336,19.07514035431734,63.58380118105781,23.0,76.66666666666667,23.33333333333333,43.81261696193111,1
26.0,0,2,9.55,43.23500102738621,6.370275808796807,2.0,10.0,3.406492433841259,9.943033042699357,3.675011654750981,5.0,6.0,6.0,6.0,6.0,4.0,6.0,1.0,1.0,2.0,6.0,0.9666952589320998,0,5.531248123730874,1,1,1,False,False,False,True,False,True,False,False,True,20.0,50.0,16.0,53.333333333333336,22.861528954107115,76.20509651369038,16.0,53.333333333333336,46.666666666666664,56.5512741284226,1
24.0,2,2,8.55,74.39882467429132,6.133251678171414,1.0,8.0,4.746857525582468,7.516800973370211,4.423338822451571,7.0,3.0,4.0,7.0,7.0,1.0,6.0,1.0,15.0,6.0,8.0,4.407226605854273,1,3.52526354623374,1,1,0,True,False,False,False,False,False,True,False,True,31.0,77.5,11.0,36.666666666666664,18.34660462533617,61.15534875112056,14.0,46.666666666666664,53.333333333333336,57.16383718778014,1
22.0,1,1,8.55,81.3159712405297,11.75080312596235,1.0,6.0,6.489834724310882,7.39854571602287,2.195438055854648,5.0,3.0,3.0,1.0,5.0,6.0,9.0,6.0,2.0,9.0,9.0,0.947250697101052,1,7.223221236345475,0,0,1,False,False,True,False,False,True,False,False,False,21.0,52.5,8.0,26.666666666666668,18.71327293585734,62.377576452857795,9.0,30.0,70.0,52.88606077988112,1
28.0,0,4,5.55,59.56898302716169,1.4916556417790212,4.0,3.0,7.438474286759704,9.244625712047226,2.748434006956006,16.0,3.0,17.0,8.0,7.0,4.0,4.0,1.0,5.0,8.0,5.0,8.160779508430561,0,3.8827351179824263,1,0,0,False,False,False,True,False,True,False,False,False,22.0,55.00000000000001,12.0,40.0,19.057717418331514,63.52572472777172,28.0,93.33333333333333,6.666666666666671,41.2980978486096,1
24.0,0,1,3.25,76.8150510913526,4.472720458009132,3.0,2.0,8.975006942356753,10.0,1.6816546164187631,6.0,2.0,9.0,11.0,7.0,2.0,6.0,6.0,6.0,6.0,5.0,8.26842374663028,0,4.479906201423524,0,0,1,False,False,False,False,False,False,False,False,True,18.0,45.0,10.0,33.33333333333333,19.343338441224482,64.47779480408161,23.0,76.66666666666667,23.33333333333333,41.53611536768706,1
28.0,2,4,5.55,43.12943385119976,11.183820214469696,0.0,4.0,8.088563767026447,5.632266879543927,3.683395913298343,5.0,5.0,4.0,9.0,2.0,10.0,8.0,4.0,6.0,9.0,9.0,5.1172717933276,1,1.4997880658037177,0,0,0,True,False,False,False,False,False,True,False,False,30.0,75.0,5.0,16.666666666666664,13.860307199219138,46.20102399739713,21.0,70.0,30.0,41.96692266601595,1
23.0,1,2,9.55,45.95760077780822,19.622746284003057,9.0,4.0,4.906649150551502,6.626248147031992,7.939199274699226,3.0,2.0,7.0,4.0,4.0,4.0,3.0,6.0,1.0,4.0,10.0,5.724639731189186,1,4.43231508894089,1,1,0,True,False,False,False,False,True,False,False,False,12.0,30.0,13.0,43.333333333333336,13.780399721781265,45.93466573927088,17.0,56.666666666666664,43.333333333333336,40.65033310148439,1
24.0,2,3,3.8,72.37137661075897,4.731252417411367,8.0,1.0,8.573758494293347,10.0,2.9016952069462683,9.0,5.0,6.0,6.0,10.0,8.0,2.0,6.0,7.0,7.0,4.0,1.325945373361186,1,1.62064917733184,0,1,0,False,False,False,False,True,False,True,False,True,21.0,52.5,15.0,50.0,18.524546298760384,61.748487662534615,12.0,40.0,60.0,56.062121915633654,1
26.0,2,4,6.55,62.08418231303793,8.387439174236839,4.0,9.0,9.728613768696109,4.758085605678283,5.226643033948314,2.0,5.0,7.0,18.0,4.0,6.0,16.0,7.0,8.0,3.0,6.0,2.7664451081564643,0,6.356110075500234,0,0,1,False,False,False,False,False,False,True,False,True,33.0,82.5,17.0,56.666666666666664,9.802828803033862,32.67609601011287,31.0,103.33333333333334,-3.333333333333343,42.12735733586155,1
28.0,2,4,5.55,80.28004186618034,1.0542841629761468,4.0,10.0,3.815889449933088,2.4716435053164942,5.087155608154652,7.0,6.0,8.0,8.0,7.0,1.0,4.0,1.0,1.0,8.0,10.0,1.2100226557747096,0,2.9385148116917392,1,1,1,False,False,False,False,True,True,False,False,False,15.0,37.5,14.0,46.666666666666664,13.568598447228755,45.22866149076252,19.0,63.33333333333333,36.66666666666667,41.51549870602396,1
23.0,0,4,5.55,89.90326721679509,8.550492666523382,8.0,8.0,2.592764747635435,7.760780401571145,6.291854662793129,4.0,1.0,8.0,2.0,8.0,5.0,13.0,10.0,10.0,6.0,7.0,2.1437249890703347,1,3.394678689437144,1,1,0,False,False,False,True,False,True,False,False,True,28.0,70.0,19.0,63.33333333333333,18.87616099114258,62.920536637141936,12.0,40.0,60.0,64.06346749261881,1
26.0,0,3,6.55,91.157346248567,11.674292753816898,4.0,7.0,5.412957855535168,7.3589231773285855,5.695347498003457,8.0,5.0,10.0,8.0,1.0,6.0,7.0,2.0,4.0,8.0,3.0,3.945282331530403,0,5.122512248650847,1,0,0,False,False,False,False,False,False,False,True,True,25.0,62.5,18.0,60.0,16.25061782378996,54.168726079299866,27.0,90.0,10.0,46.667181519824965,1
24.0,1,1,8.55,50.330058727867055,6.449857834010299,7.0,6.0,9.051176831660406,6.216708271526276,0.0942378717761363,7.0,2.0,6.0,8.0,7.0,4.0,9.0,6.0,2.0,9.0,6.0,6.818449027174815,1,0.6876555500479187,0,0,0,True,False,False,False,False,False,True,False,True,19.0,47.5,17.0,56.666666666666664,17.071293568089732,56.90431189363244,17.0,56.666666666666664,43.333333333333336,51.10107797340811,1
26.0,1,4,7.55,69.17713434108079,5.981882724412971,0.0,3.0,3.202332039033558,10.0,2.473736740029379,8.0,7.0,6.0,5.0,6.0,4.0,10.0,10.0,5.0,6.0,6.0,7.279629816525995,1,2.518296943925405,0,1,0,False,False,False,False,True,False,True,False,True,19.0,47.5,7.0,23.333333333333332,24.323931220937062,81.07977073645688,15.0,50.0,50.0,50.478276017447556,1
28.0,2,1,5.55,84.03560341794919,2.247823436422924,0.0,4.0,9.08638550305608,3.9944841894370464,6.961867823023364,6.0,2.0,2.0,6.0,10.0,3.0,2.0,9.0,2.0,4.0,6.0,4.444716589788059,0,7.466682058339641,1,1,1,False,False,True,False,False,True,False,False,False,8.0,20.0,8.0,26.666666666666668,7.946230863357602,26.487436211192005,8.0,26.666666666666668,73.33333333333333,36.621859052798,0
18.0,1,4,1.45,86.43883577601463,7.605458386887502,3.0,2.0,6.179192882890575,1.1455879181281814,4.316401748616998,2.0,3.0,8.0,7.0,6.0,10.0,4.0,8.0,9.0,3.0,1.0,2.93040823045277,1,6.896945822954373,1,1,1,False,False,False,False,False,False,False,True,False,25.0,62.5,14.0,46.666666666666664,10.649993286620608,35.4999776220687,19.0,63.33333333333333,36.66666666666667,45.333327738850514,1
28.0,2,2,2.45,87.08055884373266,7.085247369346979,7.0,7.0,2.432017847065251,4.558155908364199,3.9402503904344863,6.0,1.0,5.0,4.0,8.0,21.0,3.0,10.0,9.0,3.0,9.0,8.096428204750875,0,1.8496993748695785,0,0,0,False,False,False,True,False,False,False,False,True,33.0,82.5,15.0,50.0,18.185887670864464,60.619625569548205,11.0,36.666666666666664,63.333333333333336,64.11323972572038,1
28.0,1,4,3.8,53.69004006283507,7.823196713709006,2.0,2.0,5.962050990843872,2.034819663510541,2.209095101393032,9.0,7.0,8.0,6.0,5.0,6.0,3.0,1.0,10.0,12.0,6.0,4.375665646398006,0,4.102679377943951,0,1,1,False,True,False,False,False,True,False,False,False,28.0,70.0,8.0,26.666666666666668,13.863673571273637,46.21224523757879,19.0,63.33333333333333,36.66666666666667,44.886394642728035,1
21.0,0,4,6.55,51.5520890634264,0.3129994402166618,4.0,6.0,4.631083957706002,6.979503319865232,2.267088922340654,6.0,7.0,6.0,10.0,7.0,9.0,7.0,5.0,5.0,8.0,6.0,5.605185789587082,1,4.666545206690994,1,1,1,False,False,False,False,False,True,False,False,False,26.0,65.0,14.0,46.666666666666664,20.081330439818576,66.93776813272858,19.0,63.33333333333333,36.66666666666667,53.81777536651548,1
25.0,0,4,8.55,75.40074809642175,6.584681860188884,8.0,1.0,5.149438839450488,5.160731221458327,3.9402503904344863,7.0,4.0,6.0,6.0,8.0,7.0,6.0,7.0,5.0,8.0,4.0,2.667446101754698,1,2.4131561680745355,0,1,1,False,False,False,True,False,False,True,False,False,21.0,52.5,15.0,50.0,16.071041991573352,53.57013997191118,14.0,46.666666666666664,53.333333333333336,52.35086832631113,1
20.0,2,1,9.55,84.46514786429319,7.139218121968476,8.0,6.0,5.6130780187704685,9.953370149427943,4.4272101685647,6.0,3.0,6.0,6.0,7.0,9.0,6.0,6.0,4.0,8.0,5.0,0.6651615072231398,0,2.7811047174793018,1,1,0,False,False,False,True,False,False,True,False,True,23.0,57.49999999999999,19.0,63.33333333333333,19.913081962092775,66.37693987364258,15.0,50.0,50.0,59.302568301743975,1
23.0,2,3,4.55,59.1483709320516,2.4903616249536262,8.0,4.0,7.917631651609518,9.773438877398991,4.866588966763197,2.0,7.0,9.0,9.0,10.0,15.0,3.0,7.0,1.0,9.0,4.0,3.933304275706243,1,7.823659118555277,1,0,0,False,False,True,False,False,True,False,False,True,22.0,55.00000000000001,18.0,60.0,16.989218259026277,56.63072753008759,18.0,60.0,40.0,52.9076818825219,1
22.0,2,2,9.55,72.37137661075897,2.4999942898624323,8.0,8.0,6.73039762536941,5.781023426285301,2.9365175248003323,9.0,0.0,9.0,2.0,1.0,2.0,8.0,1.0,10.0,1.0,6.0,4.97650989328116,0,1.1082688343568217,0,0,1,False,False,False,True,False,False,False,True,False,29.0,72.5,20.0,66.66666666666666,16.11410827611556,53.71369425371852,20.0,66.66666666666666,33.33333333333334,56.55342356342963,1
17.0,2,4,2.45,83.00478297460465,3.314618022131398,4.0,1.0,9.689608705734242,3.381338009444053,3.9402503904344863,5.0,3.0,3.0,10.0,6.0,6.0,22.0,4.0,3.0,7.0,21.0,2.765581761836416,1,3.8827351179824263,1,1,0,False,False,False,False,False,True,False,False,False,37.0,92.5,-6.0,-20.0,9.751478913275324,32.50492971091774,17.0,56.666666666666664,43.333333333333336,37.08456576106277,0
25.0,1,4,1.45,57.98186988280027,8.54065910072685,3.0,18.0,4.662116793916272,5.646728525365267,0.6019862639742284,3.0,0.0,5.0,8.0,1.0,7.0,12.0,4.0,6.0,10.0,1.0,1.263866055741394,1,2.8339629470841503,0,0,0,False,False,False,False,False,False,True,False,True,31.0,77.5,30.0,100.0,20.382625467474767,67.94208489158255,22.0,73.33333333333333,26.66666666666667,68.02718788956231,1
17.0,1,2,6.55,49.98176345870331,7.2751927623884605,1.0,6.0,6.332032659861942,8.05449505797992,3.3630603330220863,4.0,1.0,7.0,8.0,4.0,2.0,9.0,9.0,7.0,9.0,3.0,6.420279893340178,1,1.9125003751723897,0,0,0,False,False,True,False,False,False,False,True,True,19.0,47.5,14.0,46.666666666666664,18.359402065095892,61.19800688365298,21.0,70.0,30.0,46.34116838757991,1
21.0,2,2,6.55,48.8634117038279,10.149151753413657,6.0,12.0,20.567239942397773,3.092265797301981,3.9402503904344863,4.0,6.0,8.0,1.0,4.0,1.0,6.0,6.0,7.0,2.0,2.0,4.97650989328116,0,2.0842927343901696,1,1,1,False,False,True,False,False,False,False,True,False,18.0,45.0,26.0,86.66666666666667,-1.4152245355302782,-4.7174151184342605,15.0,50.0,50.0,44.23731288705811,1
20.0,1,4,6.55,58.89457285160297,3.547902862117178,2.0,8.0,4.984227335949441,9.503512771273332,0.8341004762751636,9.0,4.0,7.0,2.0,8.0,6.0,5.0,6.0,7.0,4.0,5.0,0.2323027798054477,0,2.26637755918252,1,1,1,False,False,False,False,True,True,False,False,False,22.0,55.00000000000001,15.0,50.0,23.685184959048726,78.95061653016242,11.0,36.666666666666664,63.333333333333336,61.82098746587394,1
29.0,2,3,6.55,75.56068395482473,6.370275808796807,4.0,5.0,5.7223936048872766,4.636162314788012,2.0979483586494343,5.0,6.0,3.0,4.0,6.0,8.0,6.0,6.0,7.0,6.0,8.0,9.908301777774351,0,2.2952147003521395,0,0,0,True,False,False,False,False,False,True,False,False,25.0,62.5,11.0,36.666666666666664,16.815820351251304,56.052734504171006,11.0,36.666666666666664,63.333333333333336,54.63818362604275,1
28.0,2,4,6.55,107.7096788218658,8.924473943800301,6.0,5.0,7.479796421481814,10.0,5.936370884805413,2.0,4.0,7.0,5.0,7.0,6.0,9.0,5.0,4.0,17.0,5.0,3.8222806145170543,1,2.032331937934882,0,1,0,False,False,False,True,False,False,False,False,True,24.0,60.0,16.0,53.333333333333336,16.583832693712772,55.279442312375906,15.0,50.0,50.0,54.65319391142731,1
29.0,1,3,8.55,41.2397110956059,4.740140040164364,7.0,5.0,8.885953748834451,6.630575833020687,0.5841464351770354,6.0,7.0,1.0,5.0,6.0,8.0,4.0,9.0,9.0,22.0,9.0,6.552015314063038,0,6.739880339090438,0,0,1,False,False,False,False,True,False,False,False,True,22.0,55.00000000000001,13.0,43.333333333333336,17.1604756490092,57.20158549669734,10.0,33.33333333333333,66.66666666666667,55.55039637417434,1
29.0,2,2,6.55,45.81450608066866,1.143144787505471,8.0,19.0,5.32545176339063,10.0,3.585807273902768,6.0,4.0,5.0,6.0,7.0,6.0,5.0,2.0,4.0,10.0,1.0,9.83581066450938,1,2.142336517367072,1,0,0,True,False,False,False,False,False,True,False,False,23.0,57.49999999999999,36.0,120.0,21.088740962706602,70.29580320902201,14.0,46.666666666666664,53.333333333333336,75.28228413558884,2
19.0,0,2,1.45,57.43019483191715,3.08380394984979,4.0,7.0,6.255603777173921,6.626248147031992,6.6086972765122285,8.0,0.0,9.0,7.0,7.0,6.0,9.0,10.0,6.0,1.0,6.0,6.3458518349575685,1,6.894721647215492,1,0,0,False,False,False,True,False,False,False,True,False,21.0,52.5,15.0,50.0,13.761947093345842,45.87315697781948,19.0,63.33333333333333,36.66666666666667,46.25995591112154,1
29.0,0,4,4.55,79.58226892882551,11.481218606578205,6.0,10.0,9.800978282326712,7.100620281566115,2.1433985211242303,6.0,6.0,2.0,1.0,10.0,8.0,4.0,6.0,1.0,9.0,3.0,3.1165200943871207,0,7.754146786586544,1,1,1,False,False,False,False,True,False,True,False,False,17.0,42.5,23.0,76.66666666666667,15.156243478115172,50.52081159371724,3.0,10.0,90.0,64.92186956509597,1
22.0,0,2,5.55,45.91090440811203,3.724360510608952,8.0,7.0,2.339753295576032,8.503431468336235,2.4149937218433,8.0,2.0,3.0,7.0,2.0,3.0,2.0,6.0,1.0,10.0,2.0,4.883262072065034,1,2.2306295644714167,1,0,0,False,False,False,False,True,True,False,False,True,10.0,25.0,23.0,76.66666666666667,23.748684450916905,79.16228150305635,18.0,60.0,40.0,55.207237042430755,1
18.0,1,4,5.55,73.63941121004092,3.958811521788773,0.0,20.0,5.5858297332763565,9.926402360785367,12.1315734685363,8.0,0.0,6.0,6.0,19.0,6.0,9.0,5.0,6.0,1.0,4.0,1.0279359465931448,1,3.8827351179824263,1,1,0,True,False,False,False,False,False,True,False,True,26.0,65.0,26.0,86.66666666666667,12.208999158972711,40.69666386324237,3.0,10.0,90.0,70.59083263247726,2
19.0,1,2,3.8,47.19315224944025,2.275067173172604,3.0,2.0,7.087854809033604,8.0895825485071,5.200028642110077,4.0,6.0,3.0,5.0,8.0,6.0,13.0,4.0,1.0,1.0,6.0,1.6923938682578488,1,3.6491863712093977,0,0,1,False,True,False,False,False,False,False,True,False,26.0,65.0,9.0,30.0,15.801699097363418,52.672330324544724,10.0,33.33333333333333,66.66666666666667,53.58474924780285,1
21.0,0,1,1.45,52.69691964096289,9.682207213665183,3.0,8.0,2.067419660497001,9.769647559108726,6.381696761070509,7.0,4.0,8.0,6.0,8.0,4.0,6.0,4.0,1.0,6.0,9.0,3.116469564242629,0,6.773562467284815,1,0,0,True,False,False,False,False,False,False,False,True,17.0,42.5,12.0,40.0,21.320531137541217,71.06843712513738,16.0,53.333333333333336,46.666666666666664,50.05877594795101,1
25.0,2,2,3.25,50.331311653345765,3.3077307629073283,4.0,1.0,6.774292012531316,7.224622930463725,2.3136337323506853,9.0,3.0,6.0,8.0,4.0,6.0,6.0,4.0,6.0,1.0,9.0,0.8475090153081377,1,4.272632919835516,1,1,0,False,False,False,True,False,False,True,False,True,24.0,60.0,6.0,20.0,18.136697185581724,60.455657285272416,20.0,66.66666666666666,33.33333333333334,43.44724765465144,1
18.0,0,4,9.55,44.03371813424863,3.963098980426268,4.0,2.0,2.449599637304072,4.052681944122812,3.9402503904344863,10.0,3.0,7.0,6.0,7.0,7.0,3.0,12.0,8.0,10.0,8.0,1.135056589495158,0,6.118183464307654,1,1,0,False,True,False,False,False,False,False,False,False,16.0,40.0,8.0,26.666666666666668,17.662831916384253,58.876106387947516,16.0,53.333333333333336,46.666666666666664,43.052359930320215,1
26.0,2,4,3.8,80.27978904319542,4.972177301179519,9.0,7.0,8.860467173185466,3.526951037460374,1.1271709592798187,4.0,5.0,5.0,6.0,9.0,9.0,8.0,6.0,9.0,9.0,6.0,8.395351673405024,1,3.80511097299975,0,1,0,False,False,False,False,True,True,False,False,True,30.0,75.0,20.0,66.66666666666666,13.53931290499509,45.131043016650295,12.0,40.0,60.0,61.69942742082924,1
24.0,0,1,3.8,67.80421284316208,5.204739357295317,0.0,4.0,8.456688764068527,9.781335065960333,15.408831278999472,9.0,6.0,10.0,6.0,8.0,2.0,9.0,3.0,18.0,6.0,10.0,5.011523598337878,1,5.047271168453763,0,0,0,False,True,False,False,False,False,False,True,False,36.0,90.0,4.0,13.333333333333334,5.915815022892334,19.71938340964111,18.0,60.0,40.0,40.76317918574361,1
18.0,2,4,3.8,89.86320645384029,6.370275808796807,5.0,10.0,2.25804109438877,1.947414147427834,7.216792953213492,4.0,0.0,7.0,9.0,2.0,6.0,6.0,6.0,1.0,9.0,3.0,3.2255493907317403,0,3.8827351179824263,1,1,0,False,False,False,False,False,False,False,False,True,17.0,42.5,22.0,73.33333333333333,12.472580099825572,41.575266999418574,24.0,80.0,20.0,44.35215008318798,1
27.0,1,2,4.55,45.933450398939016,6.044924344496744,8.0,10.0,6.179192882890575,9.75449517185901,8.073986495988368,1.0,7.0,10.0,1.0,8.0,6.0,3.0,6.0,7.0,5.0,3.0,1.735847428492373,1,0.4991572304940819,0,1,1,False,False,True,False,False,True,False,False,False,20.0,50.0,25.0,83.33333333333334,15.501315792980066,51.67105264326689,13.0,43.333333333333336,56.666666666666664,60.417763160816726,1
23.0,2,2,8.55,48.68397600028433,6.370275808796807,9.0,6.0,8.02891145249282,5.279465297959738,4.682371839657178,4.0,5.0,10.0,3.0,3.0,9.0,4.0,16.0,2.0,6.0,7.0,4.042140384321954,0,4.708681414541208,1,1,1,False,True,False,False,False,True,False,False,False,9.0,22.5,18.0,60.0,12.56818200580974,41.8939400193658,20.0,66.66666666666666,33.33333333333334,39.431818338174786,0
21.0,0,4,3.8,92.92902240694052,6.370275808796807,7.0,19.0,4.956359140626483,6.626248147031992,3.9402503904344863,2.0,5.0,3.0,3.0,4.0,7.0,1.0,2.0,7.0,6.0,4.0,6.977915022166612,0,6.619796957861597,1,1,1,False,False,False,True,False,False,False,True,False,23.0,57.49999999999999,32.0,106.66666666666667,17.729638615971023,59.09879538657008,12.0,40.0,60.0,70.8163655133092,2
23.0,1,2,8.55,72.37137661075897,9.579757605160165,1.0,3.0,6.600206303506599,5.6686888767910855,2.454256849536484,6.0,0.0,16.0,9.0,3.0,6.0,6.0,9.0,10.0,9.0,6.0,9.453251215751097,1,2.307506129161186,1,0,0,False,False,True,False,False,False,False,False,True,23.0,57.49999999999999,8.0,26.666666666666668,16.614225723748003,55.38075241249334,32.0,106.66666666666667,-6.666666666666671,33.220188103123334,0
24.0,1,3,8.55,58.34552938934193,1.21349806939785,6.0,6.0,4.162626158123072,4.305525305872364,4.219758256436126,8.0,5.0,6.0,6.0,8.0,5.0,1.0,10.0,10.0,3.0,1.0,5.387852829016035,0,3.221890484062185,0,0,1,False,False,False,False,False,False,False,False,True,16.0,40.0,21.0,70.0,15.923140891313166,53.07713630437721,14.0,46.666666666666664,53.333333333333336,54.10261740942764,1
17.0,2,3,1.45,64.50512244992156,9.59614563929777,4.0,9.0,5.306606092757148,7.511474010609145,7.219006349836037,6.0,1.0,6.0,6.0,4.0,8.0,3.0,8.0,4.0,5.0,1.0,3.002261332929627,1,1.6409018579888013,1,1,1,False,False,False,True,False,False,False,False,False,17.0,42.5,22.0,73.33333333333333,14.98586156801596,49.95287189338653,18.0,60.0,40.0,51.446551306679964,1
22.0,2,2,6.55,58.09621397782988,6.370275808796807,1.0,10.0,4.368616940380492,6.197792964031942,0.5459922978788887,9.0,0.0,13.0,9.0,1.0,2.0,6.0,7.0,6.0,8.0,7.0,5.098630113906912,0,1.6771694090223883,1,1,0,False,False,True,False,False,False,False,True,False,17.0,42.5,14.0,46.666666666666664,21.28318372577256,70.9439457525752,31.0,103.33333333333334,-3.333333333333343,39.19431977147713,0
17.0,2,4,8.55,44.8134575080618,3.71612761589688,0.0,8.0,3.9737096017919047,4.264551301971851,7.244229354857755,6.0,5.0,8.0,10.0,6.0,3.0,8.0,9.0,9.0,5.0,6.0,1.276614985942952,1,2.456658430825411,0,1,1,False,False,False,False,False,False,False,True,False,21.0,52.5,12.0,40.0,13.046612345322192,43.48870781774064,22.0,73.33333333333333,26.66666666666667,40.66384362110183,1
18.0,2,1,3.8,96.36601737377124,11.374353259619529,1.0,1.0,5.586459505914675,10.0,11.31148254440313,7.0,5.0,8.0,5.0,9.0,6.0,6.0,8.0,1.0,10.0,2.0,6.771367012724278,1,3.8827351179824263,1,1,0,False,False,True,False,False,False,False,True,False,15.0,37.5,10.0,33.33333333333333,13.102057949682195,43.673526498940646,14.0,46.666666666666664,53.333333333333336,41.960048291401826,1
17.0,1,4,4.55,72.91233952427133,9.832774136466496,9.0,6.0,7.97340932230149,5.475035673301258,6.15875863151574,5.0,0.0,10.0,10.0,1.0,1.0,8.0,9.0,6.0,4.0,5.0,3.2846874376142954,0,3.850228755321771,1,1,1,False,False,True,False,False,False,False,False,False,16.0,40.0,20.0,66.66666666666666,11.34286771948403,37.80955906494677,29.0,96.66666666666667,3.3333333333333286,36.95238976623669,0
27.0,1,1,3.8,87.2699912911298,6.628925602416103,5.0,7.0,15.638639724138166,6.177589909819566,0.5177448242701281,8.0,4.0,6.0,9.0,8.0,8.0,6.0,8.0,6.0,4.0,2.0,4.97650989328116,0,5.52960553393202,1,1,1,True,False,False,False,False,False,False,False,True,22.0,55.00000000000001,20.0,66.66666666666666,10.021205361411273,33.40401787137091,17.0,56.666666666666664,43.333333333333336,49.60100446784273,1
21.0,1,4,2.45,145.99169852312397,10.499642453734346,7.0,8.0,6.873426463517748,10.0,1.5020533512398169,2.0,7.0,8.0,9.0,2.0,9.0,1.0,6.0,7.0,5.0,9.0,6.585413415705287,0,7.484982505828907,1,0,1,False,False,False,True,False,True,False,False,True,21.0,52.5,16.0,53.333333333333336,21.624520185242435,72.08173395080811,25.0,83.33333333333334,16.666666666666657,48.64543348770203,1
26.0,1,2,9.55,70.85525674371851,6.370275808796807,2.0,6.0,5.760628771664674,6.626248147031992,7.402094394659266,2.0,5.0,5.0,6.0,7.0,2.0,3.0,10.0,6.0,3.0,9.0,4.761368746876343,1,5.842910205752587,0,1,0,False,False,False,True,False,False,True,False,True,11.0,27.500000000000004,9.0,30.0,13.463524980708051,44.87841660236017,14.0,46.666666666666664,53.333333333333336,38.92793748392338,0
25.0,0,3,2.45,45.38069539956281,6.370275808796807,4.0,1.0,4.59786912162253,5.288824559555192,0.9924115877850666,8.0,7.0,1.0,8.0,1.0,9.0,2.0,1.0,1.0,10.0,1.0,2.3057869081902918,1,3.8827351179824263,0,1,0,False,False,False,True,False,True,False,False,False,21.0,52.5,14.0,46.666666666666664,19.698543850147594,65.66181283382532,18.0,60.0,40.0,51.207119875123,1
22.0,1,4,2.45,78.56401271621826,7.354781243778216,1.0,4.0,3.1480706028839034,6.626248147031992,3.9402503904344863,6.0,7.0,4.0,9.0,6.0,5.0,6.0,6.0,6.0,4.0,7.0,0.91938494471537,0,4.08555187084204,1,1,1,False,False,False,True,False,False,True,False,True,21.0,52.5,8.0,26.666666666666668,19.537927153713603,65.12642384571201,17.0,56.666666666666664,43.333333333333336,46.906605961428006,1
27.0,2,1,1.45,72.37137661075897,6.370275808796807,7.0,1.0,4.836523672912008,6.454082206723518,6.261540397540304,2.0,2.0,6.0,9.0,10.0,8.0,8.0,6.0,6.0,5.0,1.0,1.8817430884506103,0,3.8827351179824263,1,0,1,False,False,False,True,False,True,False,False,False,26.0,65.0,17.0,56.666666666666664,15.356018136271206,51.18672712090402,15.0,50.0,50.0,55.71334844689267,1
27.0,2,3,3.25,64.8629901613766,2.7856674283839933,3.0,2.0,7.321588929710921,2.1673265159534583,2.9313074172706317,6.0,4.0,9.0,8.0,10.0,11.0,6.0,3.0,8.0,4.0,7.0,5.700323002871469,1,0.5259810653294474,1,1,1,False,False,True,False,False,False,False,False,True,32.0,80.0,8.0,26.666666666666668,11.914430168971904,39.71476722990635,17.0,56.666666666666664,43.333333333333336,47.42869180747659,1
17.0,1,1,9.55,176.71328348426002,2.005498338225592,9.0,3.0,6.179192882890575,2.129261333745065,5.590321690278218,8.0,2.0,4.0,4.0,8.0,1.0,4.0,6.0,3.0,3.0,8.0,5.1959481573084565,1,3.8827351179824263,1,1,0,False,False,False,False,True,False,False,True,True,12.0,30.0,14.0,46.666666666666664,10.359746760576272,34.53248920192091,10.0,33.33333333333333,66.66666666666667,44.46645563381356,1
29.0,2,2,1.45,86.9337400283274,9.11496900018087,5.0,4.0,5.753452351265708,5.5805755134250745,0.5246121063619285,14.0,3.0,6.0,8.0,6.0,4.0,4.0,10.0,10.0,1.0,1.0,0.0946009515040846,1,5.294766973425283,1,1,0,True,False,False,False,False,False,True,False,False,18.0,45.0,18.0,60.0,19.30251105579744,64.3417035193248,18.0,60.0,40.0,52.3354258798312,1
17.0,1,3,3.8,81.10271054251717,4.138857539929228,2.0,6.0,7.159978196664365,1.3633190918140063,3.9901472243411424,6.0,6.0,18.0,2.0,9.0,1.0,9.0,9.0,2.0,6.0,3.0,4.97650989328116,1,6.849934489688295,1,1,1,False,True,False,False,False,False,False,True,False,13.0,32.5,15.0,50.0,10.213193670808497,34.04397890269499,21.0,70.0,30.0,36.63599472567375,0
18.0,2,1,1.45,80.29201174327773,1.620844275671208,7.0,8.0,3.684328655074018,3.804827949655986,2.675464941997532,6.0,4.0,5.0,3.0,1.0,1.0,1.0,5.0,6.0,9.0,10.0,0.401455573551277,0,1.2777897786759214,1,1,0,True,False,False,False,False,False,True,False,False,13.0,32.5,15.0,50.0,17.445034352584436,58.15011450861479,17.0,56.666666666666664,43.333333333333336,45.995861960487034,1
25.0,0,4,3.8,48.94253255051245,6.370275808796807,7.0,9.0,6.179192882890575,3.2129442914872,8.953107839126,3.0,1.0,9.0,9.0,9.0,5.0,2.0,1.0,8.0,10.0,5.0,0.7801775945620704,0,7.074208038692952,0,1,0,False,True,False,False,False,False,False,True,True,24.0,60.0,21.0,70.0,8.080643569470624,26.935478564902077,19.0,63.33333333333333,36.66666666666667,48.40053630789218,1
19.0,1,2,3.25,60.76771240429528,4.303642414494904,2.0,4.0,8.927491605411397,6.383248874559323,7.112038768568768,9.0,5.0,10.0,10.0,3.0,2.0,4.0,10.0,9.0,2.0,10.0,7.118943891175275,0,6.354832589075556,1,0,0,False,False,False,False,False,True,False,False,False,15.0,37.5,6.0,20.0,10.343718500579158,34.4790616685972,27.0,90.0,10.0,25.4947654171493,0
17.0,1,2,8.55,94.35814681577916,11.582731914068289,8.0,1.0,4.562623418180203,1.1227551294003166,1.0039273449865729,6.0,7.0,6.0,4.0,2.0,4.0,6.0,7.0,6.0,8.0,7.0,6.461051936528489,1,3.8827351179824263,1,1,1,False,False,True,False,False,False,False,True,False,19.0,47.5,12.0,40.0,15.55620436623354,51.85401455411181,18.0,60.0,40.0,44.83850363852795,1
21.0,1,2,1.45,83.16861359058788,6.370275808796807,9.0,5.0,6.3816979143594175,8.433067952903675,3.6024612197778225,5.0,6.0,3.0,2.0,8.0,6.0,9.0,9.0,7.0,15.0,6.0,2.154246789910329,0,7.859206658966702,1,0,1,False,False,False,True,False,False,True,False,True,23.0,57.49999999999999,18.0,60.0,18.448908818766434,61.496362729221445,7.0,23.333333333333332,76.66666666666667,63.915757348972036,1
23.0,1,4,7.55,97.15515887904516,6.370275808796807,4.0,18.0,6.853296227321754,10.0,3.385550452028105,6.0,7.0,2.0,3.0,6.0,6.0,5.0,10.0,1.0,10.0,3.0,6.628274289872628,1,0.3124287143960105,1,0,0,False,False,False,True,False,False,False,False,False,12.0,30.0,29.0,96.66666666666667,19.76115332065014,65.8705110688338,9.0,30.0,70.0,65.63429443387511,1
22.0,1,4,8.55,55.84662341074455,11.62647766419126,9.0,9.0,5.77944031027712,6.626248147031992,2.5903619071513715,4.0,3.0,3.0,7.0,5.0,2.0,6.0,2.0,5.0,9.0,8.0,0.1897042458368081,1,6.358573273722739,1,1,0,False,False,False,False,True,False,True,False,False,21.0,52.5,20.0,66.66666666666666,18.2564459296035,60.854819765345006,15.0,50.0,50.0,57.50537160800292,1
28.0,1,3,6.55,45.26180254973856,10.837676885690168,8.0,6.0,9.289137228462298,9.998859862982,3.9402503904344863,3.0,4.0,6.0,9.0,1.0,3.0,4.0,9.0,6.0,3.0,6.0,2.780862205687185,0,3.428343091587334,1,1,1,True,False,False,False,False,False,False,True,True,14.0,35.0,18.0,60.0,16.769472244085215,55.898240813617385,24.0,80.0,20.0,42.724560203404344,1
17.0,0,4,1.45,68.53420460521922,14.3459002966653,6.0,5.0,7.917735574345457,8.076480441780053,7.045827822791732,6.0,4.0,10.0,13.0,1.0,2.0,6.0,5.0,10.0,9.0,1.0,7.595465025313653,1,6.922986966984325,0,1,1,True,False,False,False,False,True,False,False,False,23.0,57.49999999999999,20.0,66.66666666666666,13.112917044642863,43.70972348214288,32.0,106.66666666666667,-6.666666666666671,40.302430870535716,1
21.0,1,3,3.8,91.40189338765413,10.86815562452377,9.0,10.0,7.380083940869861,6.581037378280558,7.789295470126794,5.0,3.0,8.0,19.0,2.0,4.0,10.0,1.0,6.0,6.0,7.0,4.97650989328116,0,5.826663235925142,1,1,1,True,False,False,False,False,False,True,False,False,29.0,72.5,22.0,73.33333333333333,11.411657967283903,38.03885989094634,35.0,116.66666666666667,-16.66666666666667,41.801381639403246,1
21.0,1,2,9.55,73.11845171630678,6.370275808796807,2.0,10.0,14.369118704574854,3.409237570406342,0.0227430990708024,3.0,6.0,8.0,3.0,16.0,16.0,6.0,4.0,6.0,3.0,9.0,8.555820981004207,0,3.8827351179824263,0,0,0,False,False,False,True,False,True,False,False,False,34.0,85.0,13.0,43.333333333333336,9.017375766760686,30.057919222535624,5.0,16.666666666666664,83.33333333333334,60.431146472300576,1
22.0,2,4,1.45,42.8066290114068,2.765047984279496,4.0,5.0,2.6787786395099387,4.0758898245115045,5.912252344905009,2.0,1.0,5.0,7.0,12.0,9.0,9.0,6.0,7.0,5.0,1.0,4.97650989328116,0,1.919972447531598,1,1,0,True,False,False,False,False,False,False,False,False,29.0,72.5,18.0,60.0,15.484858840096557,51.61619613365519,10.0,33.33333333333333,66.66666666666667,62.69571570008047,1
19.0,2,1,3.8,98.45633443167677,2.7921381218650216,9.0,8.0,2.8625710209607726,4.494788040914695,4.920649602504167,6.0,2.0,1.0,1.0,9.0,7.0,10.0,3.0,4.0,7.0,7.0,8.626362995601427,0,7.619363319784789,0,1,0,False,False,True,False,False,True,False,False,True,28.0,70.0,20.0,66.66666666666666,16.711567417449757,55.705224724832526,3.0,10.0,90.0,70.59297284787479,2
21.0,1,2,3.25,89.71899459775605,7.947786293305521,1.0,1.0,6.179192882890575,1.4181943641313215,7.956097177490761,8.0,1.0,1.0,6.0,6.0,17.0,2.0,5.0,5.0,7.0,2.0,4.861606345309941,1,1.177556569789056,0,0,0,False,True,False,False,False,True,False,False,False,29.0,72.5,10.0,33.33333333333333,7.2829043037499845,24.276347679166616,11.0,36.666666666666664,63.333333333333336,48.36075358645832,1
23.0,2,2,2.45,47.89564462309061,6.012843848487325,5.0,5.0,3.6921781469513073,10.0,0.7194511671093569,3.0,6.0,7.0,3.0,4.0,7.0,3.0,2.0,6.0,2.0,1.0,1.014794005764773,1,0.547911259973981,1,1,0,False,False,False,True,False,False,True,False,False,24.0,60.0,19.0,63.33333333333333,25.58837068593934,85.29456895313113,16.0,53.333333333333336,46.666666666666664,63.82364223828278,1
21.0,0,3,1.45,95.30786539021054,7.907410164065361,4.0,1.0,14.631871145916612,10.0,6.490770412621624,6.0,3.0,2.0,2.0,4.0,10.0,3.0,5.0,9.0,7.0,1.0,0.4662382645193119,0,1.234075688735203,0,0,0,False,False,True,False,False,True,False,False,True,27.0,67.5,14.0,46.666666666666664,8.877358441461762,29.59119480487254,10.0,33.33333333333333,66.66666666666667,52.606132034551464,1
21.0,0,2,5.55,67.04129731631132,8.232911571146039,2.0,7.0,5.278500149213857,2.185556344829507,7.471425435642393,9.0,3.0,4.0,4.0,3.0,8.0,3.0,9.0,4.0,7.0,3.0,0.0129687038588577,0,5.762256855846565,1,0,0,False,False,False,False,False,True,False,False,True,16.0,40.0,16.0,53.333333333333336,9.435630759973257,31.45210253324419,15.0,50.0,50.0,43.69635896664438,1
21.0,2,4,6.55,72.37137661075897,0.2678744747726114,6.0,7.0,9.012843509270017,7.123629221050584,7.2969250553825376,6.0,1.0,6.0,9.0,9.0,5.0,4.0,3.0,4.0,2.0,13.0,6.370472876352928,1,0.3170367422080655,0,1,1,False,False,True,False,False,True,False,False,False,20.0,50.0,10.0,33.33333333333333,10.813860656398031,36.04620218799344,16.0,53.333333333333336,46.666666666666664,41.51155054699836,1
26.0,1,1,5.55,67.66319983163129,0.6484751081748281,3.0,10.0,8.544637469329853,6.144054236242194,4.484581633742522,3.0,3.0,5.0,6.0,2.0,6.0,5.0,7.0,7.0,10.0,10.0,2.220646209265018,0,3.4625175299704383,0,0,1,False,False,True,False,False,False,False,True,False,21.0,52.5,13.0,43.333333333333336,13.11483513316982,43.71611711056607,19.0,63.33333333333333,36.66666666666667,44.05402927764152,1
26.0,1,3,8.55,90.07431741225685,6.392132719094999,4.0,8.0,8.50056218189676,8.51755396746195,2.6204491601337407,2.0,5.0,8.0,9.0,9.0,7.0,6.0,6.0,1.0,9.0,16.0,1.459514014543456,1,0.7310069612728292,0,1,0,False,False,False,False,False,True,False,False,True,18.0,45.0,6.0,20.0,17.39654262543145,57.988475418104834,18.0,60.0,40.0,40.74711885452621,1
19.0,0,3,8.55,79.56878069720715,2.292425733120923,8.0,6.0,3.725660201174812,7.63319426592168,5.119230696247071,8.0,3.0,10.0,8.0,3.0,1.0,5.0,2.0,16.0,8.0,7.0,6.014174415353648,1,5.497202057769589,1,1,0,False,False,True,False,False,True,False,False,False,30.0,75.0,17.0,56.666666666666664,18.788303368499797,62.62767789499932,25.0,83.33333333333334,16.666666666666657,52.74025280708316,1
17.0,2,2,2.45,43.554907143983655,7.590405225653276,5.0,9.0,5.578574504006523,2.3675398129726384,2.4485759617858704,9.0,1.0,9.0,5.0,4.0,3.0,9.0,7.0,20.0,2.0,8.0,9.00319615675814,0,2.0238053386010737,0,0,1,False,True,False,False,False,True,False,False,True,35.0,87.5,16.0,53.333333333333336,14.340389347180245,47.80129782393415,20.0,66.66666666666666,33.33333333333334,55.49199112265021,1
21.0,2,4,2.45,97.45626226697026,6.626228870047777,3.0,8.0,4.543615933177116,8.260854094579752,3.2981540744031976,10.0,2.0,15.0,8.0,21.0,7.0,7.0,10.0,2.0,6.0,3.0,10.622191710004534,1,5.4772852390743605,1,1,1,False,False,False,True,False,False,True,False,False,16.0,40.0,18.0,60.0,20.41908408699944,68.06361362333146,12.0,40.0,60.0,57.015903405832866,1
25.0,0,2,8.55,72.37137661075897,7.029124300450695,9.0,8.0,9.763288030711358,7.697595343516414,3.565799878334876,6.0,3.0,9.0,11.0,6.0,4.0,7.0,4.0,4.0,8.0,7.0,1.3401568098593086,0,1.402156403460781,1,1,0,False,False,False,False,True,False,True,False,False,21.0,52.5,20.0,66.66666666666666,14.36850743447018,47.89502478156727,24.0,80.0,20.0,46.765422862058486,1
23.0,2,2,1.45,84.73407710412107,3.629464557972128,1.0,3.0,9.01395441036536,6.843460017711861,2.415601411316774,16.0,6.0,5.0,8.0,6.0,7.0,7.0,6.0,15.0,9.0,7.0,2.532131594577748,1,3.169885372946257,1,1,1,False,False,False,False,False,True,False,False,False,33.0,82.5,7.0,23.333333333333332,15.413904196029726,51.37968065343242,17.0,56.666666666666664,43.333333333333336,50.136586830024775,1
19.0,2,3,4.55,78.16819182568787,15.200276572899382,8.0,10.0,3.999389287784744,5.426468932305494,2.734618917952196,10.0,6.0,4.0,1.0,5.0,10.0,7.0,7.0,10.0,1.0,10.0,0.990124060345533,1,3.8827351179824263,0,1,0,False,False,False,True,False,True,False,False,True,30.0,75.0,18.0,60.0,18.692460726568555,62.30820242189519,10.0,33.33333333333333,66.66666666666667,65.99371727214047,1
29.0,1,2,1.45,51.25168287679365,9.953911637820276,3.0,6.0,4.508162886481292,10.0,0.0585049517374764,8.0,0.0,10.0,17.0,6.0,10.0,2.0,9.0,10.0,7.0,4.0,3.3496676777604426,1,3.072013775357097,1,1,0,True,False,False,False,False,False,False,True,True,23.0,57.49999999999999,15.0,50.0,25.43333216178123,84.7777738726041,31.0,103.33333333333334,-3.333333333333343,47.236110134817686,1
29.0,1,4,6.55,50.24392456678298,11.976855043106845,3.0,9.0,6.231273900622596,10.0,2.3766309100931835,10.0,5.0,5.0,7.0,5.0,6.0,15.0,7.0,6.0,6.0,6.0,3.0860745226663977,1,0.9121338017161388,1,1,0,False,True,False,False,False,True,False,False,True,30.0,75.0,16.0,53.333333333333336,21.39209518928422,71.30698396428073,17.0,56.666666666666664,43.333333333333336,60.743412657736854,1
20.0,0,2,8.55,92.21965562228152,10.061332634066572,1.0,1.0,4.228846281051061,6.626248147031992,3.778442993280067,7.0,0.0,9.0,4.0,6.0,4.0,10.0,6.0,7.0,6.0,4.0,7.776328846318789,1,2.9596618883217847,1,1,1,False,False,False,True,False,False,False,False,False,25.0,62.5,8.0,26.666666666666668,18.618958872700865,62.06319624233622,17.0,56.666666666666664,43.333333333333336,48.64079906058406,1
17.0,0,2,5.55,65.18169540997583,6.689985116159369,4.0,6.0,8.59623973269529,1.0701560779437806,1.3840589617388854,2.0,1.0,8.0,7.0,2.0,7.0,1.0,9.0,7.0,9.0,1.0,9.867362644946306,0,3.636883459722773,0,0,1,False,True,False,False,False,True,False,False,True,16.0,40.0,19.0,63.33333333333333,11.089857383509605,36.96619127836535,23.0,76.66666666666667,23.33333333333333,40.908214486258004,1
17.0,0,3,2.45,79.2745908504483,2.3211551001594786,5.0,2.0,8.55385022323849,5.753355663867505,6.444676614824012,7.0,2.0,10.0,6.0,10.0,17.0,6.0,6.0,4.0,9.0,10.0,9.991839737786592,0,3.667766030768109,1,1,0,False,True,False,False,False,False,True,False,False,31.0,77.5,7.0,23.333333333333332,10.754828825805003,35.84942941935001,16.0,53.333333333333336,46.666666666666664,45.8373573548375,1
24.0,1,4,5.55,70.2442602314004,8.177350513437851,9.0,9.0,7.794723502634123,8.70373701405109,3.9402503904344863,1.0,1.0,5.0,7.0,9.0,8.0,3.0,4.0,3.0,3.0,4.0,3.85943461678392,1,5.673869849190631,1,0,0,True,False,False,False,False,False,True,False,False,20.0,50.0,24.0,80.0,16.96876312098248,56.56254373660826,13.0,43.333333333333336,56.666666666666664,60.80730260081873,1
18.0,0,4,8.55,83.64121102455758,11.251845426695738,5.0,1.0,7.514481638048345,2.2902365824644155,6.351045345435861,8.0,4.0,10.0,3.0,4.0,7.0,6.0,10.0,4.0,10.0,18.0,7.9309871647495935,0,0.9975351363890796,0,0,0,False,False,False,False,True,True,False,False,True,17.0,42.5,-2.0,-6.666666666666667,8.42470959898021,28.082365329934035,19.0,63.33333333333333,36.66666666666667,25.145591332483512,0
28.0,0,3,3.25,68.75454250235984,2.542398476787629,2.0,1.0,6.378412059959532,5.472045782289165,1.0248274589711306,5.0,7.0,6.0,2.0,10.0,2.0,6.0,5.0,9.0,7.0,9.0,2.79124979186132,0,5.918013703399297,0,0,1,False,True,False,False,False,False,True,False,False,22.0,55.00000000000001,4.0,13.333333333333334,18.0688062633585,60.229354211194995,8.0,26.666666666666668,73.33333333333333,50.47400521946541,1
24.0,0,2,8.55,57.2427949153341,3.071947446318925,8.0,6.0,4.776898056866538,3.1089774634790195,3.9402503904344863,9.0,0.0,1.0,9.0,6.0,8.0,8.0,10.0,10.0,6.0,7.0,1.4301672164331647,1,2.0316090998653227,1,0,1,True,False,False,False,False,False,False,True,True,26.0,65.0,17.0,56.666666666666664,14.391829016177994,47.97276338725998,14.0,46.666666666666664,53.333333333333336,55.743190846815,1
23.0,1,1,7.55,61.803002259789785,1.7881025209398138,6.0,6.0,8.69550762218594,6.626248147031992,7.666103417489094,3.0,4.0,9.0,6.0,9.0,6.0,4.0,1.0,7.0,4.0,6.0,6.399538774483338,0,3.556048971652488,0,1,0,False,False,False,False,False,False,True,False,True,26.0,65.0,16.0,53.333333333333336,10.26463710735696,34.2154570245232,16.0,53.333333333333336,46.666666666666664,49.8038642561308,1
26.0,2,4,6.55,91.54466166702056,8.84065972351682,2.0,1.0,8.870657370014179,1.293361244218054,2.8196318882927613,7.0,4.0,3.0,3.0,5.0,9.0,9.0,4.0,3.0,6.0,9.0,4.768987670715417,0,1.3843771908563642,0,1,0,True,False,False,False,False,False,False,False,True,27.0,67.5,4.0,13.333333333333334,9.603071985911114,32.01023995303705,11.0,36.666666666666664,63.333333333333336,44.04422665492593,1
26.0,0,3,7.55,68.08208157536362,4.878738041083912,3.0,3.0,6.179192882890575,2.394056204913893,2.271619235740572,8.0,3.0,1.0,10.0,7.0,6.0,2.0,3.0,3.0,1.0,8.0,12.109860323368808,0,1.8837066639694964,1,0,0,False,False,True,False,False,True,False,False,True,18.0,45.0,8.0,26.666666666666668,13.943244086282746,46.477480287609154,14.0,46.666666666666664,53.333333333333336,42.86937007190229,1
18.0,2,3,9.55,52.80695993467656,0.7523476666366089,6.0,10.0,5.188955311392634,6.002325351531866,5.174652342697156,1.0,6.0,5.0,15.0,5.0,4.0,6.0,6.0,5.0,4.0,2.0,3.662994872923497,0,4.422753928121863,0,1,0,False,False,False,True,False,False,True,False,False,19.0,47.5,24.0,80.0,15.638717697442075,52.129058991473585,25.0,83.33333333333334,16.666666666666657,49.07393141453506,1
22.0,0,2,5.55,96.0763232846352,10.499399897883364,7.0,2.0,2.213020643601796,10.0,5.087312884339239,6.0,4.0,10.0,7.0,9.0,9.0,3.0,9.0,15.0,4.0,5.0,3.0205139276070025,1,2.4102342850892446,0,1,1,True,False,False,False,False,False,True,False,True,28.0,70.0,14.0,46.666666666666664,22.699666472058965,75.66555490686322,18.0,60.0,40.0,58.083055393382466,1
22.0,2,4,3.25,87.79602738990262,6.6920628564308,5.0,9.0,8.715819157597078,9.947141657711429,0.8997443112337171,2.0,0.0,6.0,7.0,2.0,6.0,4.0,3.0,5.0,3.0,4.0,9.2779029845684,0,1.2768480376709093,0,0,0,True,False,False,False,False,True,False,False,False,22.0,55.00000000000001,20.0,66.66666666666666,20.331578188880634,67.77192729626879,21.0,70.0,30.0,54.85964849073386,1
19.0,1,2,6.55,91.48753723337218,3.973131504004269,3.0,5.0,3.4167459721763347,5.9838521557867255,7.414070277606282,8.0,0.0,6.0,9.0,3.0,4.0,9.0,6.0,6.0,2.0,1.0,8.835098609347833,0,3.8827351179824263,1,1,1,True,False,False,False,False,False,True,False,False,23.0,57.49999999999999,17.0,56.666666666666664,15.15303590600411,50.51011968668037,22.0,73.33333333333333,26.66666666666667,47.83586325500343,1
27.0,1,1,3.8,99.93657771883107,4.127795712733164,1.0,6.0,7.390934118532262,9.66326332268638,3.832449242969279,6.0,7.0,7.0,10.0,5.0,5.0,7.0,2.0,6.0,8.0,13.0,1.2378299602240506,1,6.69173248767184,1,1,1,False,True,False,False,False,False,False,False,True,26.0,65.0,4.0,13.333333333333334,18.43987996118484,61.4662665372828,22.0,73.33333333333333,26.66666666666667,41.616566634320705,1
18.0,0,4,6.55,81.69560178640614,3.483014642290881,9.0,2.0,4.85900654155496,3.946130846295513,6.11533131752476,3.0,7.0,6.0,8.0,2.0,4.0,1.0,9.0,9.0,6.0,5.0,6.523125025218869,1,6.5711869971185735,0,1,0,False,False,False,False,True,True,False,False,True,15.0,37.5,16.0,53.333333333333336,12.971792987215792,43.23930995738598,22.0,73.33333333333333,26.66666666666667,40.1848274893465,1
28.0,2,4,4.55,49.61599594243522,5.465762068711702,7.0,8.0,8.528523625857321,2.045756241473417,2.874541409468556,4.0,7.0,4.0,6.0,17.0,9.0,4.0,8.0,6.0,2.0,10.0,3.5785666612574563,1,13.26940546666815,1,1,1,True,False,False,False,False,False,True,False,False,21.0,52.5,15.0,50.0,10.64269120614754,35.47563735382513,3.0,10.0,90.0,56.993909338456284,1
17.0,1,4,7.55,54.23006087791579,4.04450026185774,0.0,6.0,6.077495202030116,3.3052988237034704,3.9402503904344863,6.0,2.0,2.0,6.0,10.0,1.0,8.0,6.0,5.0,8.0,10.0,5.675296692849417,1,0.1378403607421834,0,1,1,True,False,False,False,False,False,False,True,False,18.0,45.0,6.0,20.0,13.287553231238867,44.29184410412956,8.0,26.666666666666668,73.33333333333333,45.65629435936572,1
22.0,0,2,6.55,81.54672887449281,6.370275808796807,4.0,8.0,4.595215395612454,9.704309206442106,0.8901751686864179,9.0,1.0,2.0,5.0,3.0,3.0,10.0,4.0,8.0,8.0,7.0,4.918918412307208,0,5.488811755194611,0,1,1,False,False,True,False,False,False,False,True,True,27.0,67.5,15.0,50.0,24.218918642143233,80.72972880714411,14.0,46.666666666666664,53.333333333333336,62.890765535119364,1
28.0,0,1,6.55,86.78566331674732,9.28220702725553,7.0,8.0,6.179192882890575,8.447527176029801,2.196149718103685,10.0,2.0,7.0,2.0,5.0,6.0,4.0,8.0,1.0,6.0,1.0,7.236519834903627,0,7.990298786430392,0,1,0,False,False,True,False,False,True,False,False,False,13.0,32.5,24.0,80.0,20.072184575035543,66.90728191678514,14.0,46.666666666666664,53.333333333333336,58.18515381252962,1
23.0,1,3,7.55,72.37137661075897,8.093535401332481,2.0,1.0,6.179192882890575,2.006865004794394,7.94744916421037,6.0,2.0,5.0,6.0,5.0,7.0,1.0,10.0,3.0,8.0,5.0,3.098028171623323,0,5.811733439084345,1,1,0,False,False,False,True,False,False,True,False,True,11.0,27.500000000000004,8.0,26.666666666666668,7.880222957693448,26.26740985897816,16.0,53.333333333333336,46.666666666666664,31.77518579807787,0
27.0,1,2,9.55,55.418131233956245,3.533482713049405,9.0,6.0,8.308633735354423,10.0,5.26368147106651,9.0,6.0,5.0,6.0,10.0,5.0,6.0,4.0,6.0,9.0,3.0,6.885436002599251,0,2.1266196699812854,1,0,0,False,False,False,False,False,False,False,True,False,23.0,57.49999999999999,22.0,73.33333333333333,16.42768479357907,54.75894931193023,11.0,36.666666666666664,63.333333333333336,62.23140399464922,1
25.0,0,3,3.25,58.42724169232365,15.096202800981835,4.0,2.0,7.688924790613388,6.626248147031992,6.422258640340555,6.0,3.0,2.0,5.0,8.0,16.0,2.0,2.0,8.0,6.0,6.0,1.4320825605832854,1,4.512030347607504,0,1,1,False,False,True,False,False,False,False,False,False,34.0,85.0,10.0,33.33333333333333,12.515064716078049,41.71688238692683,9.0,30.0,70.0,57.51255393006504,1
17.0,2,4,6.55,135.22525499326775,6.370275808796807,9.0,8.0,4.553712858772264,1.4945045160149175,3.9402503904344863,2.0,0.0,7.0,6.0,9.0,16.0,6.0,9.0,6.0,2.0,4.0,1.3369438256480204,0,3.824456792649924,1,0,0,False,False,False,False,True,False,True,False,False,29.0,72.5,23.0,76.66666666666667,13.000541266808167,43.33513755602722,14.0,46.666666666666664,53.333333333333336,61.458784389006816,1
23.0,2,4,2.45,50.30897069807661,0.8184748169127056,3.0,2.0,5.921664711548824,7.780599055096191,0.6319308143673386,8.0,3.0,2.0,5.0,4.0,5.0,6.0,2.0,10.0,7.0,6.0,3.476841778028088,1,3.672169615881415,0,1,0,False,False,False,False,False,False,False,False,True,29.0,72.5,9.0,30.0,21.22700352918003,70.7566784306001,13.0,43.333333333333336,56.666666666666664,57.480836274316694,1
21.0,2,2,1.45,46.25459193308665,0.9395672038428572,1.0,4.0,2.609227084234603,5.170810267612032,1.3175554058799488,4.0,6.0,5.0,4.0,10.0,14.0,1.0,1.0,6.0,2.0,4.0,9.97184368604914,1,5.781193253765138,1,1,1,False,False,False,True,False,False,False,True,False,30.0,75.0,11.0,36.666666666666664,21.24402777749748,70.81342592499159,9.0,30.0,70.0,63.120023147914566,1
21.0,0,1,9.55,80.73184534513081,6.674040816597041,4.0,2.0,8.620002146875386,6.626248147031992,7.423725535954277,8.0,7.0,5.0,3.0,1.0,19.0,5.0,1.0,4.0,3.0,7.0,8.610436618668206,0,3.8827351179824263,0,1,0,False,False,False,True,False,True,False,False,True,37.0,92.5,9.0,30.0,10.582520464202329,35.27506821400776,17.0,56.666666666666664,43.333333333333336,50.27710038683528,1
18.0,1,4,5.55,86.74587638759022,7.669381540677639,4.0,7.0,4.127638475549968,6.8099669757655645,7.215722276725036,6.0,7.0,3.0,1.0,6.0,10.0,8.0,3.0,7.0,6.0,3.0,6.207695199289404,0,0.9548773728731428,0,0,1,False,False,False,True,False,False,False,False,False,32.0,80.0,18.0,60.0,15.466606223490562,51.555354078301875,8.0,26.666666666666668,73.33333333333333,66.2221718529088,1
27.0,0,3,5.55,70.05576426499033,2.536956189310849,4.0,5.0,9.113801134709576,9.481507072140891,5.078793643246751,7.0,7.0,2.0,4.0,4.0,2.0,8.0,10.0,7.0,9.0,6.0,3.0884525678390826,0,4.051740707010574,1,1,0,False,False,True,False,False,False,False,True,False,17.0,42.5,13.0,43.333333333333336,15.288912294184565,50.96304098061522,12.0,40.0,60.0,49.19909357848714,1
19.0,1,3,9.55,61.82996261610312,8.942641520298217,0.0,6.0,6.774373544103408,7.127137717502327,5.917454678996719,20.0,3.0,3.0,9.0,5.0,8.0,2.0,7.0,1.0,9.0,2.0,1.640431007477321,0,7.791575171287742,1,1,1,False,False,False,False,False,True,False,False,False,14.0,35.0,14.0,46.666666666666664,14.435309494402201,48.117698314674,17.0,56.666666666666664,43.333333333333336,43.279424578668504,1
23.0,2,2,7.55,65.92256281158859,6.370275808796807,1.0,13.0,6.542561297728339,7.523941909376208,6.515429878316247,2.0,7.0,5.0,7.0,6.0,3.0,9.0,6.0,16.0,10.0,2.0,7.4391128635245956,0,0.4923019568756626,0,1,0,True,False,False,False,False,False,True,False,True,32.0,80.0,22.0,73.33333333333333,14.46595073333162,48.21983577777207,16.0,53.333333333333336,46.666666666666664,62.05495894444301,1
22.0,2,3,5.55,63.30447003231711,11.079471218835437,6.0,8.0,3.3017499385137725,4.662030281489905,4.137953721360672,8.0,3.0,6.0,7.0,8.0,5.0,2.0,6.0,9.0,2.0,1.0,2.0413893642089365,0,2.9643213635084216,1,0,0,False,False,True,False,False,False,False,True,True,20.0,50.0,23.0,76.66666666666667,17.22232662161546,57.40775540538486,15.0,50.0,50.0,58.51860551801288,1
28.0,1,1,5.55,97.59909449426053,2.0274504223024405,0.0,2.0,2.5562828767201315,2.38539827562703,6.60903566655464,2.0,4.0,4.0,7.0,8.0,6.0,4.0,17.0,6.0,1.0,6.0,4.114277416134654,1,4.070732880773424,1,1,0,False,False,False,False,False,False,False,True,True,9.0,22.5,6.0,20.0,13.220079732352257,44.06693244117419,13.0,43.333333333333336,56.666666666666664,35.808399776960215,0
18.0,1,4,1.45,86.08539431314841,9.016491184296129,1.0,3.0,6.420932647854614,8.510055667640156,17.488749599823443,6.0,7.0,7.0,4.0,8.0,6.0,10.0,10.0,6.0,6.0,6.0,5.291942168562667,0,3.8827351179824263,0,0,1,False,False,False,False,True,False,True,False,True,22.0,55.00000000000001,8.0,26.666666666666668,4.6003734199621,15.334578066540333,13.0,43.333333333333336,56.666666666666664,38.41697784996842,0
22.0,1,3,6.55,52.48523289100662,1.0037170869992045,9.0,6.0,5.743912986041792,6.626248147031992,5.173814274158098,10.0,1.0,2.0,7.0,1.0,3.0,4.0,6.0,8.0,7.0,6.0,4.97650989328116,0,2.3574180361959485,0,0,1,False,False,False,True,False,False,True,False,False,19.0,47.5,19.0,63.33333333333333,15.708520886832101,52.361736289440344,18.0,60.0,40.0,50.79876740569342,1
18.0,2,3,6.55,63.05134912323881,6.370275808796807,6.0,7.0,2.957464268618101,4.615888864394061,4.2305086706775805,7.0,1.0,6.0,2.0,7.0,1.0,4.0,10.0,7.0,8.0,1.0,7.793776657040001,0,0.8867292911340066,0,1,0,False,False,False,False,True,True,False,False,False,12.0,30.0,22.0,73.33333333333333,17.42791592509838,58.09305308366126,11.0,36.666666666666664,63.333333333333336,56.18992993758199,1
18.0,0,4,9.55,72.64073748178659,6.62274167398975,0.0,10.0,15.616703719379416,3.3984834986712595,2.921262834121813,7.0,2.0,9.0,8.0,4.0,6.0,7.0,2.0,10.0,4.0,4.0,9.41277713959313,0,5.644343828404747,0,0,1,False,False,False,False,False,True,False,False,False,31.0,77.5,16.0,53.333333333333336,4.860516945170031,16.201723150566767,23.0,76.66666666666667,23.33333333333333,42.59209745430836,1
18.0,0,2,8.55,76.77915172382131,4.660620535760888,6.0,8.0,5.33792095340572,5.273867848317402,1.5575715398291807,7.0,5.0,10.0,10.0,6.0,2.0,22.0,14.0,6.0,7.0,6.0,1.466732160896902,0,3.5122457400286238,0,1,0,False,False,False,False,True,True,False,False,False,26.0,65.0,18.0,60.0,18.378375355082504,61.261251183608344,24.0,80.0,20.0,51.56531279590209,1
27.0,0,3,6.55,68.09103376172602,10.134853772022806,7.0,3.0,4.083662403127096,4.423948297702082,5.253262300444571,4.0,5.0,5.0,8.0,6.0,10.0,8.0,4.0,4.0,9.0,2.0,8.675614206319935,1,4.981196229265922,1,0,0,False,False,False,False,False,True,False,False,False,28.0,70.0,18.0,60.0,15.087023594130414,50.290078647101375,17.0,56.666666666666664,43.333333333333336,55.90585299510868,1
19.0,2,2,7.55,88.60759810071755,0.0524477374321468,1.0,7.0,8.306176745171108,6.626248147031992,0.5010975335803538,6.0,1.0,4.0,9.0,5.0,7.0,4.0,8.0,4.0,1.0,8.0,10.785970429113451,1,4.819345636980034,1,0,0,False,False,False,False,False,True,False,False,True,17.0,42.5,10.0,33.33333333333333,17.81897386828053,59.3965795609351,18.0,60.0,40.0,43.80747822356711,1
18.0,1,2,3.8,86.0563611674939,6.2421528227822485,3.0,8.0,9.304513254215497,3.862266556450801,7.65030068267392,6.0,4.0,9.0,5.0,5.0,6.0,4.0,1.0,6.0,3.0,8.0,1.3578335231572902,1,2.8620774790430845,1,0,0,False,False,False,False,True,False,False,True,True,25.0,62.5,13.0,43.333333333333336,6.907452619561385,23.024842065204616,19.0,63.33333333333333,36.66666666666667,41.38121051630115,1
20.0,0,3,8.55,72.37137661075897,4.814692757173924,6.0,10.0,4.447701625512321,7.168253801462088,3.9402503904344863,8.0,5.0,6.0,10.0,1.0,3.0,6.0,6.0,3.0,5.0,6.0,6.078108037731873,0,0.2834262608238687,0,0,1,False,True,False,False,False,True,False,False,False,16.0,40.0,20.0,66.66666666666666,18.78030178551528,62.6010059517176,25.0,83.33333333333334,16.666666666666657,46.48358482126273,1
25.0,0,4,1.45,91.26576320690384,20.3941224281957,0.0,6.0,8.207599083213179,6.0134747306373,7.674902186143569,3.0,3.0,4.0,8.0,6.0,1.0,9.0,1.0,9.0,7.0,1.0,9.302542794146763,0,2.141691262580568,1,0,0,True,False,False,False,False,False,False,True,False,28.0,70.0,15.0,50.0,10.130973461280552,33.76991153760184,16.0,53.333333333333336,46.666666666666664,50.109144551067125,1
22.0,0,2,7.55,72.37137661075897,0.516809115673166,5.0,4.0,7.2201572560681075,9.81163255869075,2.1781960823675397,6.0,6.0,1.0,6.0,10.0,7.0,5.0,3.0,8.0,5.0,3.0,9.573880979447257,1,3.8827351179824263,1,1,0,False,False,True,False,False,False,False,True,False,27.0,67.5,16.0,53.333333333333336,20.413279220255102,68.04426406751702,7.0,23.333333333333332,76.66666666666667,66.38606601687925,1
17.0,0,3,3.25,86.71491092323859,9.978656258178932,4.0,6.0,9.917822270032731,5.709017366483824,3.9402503904344863,6.0,3.0,9.0,10.0,6.0,8.0,2.0,3.0,4.0,1.0,7.0,7.197709046658235,1,1.6214675766328028,1,0,0,False,False,False,True,False,True,False,False,True,21.0,52.5,13.0,43.333333333333336,11.850944706016605,39.50314902005535,23.0,76.66666666666667,23.33333333333333,39.667453921680504,0
24.0,0,2,1.45,97.384046766005,10.057106720483418,4.0,6.0,5.6329840822478,10.0,4.897001137496777,10.0,3.0,10.0,6.0,6.0,4.0,9.0,9.0,3.0,1.0,6.0,4.93573491297412,1,7.501474905002766,1,1,1,True,False,False,False,False,False,True,False,False,17.0,42.5,14.0,46.666666666666664,19.470014780255422,64.90004926751809,20.0,66.66666666666666,33.33333333333334,46.85001231687952,1
28.0,2,4,2.45,72.37137661075897,9.994392148842037,7.0,3.0,9.685431956051636,6.626248147031992,6.482111729220978,14.0,5.0,3.0,8.0,10.0,9.0,6.0,3.0,4.0,1.0,3.0,1.866837497314917,0,3.308938682695688,1,0,1,False,False,True,False,False,False,False,False,True,26.0,65.0,17.0,56.666666666666664,10.458704461759378,34.8623482058646,11.0,36.666666666666664,63.333333333333336,54.96558705146615,1
23.0,0,1,5.55,133.70346536987626,6.370275808796807,0.0,2.0,4.522176453679117,6.626248147031992,1.4313864217149597,4.0,6.0,6.0,10.0,6.0,4.0,1.0,3.0,2.0,8.0,8.0,13.521258764700404,0,2.8175745555722687,0,1,0,False,False,True,False,False,False,False,False,False,14.0,35.0,4.0,13.333333333333334,20.672685271637917,68.90895090545972,20.0,66.66666666666666,33.33333333333334,37.6439043930316,0
26.0,1,1,4.55,93.3371353414384,7.564878222732538,2.0,5.0,5.295634384567778,1.107876928875803,4.00088297166258,6.0,3.0,1.0,9.0,5.0,10.0,9.0,2.0,6.0,7.0,8.0,14.889092656572137,1,0.8604105823504895,1,0,0,False,False,False,True,False,True,False,False,True,33.0,82.5,9.0,30.0,11.811359572645445,39.37119857548482,15.0,50.0,50.0,50.4677996438712,1
19.0,0,4,3.25,86.33358240314077,6.370275808796807,8.0,7.0,4.870606513164279,8.85327755677822,4.5516829286890905,4.0,2.0,6.0,6.0,1.0,5.0,7.0,4.0,6.0,3.0,6.0,1.1108734768449968,1,2.209145205181743,1,0,0,True,False,False,False,False,True,False,False,True,24.0,60.0,19.0,63.33333333333333,19.43098811492485,64.76996038308283,21.0,70.0,30.0,54.52582342910404,1
17.0,1,4,8.55,95.59273248613763,10.175551095470398,7.0,3.0,4.147605576707007,3.584146420110292,3.1428353985619104,3.0,5.0,3.0,13.0,5.0,6.0,6.0,8.0,16.0,4.0,1.0,2.5377851125554574,0,3.8827351179824263,0,1,1,False,False,False,True,False,False,False,False,True,30.0,75.0,19.0,63.33333333333333,16.293705444841375,54.31235148280459,21.0,70.0,30.0,55.661421204034475,1
21.0,2,2,7.55,43.78780961946718,8.675702322103445,3.0,5.0,7.545780651442349,5.179793769504423,2.025861881744639,7.0,3.0,3.0,4.0,2.0,9.0,6.0,6.0,1.0,8.0,8.0,3.073352173531081,1,6.557030599510146,1,1,0,False,False,False,False,False,False,False,True,False,20.0,50.0,10.0,33.33333333333333,15.608151236317436,52.027170787724785,15.0,50.0,50.0,46.34012603026453,1
29.0,2,4,3.25,77.66542463569579,6.373844770791032,9.0,4.0,6.179192882890575,5.184812657008542,3.9402503904344863,5.0,4.0,7.0,8.0,4.0,9.0,2.0,1.0,8.0,7.0,6.0,4.97650989328116,0,6.1874203903590415,1,1,1,False,False,False,True,False,False,False,True,True,28.0,70.0,17.0,56.666666666666664,15.065369383683482,50.21789794561161,21.0,70.0,30.0,51.72114115306957,1
20.0,1,1,2.45,48.67770028740685,19.9216682337476,8.0,7.0,4.445535565536772,10.0,0.6804710528406854,1.0,7.0,9.0,7.0,2.0,8.0,8.0,5.0,8.0,7.0,9.0,4.97650989328116,1,5.480773096554255,0,1,1,False,False,False,False,True,False,False,True,True,29.0,72.5,16.0,53.333333333333336,24.87399338162254,82.91331127207513,24.0,80.0,20.0,57.18666115135212,1
23.0,1,4,7.55,70.23383189755495,1.1318891598212666,6.0,2.0,3.0576996521462103,2.123020369822497,1.2318967288140446,8.0,7.0,6.0,9.0,8.0,10.0,1.0,10.0,9.0,6.0,9.0,2.439169022903105,1,3.8827351179824263,1,1,1,False,False,False,True,False,False,False,True,True,20.0,50.0,9.0,30.0,17.833423988862243,59.44474662954081,17.0,56.666666666666664,43.333333333333336,45.69451999071854,1
24.0,2,3,4.55,49.34481591120665,6.343869986122275,1.0,7.0,4.539005101865654,8.335866486852888,2.564084265054409,1.0,2.0,12.0,6.0,7.0,2.0,3.0,8.0,5.0,9.0,2.0,5.674875494705238,0,3.293370446532569,1,1,0,False,True,False,False,False,False,False,False,False,12.0,30.0,16.0,53.333333333333336,21.232777119932827,70.77592373310942,21.0,70.0,30.0,46.02731426661069,1
17.0,2,3,8.55,47.68471053909276,3.4953179017973453,0.0,2.0,5.049850493470799,6.626248147031992,7.358160011976475,9.0,6.0,9.0,10.0,9.0,10.0,1.0,1.0,4.0,6.0,6.0,1.458969386449458,0,4.572097534238367,1,0,0,False,True,False,False,False,True,False,False,False,24.0,60.0,6.0,20.0,14.21823764158472,47.39412547194907,20.0,66.66666666666666,33.33333333333334,40.181864701320606,1
26.0,0,2,1.45,40.73010072292199,11.671433558675677,0.0,3.0,6.179192882890575,1.2462287205137133,4.513682962407506,6.0,2.0,6.0,6.0,4.0,10.0,6.0,17.0,9.0,1.0,4.0,0.4426468522653526,0,0.3731974271614398,1,1,1,True,False,False,False,False,True,False,False,False,18.0,45.0,9.0,30.0,10.553352875215632,35.17784291738544,18.0,60.0,40.0,37.54446072934636,0
17.0,2,1,9.55,77.81432874297425,10.28541540748682,2.0,5.0,4.858076270100724,10.0,2.9853895346476467,4.0,5.0,2.0,8.0,5.0,1.0,4.0,7.0,3.0,5.0,7.0,5.097448101067278,1,5.6292810037911725,1,0,1,True,False,False,False,False,False,False,True,True,11.0,27.500000000000004,10.0,33.33333333333333,22.15653419525163,73.8551139841721,15.0,50.0,50.0,46.17211182937636,1
28.0,1,3,3.25,61.54135700140516,6.370275808796807,9.0,7.0,2.389780049785095,1.2024520183789358,3.221425721739469,10.0,2.0,3.0,9.0,9.0,2.0,3.0,5.0,4.0,8.0,6.0,0.3184202066067088,0,6.408919909868441,1,1,0,False,False,False,False,False,False,False,True,False,14.0,35.0,20.0,66.66666666666666,15.591246246854372,51.970820822847905,13.0,43.333333333333336,56.666666666666664,52.57603853904531,1
20.0,0,4,6.55,46.3112970927383,11.204971622996784,1.0,6.0,5.712264863212136,10.0,6.702220739724505,6.0,1.0,5.0,7.0,9.0,6.0,8.0,4.0,8.0,6.0,7.0,9.92043574360445,0,2.0773601908411683,0,0,0,False,True,False,False,False,True,False,False,False,28.0,70.0,10.0,33.33333333333333,17.58551439706336,58.61838132354453,13.0,43.333333333333336,56.666666666666664,54.65459533088613,1
24.0,1,3,6.55,59.37026666387859,4.162119654785685,3.0,7.0,8.689664777962456,10.0,0.214236596712837,9.0,2.0,6.0,9.0,2.0,7.0,7.0,7.0,2.0,5.0,5.0,4.97650989328116,0,6.325554747914627,1,0,0,False,False,False,False,False,False,True,False,True,19.0,47.5,15.0,50.0,21.096098625324707,70.32032875108236,23.0,76.66666666666667,23.33333333333333,47.788415521103914,1
21.0,0,3,3.25,50.136645487095095,6.370275808796807,7.0,6.0,3.442930334868148,10.0,0.090712465875117,1.0,4.0,3.0,6.0,1.0,6.0,4.0,9.0,3.0,9.0,9.0,7.778718936333361,0,5.671813789265935,0,1,0,False,False,False,True,False,True,False,False,True,14.0,35.0,14.0,46.666666666666664,26.466357199256734,88.22119066418911,18.0,60.0,40.0,52.47196433271394,1
18.0,2,2,3.8,96.50168989009956,3.902858785280524,4.0,6.0,6.179192882890575,6.050334750676074,0.3686775690795123,6.0,6.0,6.0,8.0,3.0,1.0,1.0,4.0,3.0,7.0,1.0,7.545157758509852,1,4.327881047059216,1,0,1,True,False,False,False,False,True,False,False,False,11.0,27.500000000000004,19.0,63.33333333333333,19.502464298705988,65.00821432901996,21.0,70.0,30.0,46.46038691558832,1
22.0,1,4,3.8,59.20029314568089,8.793560636293837,4.0,5.0,6.179192882890575,10.0,3.7536400049571057,9.0,5.0,6.0,9.0,10.0,1.0,7.0,3.0,8.0,7.0,14.0,6.411106313720307,0,4.427773092141674,1,0,0,False,False,False,False,True,True,False,False,False,23.0,57.49999999999999,5.0,16.666666666666664,20.06716711215232,66.89055704050773,15.0,50.0,50.0,47.7643059267936,1
21.0,0,4,8.55,60.03721139736339,8.837002941317389,4.0,1.0,4.964824097200092,2.3457349733256554,4.649995156865399,15.0,5.0,6.0,9.0,1.0,14.0,3.0,10.0,2.0,1.0,9.0,0.6997132978375897,1,5.640770611098884,0,1,0,False,False,False,False,True,False,False,True,False,19.0,47.5,6.0,20.0,12.730915719260164,42.436385730867215,24.0,80.0,20.0,32.484096432716804,0
18.0,0,4,1.45,90.39148020397514,0.2201985174491216,4.0,7.0,6.490245125708407,5.679227724756875,4.995750484063709,7.0,3.0,2.0,1.0,6.0,1.0,5.0,4.0,8.0,2.0,8.0,4.559849184296025,1,7.98524879966784,0,0,0,False,False,False,False,True,False,False,True,True,20.0,50.0,13.0,43.333333333333336,14.19323211498476,47.31077371661587,7.0,23.333333333333332,76.66666666666667,54.32769342915397,1
29.0,2,2,8.55,149.78415363956262,4.332716379338342,4.0,6.0,9.576594477303914,4.387724738013292,5.849096995204957,9.0,6.0,1.0,3.0,8.0,10.0,8.0,5.0,7.0,10.0,1.0,2.789604804744555,0,3.8827351179824263,0,0,0,False,False,False,True,False,True,False,False,False,30.0,75.0,19.0,63.33333333333333,8.96203326550442,29.873444218348066,6.0,20.0,80.0,62.05169438792034,1
27.0,2,4,8.55,82.61029644418008,0.2331920689019746,6.0,5.0,8.087090002662437,5.346947556677864,3.9402503904344863,7.0,1.0,7.0,16.0,11.0,10.0,9.0,9.0,1.0,5.0,8.0,2.982268992260022,1,3.8827351179824263,0,0,0,False,False,False,False,True,False,True,False,False,21.0,52.5,13.0,43.333333333333336,13.31960716358094,44.3986905452698,22.0,73.33333333333333,26.66666666666667,41.72467263631745,1
27.0,2,4,6.55,78.16010823933763,11.965104211322982,5.0,1.0,7.4964652254503825,6.626248147031992,2.0982774092249192,6.0,3.0,6.0,7.0,4.0,1.0,10.0,1.0,8.0,3.0,3.0,3.7070921405317305,0,5.596389069188205,0,0,1,False,False,True,False,False,True,False,False,True,28.0,70.0,13.0,43.333333333333336,17.03150551235669,56.77168504118897,19.0,63.33333333333333,36.66666666666667,51.69292126029724,1
27.0,1,3,6.55,96.77177703691392,1.466361141950856,4.0,8.0,5.327495555149429,1.962282200470308,3.9402503904344863,6.0,0.0,6.0,4.0,10.0,2.0,10.0,9.0,1.0,8.0,10.0,3.2066314317615685,1,0.2307919806165177,0,0,1,False,True,False,False,False,False,True,False,True,14.0,35.0,12.0,40.0,12.694536254886392,42.31512084962131,10.0,33.33333333333333,66.66666666666667,45.99544687907199,1
19.0,0,3,5.55,52.42004989348271,6.513730747777313,1.0,4.0,4.298878691053079,10.0,1.19337678488528,6.0,1.0,5.0,10.0,1.0,2.0,7.0,9.0,9.0,4.0,6.0,11.738670442644535,1,7.158793911844118,0,1,0,False,False,False,False,True,False,False,False,True,19.0,47.5,9.0,30.0,24.50774452406164,81.69248174687212,24.0,80.0,20.0,44.79812043671803,1
25.0,2,4,7.55,99.34235450534774,18.56023732493732,0.0,6.0,6.322112826367047,7.985738749406116,1.9551646112294128,3.0,6.0,6.0,2.0,9.0,18.0,6.0,8.0,1.0,7.0,9.0,0.0745120436602941,0,7.78164446123027,0,1,0,False,False,True,False,False,True,False,False,False,27.0,67.5,7.0,23.333333333333332,19.708461311809657,65.69487103936552,9.0,30.0,70.0,56.63205109317471,1
23.0,1,1,4.55,89.85737065339079,2.415163227130709,0.0,1.0,9.083548221290258,10.0,4.909221157734719,4.0,3.0,8.0,4.0,10.0,3.0,6.0,10.0,5.0,5.0,7.0,3.662723706807853,1,5.811547067268399,1,1,1,False,False,False,True,False,True,False,False,True,14.0,35.0,4.0,13.333333333333334,16.007230620975022,53.35743540325007,12.0,40.0,60.0,40.42269218414585,1
23.0,1,1,4.55,75.33835533258053,6.370275808796807,3.0,4.0,9.013940084090972,10.0,2.9312927497299404,6.0,1.0,3.0,6.0,6.0,4.0,5.0,8.0,8.0,6.0,5.0,4.97650989328116,1,2.7444176513901546,0,0,0,False,False,True,False,False,True,False,False,True,19.0,47.5,12.0,40.0,18.054767166179087,60.182557220596955,13.0,43.333333333333336,56.666666666666664,51.0873059718159,1
27.0,1,4,1.45,79.74229746377495,7.28914513105381,1.0,3.0,5.564119589993737,9.42597298442687,6.143299495444726,6.0,2.0,6.0,4.0,3.0,6.0,4.0,8.0,6.0,6.0,8.0,2.578821934413522,1,1.80576996417492,1,0,1,False,False,False,False,False,False,False,True,False,18.0,45.0,6.0,20.0,17.718553898988407,59.061846329961355,17.0,56.666666666666664,43.333333333333336,41.848794915823675,1
22.0,2,1,1.45,78.92955259003685,3.0903484069268177,5.0,8.0,3.969762825892293,1.43145884236491,4.291350394744537,1.0,1.0,8.0,10.0,3.0,4.0,6.0,4.0,6.0,6.0,8.0,6.213266305337459,0,3.8827351179824263,1,1,1,False,False,False,False,False,True,False,False,False,22.0,55.00000000000001,15.0,50.0,13.17034562172808,43.90115207242694,25.0,83.33333333333334,16.666666666666657,41.3919546847734,1
24.0,2,2,7.55,43.50377344354924,6.370275808796807,8.0,9.0,6.179192882890575,10.0,1.6963133369342938,6.0,2.0,3.0,2.0,18.0,3.0,1.0,7.0,1.0,3.0,6.0,5.6042109044047415,0,0.0785125652163716,0,1,1,False,False,True,False,False,False,True,False,False,8.0,20.0,21.0,70.0,22.12449378017513,73.74831260058376,-3.0,-10.0,110.0,68.43707815014594,1
20.0,0,3,6.55,100.90129905053996,3.592037486272384,9.0,5.0,2.271907334075004,4.609632138359574,3.739056004666709,8.0,3.0,5.0,9.0,4.0,3.0,3.0,2.0,3.0,6.0,6.0,4.892752543761983,1,3.4435350444115587,1,1,1,False,False,False,True,False,False,True,False,False,17.0,42.5,18.0,60.0,18.59866879961786,61.99556266539287,20.0,66.66666666666666,33.33333333333334,49.45722399968155,1
24.0,0,4,7.55,72.37137661075897,2.532276916066084,9.0,9.0,8.741313970367571,2.242330274040243,4.746950420709398,9.0,1.0,6.0,1.0,4.0,4.0,6.0,3.0,5.0,2.0,9.0,4.97650989328116,0,5.176899611128212,0,1,0,False,False,False,False,True,False,False,False,True,22.0,55.00000000000001,19.0,63.33333333333333,8.754065882963275,29.180219609877582,13.0,43.333333333333336,56.666666666666664,51.045054902469396,1
20.0,1,3,9.55,72.37137661075897,6.699464957249003,7.0,1.0,4.118704270666304,4.772892270618935,6.92955977143054,2.0,1.0,1.0,10.0,2.0,6.0,10.0,8.0,2.0,6.0,13.0,8.358380691667067,0,3.0108737237524164,0,0,1,False,True,False,False,False,False,True,False,True,20.0,50.0,5.0,16.666666666666664,13.724628228522091,45.7487607617403,19.0,63.33333333333333,36.66666666666667,37.270523523768404,0
24.0,1,1,2.45,72.37137661075897,4.923763531715254,3.0,6.0,4.871993128049334,8.092833410390005,3.9402503904344863,4.0,4.0,16.0,7.0,4.0,7.0,1.0,4.0,6.0,2.0,3.0,5.672742876289516,0,3.505569196706843,1,1,1,False,False,False,True,False,False,False,True,False,20.0,50.0,16.0,53.333333333333336,19.280589891906185,64.26863297302063,29.0,96.66666666666667,3.3333333333333286,42.73382490992182,1
25.0,1,1,3.8,85.7223078033445,11.043431335637012,4.0,7.0,21.146240791358714,3.536890714843586,3.411838684130525,6.0,7.0,7.0,6.0,2.0,4.0,7.0,10.0,9.0,1.0,8.0,4.97650989328116,0,5.481822137569579,0,1,1,True,False,False,False,False,False,False,False,False,20.0,50.0,13.0,43.333333333333336,-1.0211887606456527,-3.4039625354855088,21.0,70.0,30.0,29.98234269946196,0
19.0,1,4,9.55,71.47113655934857,10.560752378377847,0.0,6.0,2.9601924141832834,5.890549721448009,5.181406552780392,2.0,0.0,9.0,3.0,7.0,8.0,2.0,6.0,8.0,1.0,9.0,9.492168703854508,1,3.2722683703519597,1,1,1,False,False,False,True,False,False,False,True,True,22.0,55.00000000000001,7.0,23.333333333333332,17.748950754484333,59.16316918161445,15.0,50.0,50.0,46.87412562873695,1
19.0,0,1,8.55,40.789766285913856,10.285291005264485,6.0,4.0,5.689872630514396,5.449436679915153,2.382438237325659,7.0,1.0,10.0,6.0,5.0,15.0,7.0,8.0,3.0,9.0,4.0,0.828003664242456,1,6.187323978023659,1,1,1,False,False,False,False,True,False,False,False,False,27.0,67.5,16.0,53.333333333333336,17.3771258120751,57.923752706917,21.0,70.0,30.0,52.18927151006258,1
27.0,1,4,3.25,84.17425580290708,4.311165296707171,9.0,9.0,2.978731039370663,1.577092590870523,5.064026475598114,16.0,3.0,4.0,9.0,7.0,5.0,4.0,8.0,6.0,1.0,2.0,4.915447736997347,1,5.138740642556763,1,1,1,False,False,False,False,True,False,False,False,True,17.0,42.5,26.0,86.66666666666667,13.534335075901746,45.11445025300581,16.0,53.333333333333336,46.666666666666664,55.23694589658479,1
23.0,0,4,5.55,83.93305360317169,3.906215779575183,2.0,3.0,5.5347885560905965,7.908907823210808,7.302339560234201,8.0,2.0,5.0,9.0,6.0,6.0,9.0,5.0,6.0,7.0,6.0,7.06013832277769,1,5.371193525951655,1,1,1,True,False,False,False,False,False,True,False,False,26.0,65.0,9.0,30.0,15.071779706886009,50.23926568962003,18.0,60.0,40.0,46.30981642240501,1
18.0,0,4,6.55,49.90892272659846,3.2107634769780886,5.0,1.0,2.3771165890298622,7.807315925217873,4.996342157308917,17.0,7.0,4.0,4.0,2.0,14.0,5.0,7.0,6.0,5.0,6.0,7.971527560268149,1,4.954487108992771,0,0,1,True,False,False,False,False,True,False,False,False,28.0,70.0,10.0,33.33333333333333,20.433857178879094,68.11285726293032,16.0,53.333333333333336,46.666666666666664,54.528214315732576,1
29.0,1,3,3.25,97.3996053054528,6.534574244549727,4.0,2.0,6.140982608107641,6.626248147031992,2.4301746993348425,10.0,3.0,3.0,8.0,2.0,13.0,6.0,1.0,8.0,6.0,2.0,0.0087325167087415,1,0.9577348765405382,0,1,1,False,False,False,False,True,False,False,False,True,36.0,90.0,14.0,46.666666666666664,18.05509083958951,60.18363613196504,19.0,63.33333333333333,36.66666666666667,58.37924236632459,1
26.0,1,1,1.45,53.43448789246686,9.659743256814522,4.0,3.0,8.36567775257111,4.278057382946248,5.151867386963908,1.0,6.0,10.0,16.0,1.0,1.0,4.0,5.0,3.0,10.0,9.0,6.821932328325394,1,5.472633770813109,1,1,1,True,False,False,False,False,False,True,False,False,13.0,32.5,8.0,26.666666666666668,10.760512243411231,35.8683741447041,35.0,116.66666666666667,-16.66666666666667,19.592093536176026,0
19.0,2,3,2.45,67.46496204293196,3.729079298442693,1.0,2.0,7.410373398329203,5.608461315062231,7.22203736666335,10.0,5.0,2.0,7.0,1.0,6.0,4.0,3.0,4.0,9.0,5.0,9.55705822095833,0,4.737858591445346,1,1,1,False,False,False,False,True,False,False,False,False,21.0,52.5,8.0,26.666666666666668,10.976050550069676,36.586835166898915,18.0,60.0,40.0,38.9383754583914,0
19.0,2,3,9.55,72.37137661075897,2.281129076256978,8.0,6.0,6.073352076619204,5.440013845843545,1.0963754461773112,10.0,5.0,3.0,6.0,5.0,6.0,4.0,4.0,8.0,3.0,6.0,7.302388136116676,0,4.594121889618059,0,0,0,False,False,False,True,False,False,True,False,True,24.0,60.0,18.0,60.0,18.270286323047028,60.90095441015676,14.0,46.666666666666664,53.333333333333336,58.55857193587253,1
21.0,1,2,6.55,76.19693916703531,5.705805674199441,3.0,7.0,8.630069697193242,10.0,3.859575343163316,13.0,4.0,2.0,3.0,5.0,6.0,3.0,1.0,16.0,6.0,8.0,4.190330156589716,1,4.7870332297404,1,1,0,True,False,False,False,False,False,False,False,True,34.0,85.0,12.0,40.0,17.510354959643443,58.36784986547815,10.0,33.33333333333333,66.66666666666667,62.50862913303621,1
21.0,0,1,6.55,62.52706720343275,0.8284130015719984,9.0,5.0,3.822303799673544,6.626248147031992,2.5684075994862,6.0,5.0,8.0,4.0,7.0,6.0,3.0,1.0,10.0,7.0,2.0,8.760072850323649,0,7.896594708023273,1,0,0,False,False,False,True,False,False,True,False,True,28.0,70.0,22.0,73.33333333333333,20.23553674787225,67.45178915957416,15.0,50.0,50.0,65.19628062322687,1
23.0,0,1,1.45,61.19040773258233,8.415348073556482,0.0,5.0,8.64637027987423,5.870405586265545,1.931739631147133,7.0,1.0,6.0,9.0,1.0,9.0,6.0,6.0,8.0,2.0,7.0,8.786261377170826,1,3.488476132805156,1,1,0,False,False,False,True,False,False,False,False,True,27.0,67.5,8.0,26.666666666666668,15.292295675244183,50.97431891748061,24.0,80.0,20.0,41.28524639603682,1
28.0,0,2,9.55,89.61861263325684,6.220299195623204,1.0,7.0,4.210907836705409,3.775789876109214,3.169671810393141,6.0,6.0,5.0,24.0,5.0,4.0,5.0,4.0,6.0,6.0,10.0,6.88215211960645,0,1.2929795194512397,0,1,1,True,False,False,False,False,False,False,False,True,21.0,52.5,8.0,26.666666666666668,16.395210229010665,54.65070076336889,34.0,113.33333333333333,-13.333333333333329,30.12100852417556,0
26.0,0,3,6.55,40.57370277102869,5.9564976956742495,8.0,6.0,4.899890729606095,1.0128496106645248,3.1517443678491475,9.0,0.0,1.0,7.0,2.0,7.0,5.0,3.0,10.0,6.0,7.0,6.660879616856449,0,4.102987303615312,1,0,0,False,False,False,False,True,False,False,False,True,29.0,72.5,17.0,56.666666666666664,12.961214513209283,43.20404837736428,16.0,53.333333333333336,46.666666666666664,54.7593454276744,1
29.0,0,1,9.55,87.87680625354534,3.60534455460027,6.0,8.0,3.02744161328394,6.626248147031992,1.6834639751458136,1.0,7.0,6.0,8.0,10.0,6.0,15.0,2.0,6.0,5.0,1.0,3.4438084059099205,1,1.1995594006569543,0,0,0,False,False,False,True,False,False,True,False,False,35.0,87.5,23.0,76.66666666666667,21.91534255860224,73.05114186200747,14.0,46.666666666666664,53.333333333333336,72.63778546550186,2
22.0,2,3,5.55,74.28691394488473,10.85608125038084,9.0,6.0,2.814038050897751,8.742780665700398,3.2290010280889705,3.0,0.0,3.0,6.0,6.0,8.0,10.0,7.0,9.0,7.0,10.0,2.42500714883372,0,6.450845875712077,1,0,0,False,False,False,False,True,True,False,False,True,30.0,75.0,15.0,50.0,22.699741586713678,75.6658052890456,13.0,43.333333333333336,56.666666666666664,64.33311798892807,1
21.0,1,2,5.55,99.16591080881194,1.0858355021946324,1.0,2.0,6.179192882890575,8.50745152713207,5.069854562259366,10.0,1.0,9.0,1.0,7.0,8.0,21.0,6.0,8.0,6.0,8.0,6.298121347776747,0,1.9970012541489448,0,1,0,False,True,False,False,False,False,False,False,False,41.0,102.49999999999999,5.0,16.666666666666664,17.25840408198213,57.5280136066071,13.0,43.333333333333336,56.666666666666664,58.3403367349851,1
22.0,2,4,6.55,75.36659323625494,10.437888106644376,6.0,2.0,3.519825977479819,4.547836301293582,0.2058557216299981,2.0,0.0,1.0,9.0,3.0,1.0,9.0,9.0,3.0,7.0,1.0,4.97650989328116,0,7.965308214817303,0,1,0,True,False,False,False,False,False,True,False,True,14.0,35.0,17.0,56.666666666666664,20.822154602183765,69.40718200727922,17.0,56.666666666666664,43.333333333333336,51.1017955018198,1
17.0,0,3,6.55,43.32274804887747,6.370275808796807,3.0,1.0,4.666369240495581,6.2030685052167325,7.913801701183872,2.0,3.0,10.0,3.0,9.0,10.0,3.0,3.0,7.0,2.0,6.0,4.97650989328116,0,1.4207651299905866,0,0,0,False,False,False,False,False,False,False,True,False,27.0,67.5,8.0,26.666666666666668,13.622897563537279,45.409658545124266,14.0,46.666666666666664,53.333333333333336,48.22741463628107,1
21.0,1,1,1.45,43.03871958662358,10.567482191700268,9.0,7.0,6.2332135915994655,4.271162327183479,3.9402503904344863,1.0,2.0,1.0,3.0,5.0,6.0,4.0,23.0,9.0,4.0,2.0,9.026977092639584,1,3.02421566912379,1,1,0,True,False,False,False,False,False,True,False,True,6.0,15.0,24.0,80.0,14.097698345149528,46.99232781716509,9.0,30.0,70.0,52.99808195429127,1
25.0,0,4,9.55,92.98917918230993,8.745137499988603,4.0,4.0,6.179192882890575,9.040080274136844,4.989162916041019,17.0,1.0,8.0,9.0,5.0,9.0,2.0,8.0,10.0,1.0,10.0,1.6402460344413416,0,1.1692940113261925,1,0,0,False,True,False,False,False,False,True,False,False,23.0,57.49999999999999,8.0,26.666666666666668,17.871724475205248,59.57241491735083,22.0,73.33333333333333,26.66666666666667,42.60143706267104,1
28.0,0,4,4.55,90.4728487306632,1.2500487199444597,4.0,9.0,8.961066267030233,10.0,2.268391561331395,10.0,5.0,3.0,4.0,5.0,8.0,8.0,5.0,3.0,6.0,7.0,5.725052827331016,1,3.353871201141948,1,0,0,False,False,False,True,False,True,False,False,True,24.0,60.0,16.0,53.333333333333336,18.770542171638372,62.56847390546124,12.0,40.0,60.0,58.97545180969865,1
26.0,1,3,7.55,60.753404534921394,9.978435438112244,4.0,6.0,17.74718846157519,10.0,3.148287020956136,5.0,3.0,7.0,14.0,9.0,2.0,7.0,6.0,6.0,9.0,5.0,1.7826769215481142,1,3.8724344413934313,0,1,0,False,False,False,False,False,False,False,True,False,19.0,47.5,15.0,50.0,9.104524517468676,30.348415058228916,22.0,73.33333333333333,26.66666666666667,38.6287704312239,0
18.0,0,4,7.55,77.08194905086823,8.186122004394061,3.0,7.0,4.607923659148165,2.912584535632329,4.393899806417604,6.0,2.0,10.0,4.0,17.0,5.0,3.0,1.0,5.0,7.0,5.0,4.945193761329887,0,5.94687605580751,0,0,0,False,False,False,False,False,False,False,True,True,22.0,55.00000000000001,15.0,50.0,13.91076107006656,46.36920356688854,7.0,23.333333333333332,76.66666666666667,57.008967558388804,1
17.0,1,4,3.25,69.37548142333603,6.370275808796807,4.0,7.0,2.736221569333708,8.645184160180085,4.89482002109158,8.0,0.0,5.0,2.0,1.0,4.0,5.0,6.0,10.0,8.0,5.0,6.3842560823268,1,0.0111466474251988,1,1,0,False,False,False,False,True,True,False,False,True,23.0,57.49999999999999,16.0,53.333333333333336,21.014142569754796,70.04714189918265,16.0,53.333333333333336,46.666666666666664,56.88678547479566,1
26.0,0,4,3.25,98.02984330816312,1.6044321853160397,4.0,8.0,3.681265872057416,6.626248147031992,6.1636635961607045,4.0,7.0,2.0,5.0,5.0,8.0,1.0,9.0,9.0,6.0,6.0,7.590663637017491,1,1.8464316565653365,1,1,0,False,False,True,False,False,True,False,False,False,19.0,47.5,16.0,53.333333333333336,16.78131867881387,55.937728929379574,12.0,40.0,60.0,54.19276556567823,1
29.0,1,1,6.55,96.99765405261348,7.627536670028341,0.0,4.0,5.795143365880511,6.626248147031992,6.333470519113992,1.0,3.0,20.0,3.0,10.0,9.0,6.0,7.0,1.0,2.0,6.0,4.97650989328116,0,2.159378723282863,1,1,1,False,False,False,False,True,False,False,False,False,19.0,47.5,8.0,26.666666666666668,14.49763426203749,48.32544754012497,23.0,76.66666666666667,23.33333333333333,36.45636188503124,0
27.0,2,1,3.8,99.03034051244649,7.95120603456342,4.0,3.0,6.179192882890575,4.860715579612201,4.149625432980967,9.0,6.0,14.0,4.0,6.0,11.0,23.0,9.0,4.0,6.0,8.0,8.911855277759058,0,8.795105092581696,0,0,0,False,False,False,False,False,False,False,False,False,39.0,97.5,9.0,30.0,14.531897263740658,48.43965754580219,22.0,73.33333333333333,26.66666666666667,50.65158105311721,1
23.0,0,3,5.55,91.98692683805584,8.95981719405114,4.0,3.0,5.62777790025236,7.995410023807679,0.6058060341100484,3.0,2.0,3.0,3.0,9.0,9.0,6.0,5.0,9.0,1.0,9.0,5.307350504073543,1,2.217556300997301,1,1,0,False,False,False,False,False,False,True,False,True,29.0,72.5,8.0,26.666666666666668,21.76182608944527,72.5394202981509,7.0,23.333333333333332,76.66666666666667,62.09318840787107,1
26.0,1,3,8.55,94.57309544650607,8.642944809299783,7.0,10.0,8.06962799776698,6.626248147031992,4.462268471076299,20.0,6.0,6.0,6.0,3.0,1.0,6.0,5.0,9.0,9.0,7.0,5.804708004226098,0,3.894726599388488,0,0,0,False,False,True,False,False,False,True,False,False,21.0,52.5,20.0,66.66666666666666,14.094351678188712,46.98117226062904,19.0,63.33333333333333,36.66666666666667,50.7036263984906,1
25.0,2,2,9.55,53.036726726028185,7.914239456039459,9.0,8.0,5.365107470205508,5.36752029846434,3.820642272554711,18.0,6.0,5.0,4.0,1.0,7.0,6.0,5.0,6.0,5.0,3.0,0.0271423251925717,0,3.902208120169937,1,1,0,True,False,False,False,False,False,False,False,False,24.0,60.0,24.0,80.0,16.18177055570412,53.9392351856804,18.0,60.0,40.0,58.4848087964201,1
25.0,1,1,2.45,89.86040733938647,9.19486682095707,3.0,3.0,3.575979649663509,2.143900456026471,1.7230928581222251,3.0,4.0,1.0,9.0,8.0,8.0,4.0,6.0,6.0,10.0,3.0,3.379369659337057,0,6.483570033279611,0,1,1,False,False,True,False,False,False,False,True,False,22.0,55.00000000000001,13.0,43.333333333333336,16.844827948240738,56.14942649413579,12.0,40.0,60.0,53.62068995686728,1
22.0,0,3,2.45,72.37137661075897,6.901028470708474,3.0,8.0,4.863741124679459,7.673258542722456,0.0813029759183132,3.0,7.0,1.0,7.0,6.0,6.0,2.0,4.0,6.0,7.0,2.0,7.607733386788734,0,7.007171452192065,0,1,0,False,False,False,True,False,True,False,False,True,20.0,50.0,19.0,63.33333333333333,22.728214442124685,75.76071480708228,12.0,40.0,60.0,62.273512035103906,1
24.0,0,4,5.55,97.7671905296842,3.129496626293459,4.0,2.0,7.943849745188265,9.823548805683997,2.5277277934457505,4.0,3.0,2.0,6.0,6.0,4.0,7.0,10.0,6.0,9.0,10.0,9.94062073202786,1,7.816256726137473,0,1,0,False,False,False,False,True,False,True,False,True,17.0,42.5,6.0,20.0,19.351971267049983,64.50657089016661,12.0,40.0,60.0,46.75164272254165,1
27.0,1,4,3.25,74.27570970655717,20.82709055822994,4.0,5.0,5.392496961710223,10.0,2.0759065765442117,4.0,3.0,7.0,10.0,5.0,4.0,5.0,9.0,10.0,1.0,5.0,9.452842242574404,0,6.726369584756001,1,1,0,True,False,False,False,False,True,False,False,False,20.0,50.0,14.0,46.666666666666664,22.531596461745565,75.10532153915189,22.0,73.33333333333333,26.66666666666667,49.60966371812131,1
29.0,1,1,1.45,45.11003000263338,0.2185683711837351,5.0,6.0,3.9963028237683087,3.4536413765923624,3.863281746802371,7.0,2.0,3.0,9.0,8.0,7.0,7.0,7.0,5.0,1.0,3.0,0.9458817811589636,1,7.023667209539051,0,1,0,False,False,False,False,True,False,False,False,False,22.0,55.00000000000001,18.0,60.0,15.594056806021683,51.98018935340561,14.0,46.666666666666664,53.333333333333336,55.07838067168474,1
23.0,2,4,2.45,75.84393347122918,4.398740638457882,4.0,7.0,11.717452065361025,8.704278715999084,6.092812554008011,2.0,2.0,9.0,4.0,6.0,10.0,7.0,3.0,15.0,1.0,2.0,4.171954267500628,0,3.8827351179824263,0,1,0,False,False,True,False,False,True,False,False,True,39.0,97.5,19.0,63.33333333333333,10.894014096630048,36.31338032210016,17.0,56.666666666666664,43.333333333333336,60.120011747191704,1
26.0,1,4,6.55,81.19485568127726,6.370275808796807,4.0,5.0,5.638453501461278,1.30847520182681,3.5123200886709025,8.0,1.0,3.0,6.0,6.0,6.0,7.0,10.0,2.0,7.0,4.0,0.5464424649575184,1,6.619413618218148,1,0,1,True,False,False,False,False,False,True,False,True,15.0,37.5,15.0,50.0,12.15770161169463,40.5256720389821,13.0,43.333333333333336,56.666666666666664,46.17308467641219,1
