Timestamp,age,gender,year_of_study,course_type,cgpa,attendance,study_hours,backlogs,academic_pressure,sleep_hours,screen_time,physical_activity_time,diet_quality,caffeine_intake,social_interaction,family_support,peer_pressure,relationship_status,living_condition,stress_level,anxiety_level,mood_rating,loneliness,self_esteem,motivation_level,social_media_usage,late_night_usage,gaming_hours,past_mental_health_issue,therapy_taken,panic_attacks
2024-01-01 00:00:00,23,female,year 3, law ,6.1 - 7.0,62.27157919891147,1.6276464182475636,4,1,7.144827997560314,,4.19072237534192,7,,8,8,7,In Relationship ,home,4,6,10,,1,,5.407200962207178, Yes,, No,, NO
2024-01-01 01:00:00,20,male, year 1,Engineering ,,41.353699045439654,,,3,4.140102092146869,,4.735531459749182,8,2,3,10,7,single, Hostel,10,1,4,8,1,5,2.0785140279543746, yes,3.1516417711273315, YES , Yes ,yes
2024-01-01 02:00:00,29,Other,year 4,arts ,4.1 - 5.0,48.85860955822953,1.39041593029663,9,8,8.879047715589362,3.5523768889136917,0.9733864129420482,7,4,15,13,8, Single ,hostel ,,8,5,,10,,8.428535161476322,Yes,, yes, no,YES
2024-01-01 03:00:00,27, female,YEAR 4,science ,5.1 - 6.0,41.58032210491312,2.4025919650140213,,5,4.633971709163416,,0.6041215844924652,5,2,4,3,2,,pg,7,8,7,8,9,6,2.099643176126327,Yes,2.523504145414223,No ,NO,Yes 
2024-01-01 04:00:00,24, OTHER,YEAR 2,commerce,6.1 - 7.0,99.3953885452437,0.6243581633981403,3,3,9.352916851065148,5.701479544969493,1.3338688889269035,10,1,6,5,,,PG,7,8,,9,1,8,6.906279850601865,YES ,0.12734035721675951,NO,no,NO
2024-01-01 05:00:00,29,Female , YEAR 1 , arts,,56.73225093947338,5.2587299345892,5,8,5.772811210425772,,4.690700986516971,8,2,,10,7,in relationship,,10,7,4,7,4,4,3.9990945908909117, YES,1.4701968208488156, no,yes, yes
2024-01-01 06:00:00,21,Female, year 4, SCIENCE ,,,9.679633460703117,9,6,,5.197333628087486,,8,2,2,10,6, single,PG,9,7,5,1,8,9,7.494608729630826,No ,0.5429338796711907,YES,, no
2024-01-01 07:00:00,23,Female,Year 4,engineering,,99.75317654558295,7.031630144398746,0,3,3.2963304895579695,9.089780837272624,,8,6,7,8,7, Single , PG,4,6,6,9,9,6,4.2346131784095835,No,2.480052626314862,,NO ,No
2024-01-01 08:00:00,26,male,YEAR 2,Commerce,7.1 - 8.0,,7.276143665815341,1,5,,2.85217903961568,5.620367569488998,10,0,6,8,6,Single,Home,7,7,9,9,,8,,YES,5.379273236005272,, YES , no 
2024-01-01 09:00:00,19, Male , year 4,LAW ,4.1 - 5.0,41.99177890393371,4.963788604621305,3,1,4.979810125820248,,1.9867586162410857,6,2,10,6,3,SINGLE ,,9,9,10,10,8,4,9.610054221294401,YES ,4.129036558178338, yes,yes,No
2024-01-01 10:00:00,,Male, Year 4 ,Engineering,9.1 - 10.0,44.89549782321562,4.1267261190283975,8,,7.712138486485408,8.459735532126183,3.1802159156445526,2,3,12,4,5,In Relationship,home,2,,6,2,6,9,7.587223420957172,YES ,1.9921171206000734, YES,no ,Yes 
2024-01-01 11:00:00,27,Other,,Management,2.0 - 2.9,134.82992855818028,10.142905246089985,5,9,3.5385269844832177,9.822957507944194,16.52515337048831,8,2,7,,3,SINGLE,Alone,8,,7,2,8,9,8.276484830972077,NO,7.990118518298751, No,NO ,NO
2024-01-01 12:00:00,27,Other, year 2,science,3.0 - 3.5,64.37032077468916,1.0542742119181745,5,7,8.70895835525189,10.320598928406248,6.599972890888898,10,2,,,6,In Relationship,Home ,,9,8,7,7,1,3.1288871753576997,NO,, YES, yes,Yes
2024-01-01 13:00:00,24,male,,,5.1 - 6.0,76.37063834690606,10.295167844022405,8,,4.11575063051544,2.745320978138263,2.0437780012652924,1,1,10,3,3,Single,Hostel,4,4,3,,9,1,3.4795041172142884,YES,4.985687625742359,NO , Yes, no 
2024-01-01 14:00:00,21, other,Year 4, Commerce ,9.1 - 10.0,66.33086858268183,5.804280315177428,3,6,,2.5208683722980245,4.780606411214518,,2,,8,2, in relationship ,PG,3,9,,5,9,7,1.7280526460754642,YES,6.413064921664719,Yes,,Yes
2024-01-01 15:00:00,20, female,Year 1,ENGINEERING,5.1 - 6.0,96.04461095628906,,2,5,8.565402751801834,7.762481144612699,5.326435381581342,9,6,5,4,, In Relationship,home,10,8,4,,,3,4.467450627213914,no,7.664117585022745, YES,YES , YES
2024-01-01 16:00:00,,Female , YEAR 1,Commerce,,72.08438292481065,3.816077032732804,6,6,8.723276839138983,9.32608205641261,,6,,8,10,9,In Relationship, ALONE,4,5,1,,5,7,9.969648042706865, Yes,2.835389236623194,,Yes , yes 
2024-01-01 17:00:00,24,female,YEAR 2, science,4.1 - 5.0,81.62356368774653,4.066115418996249,6,7,6.796043522151951,3.9955907326365074,4.379738534180287,10,7,6,9,1,In Relationship,PG ,9,10,,8,2,1,5.89486922086297,YES ,4.561447177452246,no ,Yes ,NO
2024-01-01 18:00:00,19,Male, YEAR 3,Engineering,4.1 - 5.0,93.78911635854979,9.019258419877714,8,9,4.689818309132505,6.784319261304242,4.490295020662195,,1,6,2,8,in relationship , pg,1,3,10,4,6,13,7.2424983482494625,,2.0133920686661053, NO,Yes,NO
2024-01-01 19:00:00,22,other ,YEAR 1,law,6.1 - 7.0,48.81231254999244,9.419954080706642,5,8,2.3683231692451345,9.494633736729481,7.107577707819599,6,7,5,,5,IN RELATIONSHIP,Home,9,9,4,3,4,7,7.374928782670248,YES,0.2691565732603278,NO,Yes,No
2024-01-01 20:00:00,21,Male,, ENGINEERING,9.1 - 10.0,53.78407924711171,2.755736135881761,1,5,4.961416713312997,9.442534190644997,0.4350540414511075,4,6,10,1,9,, PG ,10,,2,,8,4,2.0279568022330374,yes,4.141574346977587, No,YES,yes
2024-01-01 21:00:00,18, other,,Engineering,4.1 - 5.0,46.439119628440906,11.674455897862867,5,7,6.146290962348577,8.1920218272512,9.18115080133996,1,,5,4,9,single, ALONE,,,4,10,10,2,0.5602752312122194, Yes,9.515130683353922,,NO,no
2024-01-01 22:00:00,24,female ,year 4 , law ,8.1 - 9.0,48.378303953794735,1.0138812509379473,7,8,2.0934928282929484,1.866664655267015,,1,7,1,17,2,In Relationship,home,1,10,4,1,4,5,1.215941465027337,No,2.202035546229535,Yes,No ,NO
2024-01-01 23:00:00,28,,YEAR 2 ,Management,5.1-6.0,70.75503801605399,0.8220355572255706,,,6.59432025763055,1.5570824630329638,7.2781070799686916,1,3,4,7,3,single,Alone,,1,3,4,6,5,7.196912889089386,,1.858646336679164,Yes,No, no
2024-01-02 00:00:00,22,Other, Year 4 ,science,,59.27075553804784,7.146050583433233,8,8,9.144337236473383,5.2728984105435535,7.684322172654244,5,,9,9,1, Single,,6,6,5,2,1,4,4.557921789377196, NO,5.317223764136356,Yes,NO ,no
2024-01-02 01:00:00,18,,YEAR 4,management ,,65.39037037160529,8.672889213259458,3,7,3.74272417936021,1.2935616912714085,1.3619781138081333,7,7,2,9,1, single,Hostel,8,3,,5,4,9,9.046796551355179,YES,4.194646725784337, YES ,YES,No 
2024-01-02 02:00:00,28, Female ,YEAR 3, management,4.1 - 5.0,98.9493899076437,11.530633550699687,2,2,9.41415328918719,10.945587650402276,,1,7,6,10,2, single, PG,8,10,1,,4,2,6.386687708267191, no ,5.443801621483876,Yes, Yes,No 
2024-01-02 03:00:00,21,, year 4,,3.6 - 4.0,49.40226086775689,4.859349369586338,4,2,2.780868150588688,1.2215913123019662,2.187663222101798,1,4,,9,2, Single,pg ,,3,7,1,6,4,1.0267177443955344, Yes,13.942769489987054, NO, NO,No
2024-01-02 04:00:00,17,Male,Year 1,Arts,7.1 - 8.0,72.44872424788454,0.30349690787559735,2,6,8.603490801782574,1.325741483561797,0.8050210180937682,6,2,9,9,20,SINGLE,Alone ,8,9,10,9,8,2,9.68468380172259, No ,2.216707518042657,Yes, NO,No
2024-01-02 05:00:00,28, male , YEAR 4 ,Management ,9.1 - 10.0,45.93226930321906,7.234756073356884,1,3,,2.818601162086063,3.8635512437703907,2,0,5,7,8,single,hostel,,7,1,9,4,10,4.007060060271997,NO,,no, no,NO
2024-01-02 06:00:00,26, Female,year 2,ARTS ,8.1 - 9.0,59.10977879583272,3.4763522471852624,1,1,4.062078903185111,7.897166447441164,4.104651285836204,2,0,9,8,4,in relationship,Alone,1,8,10,5,4,4,8.482005161865002,YES,3.882129917880052, NO,,YES
2024-01-02 07:00:00,22,male,year 3 ,LAW ,,71.65155542047592,5.195365454344827,3,8,,6.957095546449917,4.583826077276434,7,0,10,15,3,Single,PG,,11,1,1,3,6,,,4.385067562177479,NO,Yes ,no
2024-01-02 08:00:00,29,Female,year 4 , Science,3.0 - 3.5,96.79790475792026,,2,7,5.332789805694222,8.254358502108861,5.303666931570042,9,0,5,9,2,single ,Alone,,8,2,3,8,5,3.59346525844955, No,1.8265652189905035,Yes ,Yes,YES
2024-01-02 09:00:00,28,Female, year 2, management ,3.6 - 4.0,63.47369327700898,0.7741513288564059,8,4,3.1300486997247505,10.829106552188016,0.5033396197179405,8,6,9,2,1,single,pg,10,8,10,7,6,10,5.943873319619693, No,3.0653731327814118,No,YES, no
2024-01-02 10:00:00,25, Female,Year 1,,6.1 - 7.0,43.89440177288019,13.188616297936319,6,1,,6.004402158928687,4.9798683663391525,2,2,2,8,8,single ,HOSTEL,8,8,6,5,4,,5.240939389963009,yes,, NO ,,yes
2024-01-02 11:00:00,17, other,year 4,Law ,5.1 - 6.0,63.28968687761902,5.115836001651777,5,2,,1.4826357346854824,7.310474305392422,,4,7,2,7,single , home,5,6,9,9,5,14,7.276967803441181,yes,4.618153519252302,yes,NO,no
2024-01-02 12:00:00,27,male,year 3 ,arts,,,8.55053118343912,9,9,9.194332391674354,9.398462877326036,3.6399278318618773,5,7,8,15,2, SINGLE,ALONE,,,,,2,9,8.830432113095435,No ,5.990971845619521, no,No,No
2024-01-02 13:00:00,27,,Year 4 , Science,9.1-10.0,53.799376797486715,7.7479909345481355,7,4,4.22882260892082,9.931609090511472,0.8536995465424315,10,,3,3,7,IN RELATIONSHIP,PG ,9,5,5,5,,1,7.586001009844404, Yes,4.348114192016221,yes, YES,NO
2024-01-02 14:00:00,26,Female ,YEAR 2,Engineering,1.0 - 1.9,77.08543738989943,2.2225886178067324,8,3,6.615892795027005,1.548771958752224,0.6875522138274368,12,6,1,2,6, Single,Home,7,4,,17,,5,3.1011547889007263,,2.61232231115057,,yes,Yes
2024-01-02 15:00:00,28,female ,YEAR 3, science,3.6 - 4.0,44.045431972220904,2.473667018524764,2,8,2.922941277414533,,2.254018103287235,10,4,2,6,8,SINGLE,home,,9,10,8,2,,9.693385275437688, NO,6.677977186946104, NO ,No ,No
2024-01-02 16:00:00,28,male,,SCIENCE,5.1 - 6.0,67.88342537500225,3.012074145292479,9,4,5.694758434696715,9.476564792649073,6.020197010378727,4,7,10,,6,single,Hostel ,3,7,6,16,8,3,9.19068757024888,No,0.46108506814895733,NO,yes ,
2024-01-02 17:00:00,19,FEMALE, YEAR 1,MANAGEMENT,3.0 - 3.5,76.56769516064585,2.147405283566128,6,7,6.184560541529452,5.13770762400943,2.087997242540725,4,3,5,1,4,Single ,pg,9,,3,6,6,10,6.300363098597691, YES ,1.9898754292137246, No , No ,no
2024-01-02 18:00:00,28, male,YEAR 3, management,2.0 - 2.9,65.31150354204982,,8,5,8.264006760473222,6.199165383108609,6.51464729840937,9,4,9,7,8,Single , Alone,12,1,2,7,1,5,,Yes,0.4002466361361581,Yes,yes,yes
2024-01-02 19:00:00,23,OTHER ,YEAR 1, arts ,2.0 - 2.9,41.14758103742382,,,5,5.873496663496045,10.05493316726037,6.557273175727713,7,0,,1,1,In Relationship, Home ,8,,3,2,10,16,9.121193125159158,no,3.144072687896829, NO,Yes,NO 
2024-01-02 20:00:00,20,Female,, arts,9.1 - 10.0,99.13116141417193,,9,6,9.359507665449389,2.0408149225005676,,7,2,1,4,10,SINGLE, pg ,1,4,6,7,4,6,7.351990839655615,Yes,2.0028313527486876,Yes ,no,No 
2024-01-02 21:00:00,25,,YEAR 4,MANAGEMENT,,62.02694604043212,7.280178554295494,8,18,6.001101097437846,8.450127569118347,2.4063107432317956,4,6,1,,1,SINGLE ,pg ,1,9,,3,5,,4.8342463133914375, yes,5.4606573894999935,No,,yes
2024-01-02 22:00:00,,FEMALE,Year 1 , Management,1.0-1.9,86.71463121599601,4.919135200212869,6,2,8.647922484540778,3.364828254260991,4.7813372216722865,,1,,8,4, In Relationship, HOME,3,3,8,13,2,6,9.864622291530248,yes ,0.6284729962747413,NO,,NO 
2024-01-02 23:00:00,21,MALE,year 2 ,commerce,9.1 - 10.0,59.53878953124719,3.7509631063171285,9,6,4.539123433307471,1.6891657418416814,,8,1,,8,1, Single ,Hostel,2,10,,5,10,10,7.104970092237729,,,, YES ,no
2024-01-03 00:00:00,19,MALE,year 4,Commerce,2.0-2.9,,10.93288508287775,,5,9.771233778979854,8.287476301501675,0.51656638400675,10,0,8,10,5, IN RELATIONSHIP, PG,5,1,2,4,5,8,2.3817255361199408,No,4.423396413820059,yes ,Yes,Yes
2024-01-03 01:00:00,23,female, YEAR 2 , Law,9.1 - 10.0,63.3078185566598,11.628022489705836,5,3,2.747705867561484,2.3355347827043453,7.627388346612819,4,5,2,18,9,IN RELATIONSHIP, hostel,9,1,2,10,,4,6.584779767860683,YES ,,Yes,yes ,Yes
2024-01-03 02:00:00,21,Other,Year 1 ,,2.0 - 2.9,60.55235377057646,5.961314107052734,5,4,6.684693174735914,22.46408616255591,,13,,,5,9,IN RELATIONSHIP,,9,3,4,7,2,,,Yes,3.7468011382828994,,Yes , YES 
2024-01-03 03:00:00,25,male,year 2 ,ENGINEERING ,3.6 - 4.0,41.31108263246672,8.239992063816846,5,3,,3.2297593038073895,3.185182050445153,4,7,5,6,9, Single,home ,8,7,9,3,1,3,1.598552162111443,NO,2.250149410376846, NO, YES,NO
2024-01-03 04:00:00,23,MALE, year 3, Commerce ,3.6 - 4.0,61.60125627127021,9.241466492037212,,3,8.512327890481965,1.5336322239363729,4.048153884292845,1,7,1,8,6, single,hostel,5,8,5,,,10,5.188364911387162,yes ,3.988488429028245,No,No ,Yes
2024-01-03 05:00:00,,,Year 4, ARTS,1.0-1.9,93.3693994239718,1.5894814904025414,4,4,3.5862488862963353,2.0922721149173418,3.0847399742148616,5,6,4,3,1,, hostel ,3,4,7,1,2,7,8.58983647080861,,2.7063642974915334, no ,Yes,NO
2024-01-03 06:00:00,20, OTHER,year 2,SCIENCE,,81.42360031562103,9.187058851724178,6,2,5.2131671094798895,10.253972736204975,3.300888233035521,10,1,14,6,10,in relationship,Hostel,6,2,7,2,,6,0.24631505812955923, no,, NO,no, No 
2024-01-03 07:00:00,,Other,year 1,Law,6.1 - 7.0,48.72537154572639,9.827380491736065,5,4,6.993569379712825,5.080650379743016,4.764932886736966,3,5,6,,5, SINGLE,alone ,18,,6,,7,6,8.512432359435017,NO,, No ,YES,Yes
2024-01-03 08:00:00,,,YEAR 4 ,COMMERCE ,9.1 - 10.0,75.46930027736435,1.4988473355260084,2,10,4.527061678179333,4.324933055041597,0.48192397485736294,1,0,5,3,10, SINGLE ,,6,9,6,,7,3,6.851588471016806, No,4.912384303150466,Yes,No,NO
2024-01-03 09:00:00,18, Other,YEAR 3, SCIENCE ,9.1 - 10.0,93.5338515969323,11.722337625558765,4,2,7.26636812170784,6.4031870168377925,,2,6,9,3,2,in relationship,,7,10,9,7,,1,7.2566198294983995, Yes ,4.629239257317712,,YES , yes 
2024-01-03 10:00:00,26,Female,,science,9.1 - 10.0,82.00204245789132,,7,10,5.03024537050162,7.9622582573509275,1.8163165584282055,,,3,4,1,in relationship,HOSTEL,7,6,15,9,3,,8.926311953735,no,0.8658231522044577, yes,Yes, NO 
2024-01-03 11:00:00,25, female,,commerce,1.0-1.9,48.92106354140181,23.639553767477835,4,8,4.806930580681779,1.4081246984440674,3.2601141942267446,8,6,5,6,5, single, Alone,7,2,2,5,2,10,9.437187473540439,,1.7461542050346708, Yes,No ,No
2024-01-03 12:00:00,26, OTHER,YEAR 4,Engineering,7.1 - 8.0,92.06994980406981,5.952417712875172,9,10,2.8645453719232767,10.880073647955847,2.9684602366184833,4,7,10,12,5,IN RELATIONSHIP,,9,9,7,3,5,10,,NO,0.056376821159634716,,no , yes 
2024-01-03 13:00:00,21,,,Engineering,9.1 - 10.0,58.092640797331924,2.9528897073219413,2,5,2.314023030824366,11.543295013024368,5.777636477347704,3,2,7,2,1,in relationship,alone ,9,7,6,2,3,3,9.191274117464896,YES,3.5052403507188217,yes ,No ,no
2024-01-03 14:00:00,,OTHER,year 2,law,6.1-7.0,67.2445686587405,6.984111370582955,8,7,8.682190320097455,5.590374977703561,2.0734349496585835,4,1,,4,,In Relationship ,,1,9,,6,10,1,2.1654034960023614,No,6.161022828249956,no,no,
2024-01-03 15:00:00,20, female,YEAR 1,ENGINEERING,6.1 - 7.0,71.56856558134878,5.039206061657229,2,4,5.916355937248594,,0.45657706885642746,,0,,10,3,In Relationship ,Hostel ,3,14,1,2,,8,,YES ,,NO, YES,No 
2024-01-03 16:00:00,28,OTHER, year 3,law ,,91.03039626269171,2.471383736606365,1,10,6.502985065672053,24.046610725555265,0.44353796921784827,1,,4,9,6,In Relationship, hostel,5,10,,,6,15,5.548421600405188, no,7.994663367000108, No,YES,yes
2024-01-03 17:00:00,28,Other,YEAR 1,ARTS ,3.6 - 4.0,,5.084116915414171,5,,4.977768180227844,5.722429779511923,0.09050468618650331,1,2,1,8,2,SINGLE , Alone,4,4,,5,5,7,9.276566428226717, yes,6.002699258561773,Yes,Yes, Yes 
2024-01-03 18:00:00,23,FEMALE ,year 2,COMMERCE ,7.1 - 8.0,95.77917266743336,7.966678028131087,7,,3.0939363637901636,10.418089282926097,0.30420805231470105,5,4,2,15,9,,alone,1,11,9,2,2,7,0.5438766682076235,yes,2.99931205143624, No,NO ,no 
2024-01-03 19:00:00,28, MALE,year 3,Science,2.0 - 2.9,40.47725087671244,0.8509597294318927,5,,5.596575981529652,1.3117063893832688,6.8692853979820345,7,7,,8,2,SINGLE, home,,10,,,,3,,Yes ,7.785652874037773, no, no , yes
2024-01-03 20:00:00,29,FEMALE,year 1 ,law,6.1 - 7.0,95.31330913512744,9.265971344771625,0,16,,6.386156696447615,12.203377641485854,9,4,10,7,2,SINGLE ,Alone,4,7,2,6,6,9,6.7850813495749005,YES,8.333057354058951, NO, Yes, no
2024-01-03 21:00:00,24, other,YEAR 1,,3.0 - 3.5,43.26321796009434,0.21353868015390232,7,,8.701464374217684,11.476719492495976,16.055326148032172,7,,7,,1,In Relationship,Alone ,5,,6,,2,9,7.454233978711896, No,7.355301694105415, NO, YES,YES 
2024-01-03 22:00:00,19,male,YEAR 1, law,3.0 - 3.5,55.94641940904612,8.993946065540108,0,,9.894308304595919,3.7808512460373986,0.16250182497365273,5,2,7,7,1,Single,,4,10,1,6,1,5,5.039187934570891,No,0.6987497052590399, yes, Yes,No
2024-01-03 23:00:00,17,Female ,year 1, MANAGEMENT,6.1 - 7.0,70.89927128366998,,8,6,9.112769083806445,3.9277030249767457,6.792012408602555,3,4,1,6,4,in relationship,Hostel,2,5,6,3,,7,5.749055364175924, No,,yes , No,yes 
2024-01-04 00:00:00,20,Female ,YEAR 1 ,LAW ,3.0 - 3.5,68.79554134026364,0.7520656164235904,7,2,6.226194127405043,7.931352875838901,5.568450634129948,,2,9,3,7, single,Hostel ,5,4,1,22,,1,4.536805706219295,,7.2675844042941975, YES ,yes,NO
2024-01-04 01:00:00,18, Female,year 3, ENGINEERING,4.1 - 5.0,76.28258763324352,11.576850715223614,,10,7.025053961456356,19.89095516506781,5.122739451811944,7,6,,6,4,in relationship ,alone,15,5,,2,4,6,7.232601333394941,yes,5.206380316305853,YES,Yes,yes 
2024-01-04 02:00:00,24, Male,,Management,7.1 - 8.0,68.76677372422034,0.27145868552520813,1,,9.584980341913905,3.1861646541860744,2.8522570049534712,,2,3,7,5, in relationship, HOME,3,6,6,9,4,,,no ,7.905694721598653,No,YES ,no 
2024-01-04 03:00:00,20,OTHER,YEAR 3 ,MANAGEMENT ,3.6 - 4.0,96.06254077842524,7.079527757713063,,9,,11.138161284358585,3.013819318319829,1,2,,6,6,Single,Hostel,7,6,1,6,9,1,2.8039116760150726,YES,7.9660090974046405,no,No, NO 
2024-01-04 04:00:00,18, Female, YEAR 1, Engineering,6.1 - 7.0,54.43293089287522,9.31640954158867,7,6,7.108712986332405,8.293041185263686,6.764489524082434,3,4,3,2,5,IN RELATIONSHIP,home,4,,9,1,10,10,2.6276694123672284,No,6.336299793076231,Yes , YES, YES
2024-01-04 05:00:00,22,female,year 2 ,MANAGEMENT,6.1 - 7.0,56.44148164230915,9.454755756536676,3,7,7.033836029938626,11.923520456871595,5.7078710260903245,8,4,6,6,5,In Relationship, home,2,6,2,,10,6,6.53385491060925,yes,2.230125584268735,,Yes , yes
2024-01-04 06:00:00,22,Female ,year 2,,2.0 - 2.9,95.24427614158337,0.41142162711844543,,2,7.664969214499721,9.10104731097894,,2,5,,2,14,SINGLE,,8,,,1,7,18,9.245878959345392, NO,6.828481496370811,YES , YES,Yes
2024-01-04 07:00:00,26, FEMALE ,YEAR 1 ,SCIENCE,7.1 - 8.0,44.604370824715375,10.876981591685272,5,2,14.57710590379199,8.345805947890362,0.24519462759821842,,7,4,1,,SINGLE,Alone,10,4,5,3,,7,2.736441972618686, NO,5.628020027490712, no,YES ,yes
2024-01-04 08:00:00,20,female ,Year 4 ,,9.1-10.0,76.57364931428859,11.021420063125467,0,13,7.365643184444582,,,4,7,2,10,5,In Relationship , Hostel ,2,2,5,10,6,7,2.4983354295205285, YES,0.8507228764209129, NO, NO , NO
2024-01-04 09:00:00,22, other ,year 2,commerce,9.1 - 10.0,80.90415712393664,6.736684477852473,6,10,7.807155777862386,2.9265435121932173,7.70099568189608,7,,8,10,9,single,PG ,7,,10,6,1,10,11.513206361255314, yes,3.1014210691532496,yes, no,no
2024-01-04 10:00:00,29,Other,YEAR 3 ,,,,5.7849983866457535,0,21,8.472793837343591,11.405841743366846,3.634969998321502,10,4,1,10,4,IN RELATIONSHIP,alone,8,7,,3,10,3,0.09140344527811428,No,6.996085255524097,no, yes,NO
2024-01-04 11:00:00,18, FEMALE,year 1 , ENGINEERING,5.1 - 6.0,81.65391272938822,0.5384095567511977,5,3,5.224439754104033,,6.251145841793904,7,1,10,5,9, SINGLE ,HOME,10,7,1,5,,7,,Yes,5.662101030289427,yes, YES,YES 
2024-01-04 12:00:00,26, male ,YEAR 3 ,,4.1 - 5.0,50.36527876071802,6.743449710118424,4,4,7.966671874084626,2.843671958254061,3.114601809779387,8,6,8,4,5,in relationship,Alone,3,3,9,8,4,10,3.7928206487491236,No,3.41888867847955,Yes , No ,no
2024-01-04 13:00:00,28, other, Year 4, law ,1.0-1.9,91.15793396629239,4.912548981242769,9,1,2.8016300732316983,8.676425253175164,6.114583017145376,,6,2,9,18, Single,alone,6,5,1,8,10,2,9.016791241684711, yes ,4.904023645768411,NO,NO, Yes
2024-01-04 14:00:00,18, Male ,year 1,COMMERCE,1.0-1.9,48.401541368193136,9.273676888903873,2,1,9.009505057932229,3.03054968741717,0.9537005448440885,,7,9,9,1,single,home,4,6,17,9,19,,, Yes,7.4942285970486004,Yes ,no,NO
2024-01-04 15:00:00,26, Other,YEAR 2 ,,8.1 - 9.0,64.04874665894498,4.846602802633054,,4,4.320354463273534,9.346284975950732,0.33702415701838095,7,4,4,9,4, Single,Alone ,2,10,8,4,3,1,7.927318709561979,Yes,,YES,No, Yes 
2024-01-04 16:00:00,20, Female ,YEAR 3,science,3.6 - 4.0,,8.202969999896517,3,2,5.227682512698269,9.745428757806152,3.7294125721649483,5,3,4,3,4, in relationship , alone ,8,9,1,5,6,2,1.7119984117104015,Yes,1.8213894566741269, NO, NO ,Yes 
2024-01-04 17:00:00,24,OTHER,year 2 ,COMMERCE,1.0 - 1.9,72.71266472904401,,,8,8.428883301260068,3.6036916472093248,4.73316957379596,10,1,7,10,2, SINGLE,hostel ,2,3,5,,4,2,7.50783493534558, YES,5.354907436963089,YES,, yes
2024-01-04 18:00:00,23, Female, YEAR 2,Law,9.1 - 10.0,80.18474844553835,1.5954272491916033,3,4,7.095896304728046,1.9539236363273247,2.5896151304515307,7,7,3,3,3,single,Home,9,3,3,,10,9,2.805706383210518,yes ,2.1295413608275675,no,,yes 
2024-01-04 19:00:00,28, OTHER,year 1,,3.0 - 3.5,96.47329810571743,1.6765222877899002,0,3,9.522901798653292,6.509030629066798,5.728037023838227,3,7,10,3,15,IN RELATIONSHIP , PG,9,,,9,4,3,7.151021924670497,yes,4.952123607964913,,No, No
2024-01-04 20:00:00,,female ,year 3 ,COMMERCE,5.1 - 6.0,84.36017175376006,0.5463059975969222,4,3,3.8031928889971223,10.7924036162512,3.966557191098273,,2,,10,8,SINGLE ,pg ,8,2,3,6,2,1,0.22743739221826487,No,5.156549207770351,Yes, No,Yes
2024-01-04 21:00:00,24,,YEAR 4,,7.1 - 8.0,72.46617498724908,6.495946311237645,7,6,,10.32020211132317,16.69875525790512,7,3,4,5,10,in relationship ,PG ,10,3,8,2,,2,6.192275869973146,NO ,2.8922814849128224,yes,, no
2024-01-04 22:00:00,21,FEMALE, YEAR 2,,9.1 - 10.0,95.95702103022003,9.52761271252363,5,6,,2.2879070215029573,0.6799241398418312,7,5,10,6,2, Single,Alone,3,6,2,7,1,10,8.681037132409402,NO ,5.9254197059031934,no,yes,NO 
2024-01-04 23:00:00,29,female,year 1,ENGINEERING ,2.0 - 2.9,68.70621028245259,7.324934444323993,9,6,,20.841897659537015,0.5325469152086404,,4,3,6,4,SINGLE , home,8,3,10,17,1,8,0.43715167122635346,no,2.343278225094087,,No , No 
2024-01-05 00:00:00,18,Male, Year 1, Commerce ,7.1 - 8.0,73.67233918593216,6.899458626634274,8,6,7.383479218290803,3.903441149261049,7.2409748179758875,8,7,10,3,6,single,pg,5,1,3,13,5,,2.9069417797787853, NO,0.11779014465775539,no,Yes,no
2024-01-05 01:00:00,21,, YEAR 4,management,1.0 - 1.9,75.76591166020575,8.167487140832836,3,8,11.947190471266989,,5.352857062459272,7,4,8,2,3,in relationship ,alone,10,7,1,3,1,2,2.0794883863861813,yes,2.8052004614412063,Yes, no ,Yes
2024-01-05 02:00:00,24,Male,Year 1,,2.0 - 2.9,64.59878355319401,4.075743876864177,9,8,7.900911703614271,2.6395526737934447,,9,5,9,6,7,,PG,5,7,1,9,3,4,9.980960736094993,YES ,6.898401148415387,,NO ,NO
2024-01-05 03:00:00,26,MALE, YEAR 2,Science,7.1 - 8.0,90.30896143394945,,8,9,7.853070652872375,5.1558326209691066,0.22044177824612898,4,3,5,4,,In Relationship ,HOSTEL,2,2,4,1,,9,9.856243362363589, YES,4.614894245836033,No, No,no
2024-01-05 04:00:00,25,Female ,,Science,6.1 - 7.0,51.110556330703545,,7,1,8.906073018128186,7.992052169516479,7.501401803908785,9,0,3,,8,Single,alone,3,5,,6,10,9,1.24321863393134,yes,6.794974076673684,,yes ,
2024-01-05 05:00:00,28,MALE,year 3,management,4.1 - 5.0,73.29053142229648,8.545307194242907,2,10,9.376868723267656,6.566860861296186,6.174600447443728,1,6,7,2,6, single,pg,8,9,3,10,4,7,1.9477028576390254,Yes ,1.0287985678200018,NO,No,no
2024-01-05 06:00:00,28,OTHER,YEAR 3 ,Management,9.1 - 10.0,83.33399537123165,3.5152613858165003,5,8,8.200196706063089,10.102934335690636,6.114518542450777,5,2,,4,8,In Relationship,alone,1,3,2,7,12,1,0.22962873185163324, YES,1.5439179196909674,Yes,YES,YES 
2024-01-05 07:00:00,28,Female,YEAR 2 ,Management,2.0 - 2.9,94.23857031259463,0.15630336375509257,,5,3.858342412976774,8.05430892382504,7.295437130776349,10,1,6,2,7, in relationship, Home ,4,8,1,3,16,10,5.662301087246946,YES,2.3746536047548563, no ,no,YES 
2024-01-05 08:00:00,29,MALE ,YEAR 3,commerce,8.1 - 9.0,93.03510378605671,7.154357360669909,0,3,5.707969426391793,3.898989185942347,4.62522532872246,7,3,4,,5,SINGLE,,6,4,3,6,4,5,6.858434463175417,YES,6.281015741092443, yes,Yes ,no 
2024-01-05 09:00:00,25,female ,year 4 ,Management ,,70.52441736580852,,8,10,7.133721925247112,7.13181834778516,3.15733112451045,4,,7,3,5,IN RELATIONSHIP ,home,9,8,1,10,,5,6.545080552929059,yes,4.897549149040468,No,NO, NO 
2024-01-05 10:00:00,29,FEMALE, year 1 ,engineering,,118.52258510911828,7.312895003955656,3,3,6.314922150757936,1.7061023847703058,3.845433348684004,7,4,6,4,3,IN RELATIONSHIP , pg ,8,2,10,3,5,2,2.599941312762122, yes ,, YES, YES,No
2024-01-05 11:00:00,, FEMALE,year 2, MANAGEMENT,3.6 - 4.0,63.65426416775806,9.395059835290741,,6,3.2711800994769975,7.388696168189072,6.217925626537247,18,0,7,9,4,single,hostel,10,9,10,9,1,,2.0329882172693567,Yes ,6.245192655162593,YES, no,
2024-01-05 12:00:00,17,MALE , year 4,engineering,8.1 - 9.0,,8.073488513592363,2,8,6.714184244992365,5.286302124945154,,5,5,4,10,8,IN RELATIONSHIP , PG ,5,5,6,6,4,1,,Yes,3.4831171995240053,yes,yes ,NO 
2024-01-05 13:00:00,25,, Year 1 ,COMMERCE ,9.1 - 10.0,94.37594755438298,5.969239842276195,3,10,18.579813313857432,2.082383412614104,4.876692971421884,5,0,11,5,5,In Relationship,,7,9,3,8,5,1,6.326611691098073,Yes,4.924819354512394, No, NO ,Yes
2024-01-05 14:00:00,23, OTHER , year 4 ,Science ,6.1 - 7.0,95.84223959154843,8.620708821406152,8,2,5.348137786120781,,1.7446428796780094,2,1,10,9,9,single,HOME ,8,8,4,4,4,10,2.455002931908962, NO ,6.837675548285281,No,YES,yes
2024-01-05 15:00:00,25, male, YEAR 2,engineering ,2.0 - 2.9,93.72484348402118,9.889249486262662,6,9,7.351462595483228,10.878956918610834,6.551072730776281,5,5,7,5,16,single , PG ,9,3,8,14,7,1,0.8871723789599373,NO ,3.4019852979746954,No,NO, NO 
2024-01-05 16:00:00,24,female,year 2,commerce,3.0 - 3.5,48.30225170881829,2.696779730060376,7,5,6.927474290210705,7.446417421732081,5.177932545681573,8,6,,10,10,In Relationship , Alone,3,4,10,5,1,10,,Yes,6.018285782097522, NO, NO,
2024-01-05 17:00:00,17,,YEAR 4,MANAGEMENT ,2.0-2.9,91.00504127983817,4.033565765797746,2,5,5.016345094836129,10.935913338373563,1.7700961671592736,4,4,8,,3,IN RELATIONSHIP,Home,8,6,5,8,9,7,,NO,4.525131739705454,yes,YES,Yes
2024-01-05 18:00:00,28,,YEAR 1, Commerce,4.1 - 5.0,96.90182386128882,2.6847087900394064,2,1,6.522169657177863,5.518843856720243,3.845155598058697,,5,10,8,8,IN RELATIONSHIP,HOSTEL,3,10,5,2,19,4,5.0624333888195565,Yes ,16.48069898610965,no, NO,NO 
2024-01-05 19:00:00,24, MALE,YEAR 3,management,2.0 - 2.9,61.67498167441628,5.426075467085292,6,6,,11.767994593290968,7.977650645982863,8,6,9,8,, SINGLE, Alone,1,5,8,3,8,4,1.4911834880227015,no ,3.643702317911199, YES ,No, Yes
2024-01-05 20:00:00,24,Female , YEAR 3 ,commerce ,4.1 - 5.0,71.11877736530016,18.358933545995303,7,,,4.960209588480095,,4,5,3,17,,in relationship, Hostel,4,10,10,16,,9,9.885843941494613,No ,2.3892019018357313, NO, no,No
2024-01-05 21:00:00,27,, YEAR 4,Science ,8.1 - 9.0,86.74571534877975,4.142485210023988,4,7,8.390636723923034,9.324850766600603,0.9324849181668071,5,0,,5,6, SINGLE,PG,7,10,10,4,9,4,3.3556608983598823, NO ,, NO,NO ,no
2024-01-05 22:00:00,19,FEMALE,year 2, ENGINEERING,2.0 - 2.9,73.72468825393892,4.4936026695666405,,7,,,0.17333933747334385,7,,10,3,7, Single,hostel,9,3,10,1,11,8,4.748933953506823, Yes,1.526571182245294,No , yes,no 
2024-01-05 23:00:00,17,male ,Year 1,science,8.1 - 9.0,99.60901130237497,,2,4,4.863636398456573,,1.4770588572834367,5,4,9,10,7,IN RELATIONSHIP,PG ,10,5,4,5,8,1,,YES,2.8523928501331106,no ,,
2024-01-06 00:00:00,24,other ,YEAR 1 ,arts,6.1 - 7.0,67.3428019094097,6.184491968936102,4,5,2.89668172725207,10.163622564091826,1.4957304485097032,,3,5,1,,In Relationship,ALONE,7,5,8,3,8,3,8.506310727408158,no,,No, yes, yes
2024-01-06 01:00:00,19, male,YEAR 2,management,,82.83656267244265,,2,10,8.399540520318928,9.388396795571756,6.864547558930525,4,7,2,2,9,IN RELATIONSHIP , ALONE,10,9,,7,6,1,9.47964964014845,Yes,1.0843949503352208, Yes,yes ,Yes
2024-01-06 02:00:00,19,Male,YEAR 3 , ENGINEERING ,,87.55546841179265,10.329614439986555,0,8,4.1203127159561825,10.026919372001338,1.2492379935800502,7,3,3,2,5, IN RELATIONSHIP,Home ,5,,5,2,10,11,3.669630314102256, Yes ,5.885951831502025,NO,NO, YES
2024-01-06 03:00:00,17,other,year 1,,7.1 - 8.0,69.64602494550637,5.886320844305679,6,2,2.4243501376965417,4.296639848541732,10.556714561464776,4,3,7,4,5,,ALONE ,,8,6,1,8,3,4.235366694207948, NO ,7.503215222554693,No, no ,YES
2024-01-06 04:00:00,27,female, Year 4,Engineering,6.1 - 7.0,,8.178690415552744,0,1,5.561543681728023,8.740277881610673,0.6937320675451168,10,2,13,6,6,single,PG,1,4,1,,5,4,1.5096218706071807,,3.2949853929971455, No,No,NO 
2024-01-06 05:00:00,21, female ,YEAR 3 ,arts,5.1 - 6.0,72.76927547243179,1.0277359904887287,9,6,7.915764236372381,3.4191513252342145,7.253154398805069,4,4,5,2,10,in relationship,HOME ,9,10,9,3,10,6,1.8964881291935154,no,7.4016052440833695,NO,YES, yes
2024-01-06 06:00:00,26,male, year 4 ,,2.0 - 2.9,64.69904780809789,,5,4,8.467946723913501,,2.0508280153706995,2,5,3,6,4,in relationship, pg,,2,4,,8,3,,no,,NO,Yes, YES 
2024-01-06 07:00:00,23,OTHER , year 3, management,5.1 - 6.0,46.46942043111682,4.852514408594947,5,10,9.857617193775472,10.531376531992349,,5,,,1,10,SINGLE ,,3,3,1,5,10,,8.181079031405124, YES,1.7618107101986649,yes,YES,NO
2024-01-06 08:00:00,26,FEMALE,year 2 ,Management,,63.60481458102545,5.938068813838498,6,,3.5152614722409883,,1.2778174782304959,8,1,3,8,10, Single, HOME,5,4,7,6,3,8,8.422681165290628,no,6.872868698601332,yes , NO,
2024-01-06 09:00:00,25,Male,YEAR 4 , COMMERCE,1.0-1.9,84.03618728399705,11.588804414834755,0,7,,,3.1204450533888517,,4,3,,9,single, PG ,7,8,10,8,4,3,5.291458203290157,,7.212355083317937,YES,NO, No
2024-01-06 10:00:00,, Other , Year 4,MANAGEMENT ,8.1 - 9.0,95.27718470080643,11.64781959657348,2,8,6.875923987835978,5.235392643941214,0.6861424374675957,2,2,9,8,2, single,pg ,7,9,4,4,,3,, No,, NO, No,YES 
2024-01-06 11:00:00,23,female,year 2,MANAGEMENT,4.1 - 5.0,55.10076423161862,,8,4,8.490749576928199,11.525603076884174,4.636225634054739,9,4,4,3,3,SINGLE,ALONE,5,,5,4,5,6,6.793083267282066,YES,7.38039709326848, no,no,
2024-01-06 12:00:00,25,FEMALE,YEAR 4,SCIENCE,9.1 - 10.0,,3.7871860234268944,1,10,3.872600169939939,7.765629898198154,2.7670198922255036,6,,6,1,9,IN RELATIONSHIP, Home,8,8,7,2,5,1,4.727643016353903, Yes,2.7896190504221314,NO ,yes,Yes 
2024-01-06 13:00:00,24, OTHER , year 3,MANAGEMENT ,9.1 - 10.0,49.23765964626557,11.568339489989276,4,6,5.279315602990073,6.634255790205497,6.817200668897279,3,1,3,4,,,,5,10,7,3,5,1,8.902230687906552, yes,2.5498197579539834,Yes ,Yes,No
2024-01-06 14:00:00,28,OTHER,YEAR 1 ,Management,,81.44337365373812,8.272090376114551,,8,5.267205347619937,,,10,4,8,3,5,Single ,,10,,9,3,2,5,3.7184466835295193,YES,6.8390276419647265,yes ,yes,NO 
2024-01-06 15:00:00,18, other, Year 1,,7.1 - 8.0,97.61130580059552,9.103641704375512,,8,8.18349386478657,10.07803975400015,2.239904515370494,5,3,4,8,, single,hostel,4,5,9,2,22,10,4.7195428928153955,yes,2.2466860002643934,no ,No,Yes 
2024-01-06 16:00:00,17, other,year 2 ,ARTS ,4.1 - 5.0,78.45713319089053,8.420099003817196,6,6,,,1.418037419018348,6,7,8,1,3, IN RELATIONSHIP,HOME,6,8,7,1,20,7,4.394388998915893,No ,6.929778419925143,,,NO 
2024-01-06 17:00:00,23,male ,YEAR 3,engineering ,6.1 - 7.0,77.02459180037357,0.19827275743831896,0,20,24.36665820345057,5.586224854238625,4.510582241888241,9,6,2,9,1, Single, Home,3,4,10,2,8,,8.490534412765031,Yes,1.9067180446156042,No,YES,yes
2024-01-06 18:00:00,23,other,YEAR 4,ENGINEERING,3.0 - 3.5,73.20939583002604,1.753856187290563,2,6,6.083710501083699,14.50460092700026,0.8939774700998973,5,5,9,,8,in relationship,Home,4,3,9,5,2,2,8.244069457483128, NO,5.559491246818998, yes , NO,no
2024-01-06 19:00:00,24,FEMALE , YEAR 4,,,45.30734444113219,9.956228538676413,5,6,4.2565346928425125,5.919617293560992,,9,4,2,6,3,In Relationship, Home ,8,,5,8,10,9,8.934731339471313,No,,no,YES, No 
2024-01-06 20:00:00,21, Female, YEAR 1 ,management,7.1 - 8.0,83.77022958576302,7.746883642478053,6,2,4.274272477747893,9.136252239133439,5.427919547536096,1,7,3,5,4,IN RELATIONSHIP,PG ,,2,2,5,10,,18.823756078126408,yes,6.944765974111481,No,Yes, Yes
2024-01-06 21:00:00,19,MALE, Year 4,commerce,,,4.370336415502608,9,5,,11.936091723904875,0.5953162122875213,10,7,3,5,5,in relationship, HOSTEL,10,8,9,3,7,3,, NO,,No, No ,Yes
2024-01-06 22:00:00,28, female,year 1,Engineering,8.1 - 9.0,,6.007999682672626,2,9,,3.887459451405228,5.945309376755836,4,,5,6,5, In Relationship, alone,3,5,6,7,3,8,5.92232896413684,No,2.403176951660437,YES, NO , YES
2024-01-06 23:00:00,24,FEMALE ,YEAR 2,science,7.1-8.0,,10.861705795749204,,1,8.207586421404782,7.974577028977041,0.8346679126753092,1,0,3,7,2,SINGLE,pg,10,6,6,4,5,2,7.947020274892207,yes,4.353369253860796, NO,no, No
2024-01-07 00:00:00,22,, YEAR 4 ,Management,1.0-1.9,87.03764722366108,7.578937313749039,5,4,2.2594221833895167,5.178657616172197,4.683910076670434,2,4,8,8,7, IN RELATIONSHIP,,15,9,9,7,7,10,8.391115399341128,,7.651883921513,No , yes ,no
2024-01-07 01:00:00,27, FEMALE,year 3 , Science,7.1-8.0,86.85491512927156,4.7777914072119625,4,10,,,7.982475644663587,2,1,10,3,6,in relationship,,6,3,1,8,9,7,4.017564875116774,NO,0.08235058892117841,no , no , yes
2024-01-07 02:00:00,19,Male ,year 4, management,3.6-4.0,95.63102613276087,1.44391988877042,8,10,8.253381342163376,10.615620083263286,1.3911432543120048,10,7,7,10,7,,PG ,,4,2,3,10,2,5.135922192034107,YES,4.922380667128443,NO ,YES , no
2024-01-07 03:00:00,17,OTHER, Year 1 ,Science ,5.1 - 6.0,99.39609708777998,3.524961619506732,0,3,5.009920387128018,4.823334563891203,2.088690549330515,5,6,12,1,10,single,HOSTEL ,10,15,3,10,1,3,2.906685204201657,YES ,1.1964157873369414, yes,no,Yes 
2024-01-07 04:00:00,19,Other, year 2, law ,,74.87696391766357,25.56680798164204,4,1,5.461932662837517,1.7962713235536,7.187413231912422,1,1,6,,10,IN RELATIONSHIP, PG ,,6,1,1,6,10,6.978333734536028,No,3.521955510597124,,NO,no
2024-01-07 05:00:00,21, Male ,Year 1 ,science,,46.532896961869945,8.855273920501881,0,1,11.67919416373449,9.78830903767255,5.010292276034175,10,7,2,,3,single,pg ,1,,4,8,6,9,6.718605458252075, YES,,,yes, No
2024-01-07 06:00:00,19, Other,Year 4,ENGINEERING ,,67.54779446652618,5.66207356613833,7,1,4.525205748531792,7.105273407235581,3.9402503904344863,,6,8,2,8, IN RELATIONSHIP,ALONE,10,2,2,6,2,4,5.903906919675805,yes,2.6912702624708116, NO,no, YES 
2024-01-07 07:00:00,17,Other, YEAR 1 ,Management,6.1 - 7.0,87.25606878769867,5.983176388764185,6,1,5.929133789215366,5.943410418562736,4.501640778160291,6,5,18,8,6,Single, PG,1,5,3,3,20,7,6.273138366079091,Yes,5.533070216697314, YES,NO,No 
2024-01-07 08:00:00,21,male ,YEAR 1,Engineering ,1.0 - 1.9,41.66351948571095,10.609248275378533,4,2,3.3288052810657964,3.0166635158552033,2.3639627571065773,1,1,8,3,7,IN RELATIONSHIP, Hostel,7,10,8,9,9,,8.986530158325841, No,6.493289266868915,YES, No ,yes 
2024-01-07 09:00:00,26, OTHER,YEAR 2, SCIENCE ,8.1 - 9.0,43.41324630136894,7.247139412623719,,5,5.525501449854872,2.0213800487504296,6.8425742556153075,,3,7,10,9,IN RELATIONSHIP , home,2,1,4,9,5,7,8.200518579360024,No,4.490264860826522, No,No,Yes 
2024-01-07 10:00:00,23,Male , YEAR 3,arts,5.1 - 6.0,44.02946694296928,8.324124437423066,3,2,9.534600994177644,,5.96215220026823,3,1,8,4,8,In Relationship,HOME,9,4,9,,,7,1.2481928736651138,,3.489665472741353,no, NO,Yes
2024-01-07 11:00:00,23,MALE ,year 4,arts,3.6 - 4.0,83.86214549969864,4.672962510589247,8,4,,8.907946896823074,5.139731458671323,9,0,1,6,8,single ,hostel ,10,8,6,9,4,,6.427402671917795, No,2.7403127341838402,no ,yes , yes 
2024-01-07 12:00:00,27, female, year 2,ARTS,5.1 - 6.0,70.06999771379033,0.3490514230676922,2,9,3.31794732682423,,7.453940785817077,2,4,8,8,3, SINGLE, home,4,3,1,10,13,1,1.6159272613095177, no ,7.255138362426856,No,YES,yes
2024-01-07 13:00:00,25,female,year 3 ,,4.1 - 5.0,62.133876611235614,11.171674970914133,,3,8.221619125171369,7.272503461241835,4.624886884341404,6,2,1,1,12, Single , home ,7,4,6,1,5,,1.483963409064698,YES,1.580458426431707,Yes,Yes, YES 
2024-01-07 14:00:00,26, OTHER,Year 1,,3.0 - 3.5,46.33702271570416,11.389532170996876,6,2,3.0564567193096934,,4.095016868362534,3,,3,2,1,, PG ,,,7,9,5,,4.492299400478884,,5.4730219633055786, yes ,NO,
2024-01-07 15:00:00,26,Other, YEAR 3 ,Law,6.1 - 7.0,83.93441501235336,11.389836640176613,1,4,4.170247196021964,2.3556734788236193,7.805547218672065,,4,4,6,10,in relationship ,hostel,5,9,,5,9,7,4.855467390905889, Yes ,, YES, Yes, yes 
2024-01-07 16:00:00,28,MALE,,,3.0 - 3.5,59.261188633053976,11.324245039760598,5,,5.638711392354846,1.1243641398294832,1.648112906131093,7,7,3,8,2,single ,alone,7,5,8,5,1,2,1.0410692228588092, yes,7.197183992414615,, no,Yes
2024-01-07 17:00:00,, Other ,Year 1 ,,,55.91944420388003,9.782903292834732,7,4,9.545298061128836,8.406128956039716,1.1357453855816368,7,7,2,8,8,SINGLE ,PG,9,3,10,5,8,2,5.1181128289322055,yes,2.282928120815785,, YES,no
2024-01-07 18:00:00,19,male,YEAR 2 , ARTS,,79.13915209321306,8.215152601395921,2,5,3.4680094984285557,,1.2982629562702677,,3,3,3,10,IN RELATIONSHIP,HOSTEL,4,24,3,1,,23,1.7649716480429367,no,2.9704814576252065, yes,NO,Yes
2024-01-07 19:00:00,23,, year 1,science ,6.1 - 7.0,73.54065355581051,10.134119019207427,2,4,14.627528070627928,11.63619244416478,7.915536064129568,3,4,9,9,6, in relationship,PG,,7,,5,1,5,5.506438217653531,,,YES,yes, Yes 
2024-01-07 20:00:00,17,OTHER,year 2,Commerce,4.1 - 5.0,61.7446385087981,7.206554868012434,2,8,7.7481961017028205,4.39301391359915,5.218008439181554,4,1,,10,6, single,,9,1,,10,2,7,8.321061321598375,no ,,no,YES,no
2024-01-07 21:00:00,20,Male,year 3,Engineering,8.1 - 9.0,78.48924824833529,1.6124353667042834,0,4,7.369159293945376,4.999798427526123,,8,1,5,4,1,IN RELATIONSHIP,Home,8,9,4,10,1,1,0.8594958894097349,YES,11.229161693354254, Yes,yes,YES
2024-01-07 22:00:00,29, female ,year 3, ARTS,9.1 - 10.0,56.27329122304709,4.6946179804970525,8,2,7.788340192400256,6.164388145924805,1.9918224347948446,5,5,,4,2,single,,1,7,11,6,,4,3.992522500703558,Yes,3.7861210445581976,,No, NO 
2024-01-07 23:00:00,20,OTHER,Year 1 ,,,87.68981569625961,25.413179886554072,4,,2.2499729517546996,4.510548236714122,0.7957589582674397,,6,9,2,5, single,PG,,1,10,5,10,2,2.3370756849849372,no ,0.24101238226290178,yes, yes,yes
2024-01-08 00:00:00,21,female,year 2 ,Management,8.1-9.0,53.759137018459235,4.213653763147876,8,2,2.7912020885561546,9.991875440648785,1.0555786296320608,9,1,7,6,3,SINGLE,Home,9,4,10,6,9,5,5.746515212754457, no,7.23629299448086,NO,, No
2024-01-08 01:00:00,23,other ,YEAR 1, ENGINEERING,,49.53026172292094,10.413934964776434,4,,4.6787322299218275,10.63827490997781,7.265380650694293,1,0,10,8,2, In Relationship,Hostel,3,7,6,9,1,1,8.93519007833374,Yes,7.700972528460959,YES, No, yes 
2024-01-08 02:00:00,23,MALE ,YEAR 2, arts,2.0-2.9,86.9463645699325,1.118537649298435,6,8,2.5917402651894212,,5.978728485756718,2,4,3,9,9,in relationship ,pg,8,4,10,7,,10,1.9727235256658104,no ,0.5598848483780969,Yes,No,YES 
2024-01-08 03:00:00,29,other, YEAR 2 , LAW,1.0 - 1.9,82.47352184187599,4.010206108505635,0,9,9.900717675963376,8.20127791417521,7.532477876031974,7,5,2,1,10,In Relationship,,5,7,7,5,7,7,,No,,NO ,Yes,YES
2024-01-08 04:00:00,27,FEMALE,,Arts,3.6 - 4.0,50.95833854210791,,8,4,6.643297665161421,8.546971078888802,3.38984749164167,3,7,2,1,7,IN RELATIONSHIP ,ALONE,6,3,3,10,,2,0.9309390788878957,NO,15.06010982278388, yes ,No,no 
2024-01-08 05:00:00,29,Male, year 3 , Management,,91.28401839336719,0.6192305173077619,0,1,5.898749369143872,11.575673642578893,4.809897968489682,,6,5,9,1, In Relationship ,pg ,3,4,5,9,6,3,5.457965810226035,YES,5.5720113081046625,no , YES ,
2024-01-08 06:00:00,20,OTHER,year 2,law,2.0 - 2.9,90.30394530920152,1.4291319622410597,3,3,8.28409427919235,,,8,2,9,,1,single, home,7,,8,,7,5,6.760748468102915,Yes,4.129601037164918, Yes ,, Yes
2024-01-08 07:00:00,29, other,year 3, Law ,3.0 - 3.5,86.59590893180129,2.317982533461252,6,7,9.815673654495917,3.1480796518246135,,5,0,2,7,3,Single, Alone ,2,4,7,5,6,,6.708947918824518,,, YES,no,Yes
2024-01-08 08:00:00,23, Other,,LAW,3.0 - 3.5,59.63544242197985,,8,1,9.641040000678197,,,1,2,,2,, In Relationship,PG,3,10,2,,8,10,7.382449782298869,No ,5.920316058702934,Yes,Yes, yes
2024-01-08 09:00:00,27, FEMALE,year 3,science ,4.1-5.0,79.491844492802,0.7608238792776767,0,8,,5.92311253036229,,10,7,8,10,6, SINGLE,pg ,2,3,12,,,4,4.1737379960799466,YES ,7.901362155174896,No, Yes,no 
2024-01-08 10:00:00,19, female,YEAR 4 ,science,1.0-1.9,47.449611192868645,6.789209760709866,5,9,5.017393895687012,9.709046121644633,4.784446782260959,3,1,3,1,2,single,PG,9,10,7,1,1,8,7.600261249606556,Yes,5.113814062712996,Yes,yes , NO
2024-01-08 11:00:00,22, Other, YEAR 3, law,8.1 - 9.0,70.42285954286069,0.12210003107121015,,8,2.5276759326232536,10.943729853590945,0.49441581750577335,2,2,,7,8, IN RELATIONSHIP,HOSTEL ,3,10,9,9,7,8,4.728944530832562, yes,4.03799466651507, NO ,,
2024-01-08 12:00:00,28, MALE ,YEAR 3 ,engineering,7.1 - 8.0,41.12381752362519,8.347532944836297,4,5,2.7870158218326493,1.9537883040007293,4.940212904177173,6,2,6,6,4, in relationship,alone,8,5,7,,3,10,3.229188699709322,no ,1.343003095539074,Yes,,no
2024-01-08 13:00:00,18, MALE,Year 1, law,7.1 - 8.0,63.496112855293326,7.443637080520558,2,9,2.0092187263567,10.312374265137995,0.7763793722489272,5,0,,3,8, IN RELATIONSHIP , pg,6,4,8,7,4,4,3.2195514682939597,No ,6.889845313747226, no,no,YES
2024-01-08 14:00:00,,Female ,YEAR 2,Commerce,3.0 - 3.5,44.490569288284306,7.739787144637702,9,4,2.015222745798847,,1.1105717890855935,7,7,6,10,,Single, HOSTEL,1,,10,,7,4,1.756711529431464,No,,No,no,No
2024-01-08 15:00:00,29,Male,YEAR 4,,2.0 - 2.9,68.50883080941296,4.492593416575424,1,9,9.491374391467694,11.165494660907932,1.5307575855130802,2,0,5,,2,in relationship,HOSTEL,6,5,9,1,2,2,7.205764514179917,yes ,6.155024503486585,yes,NO, yes
2024-01-08 16:00:00,25, female, YEAR 1,Science,1.0 - 1.9,65.30089881117365,2.4992138552108285,0,1,9.416135753659994,9.407408447363252,6.67214091876806,6,4,4,,22, Single,hostel ,15,10,1,7,7,,1.5762734209095486, NO,2.782299409086355,no,NO,YES
2024-01-08 17:00:00,21, OTHER, year 2,science,5.1 - 6.0,66.66310159828336,8.6438425594324,1,,7.340430397638417,9.162908169944858,4.734291869203964,5,2,9,7,11, In Relationship ,HOME,10,9,3,9,4,1,6.362127872923423,YES,0.9667491675399642,No,NO,yes
2024-01-08 18:00:00,,female,Year 4,COMMERCE,9.1 - 10.0,42.71987812287964,9.733414472888342,3,4,7.81341379376242,1.1638645250266522,2.6684293933899044,6,,4,,6,,home ,3,1,6,15,9,5,6.653613387012587, No,,,,YES
2024-01-08 19:00:00,,Female, year 4, COMMERCE ,1.0-1.9,61.69698047690994,1.6632179771784212,5,10,,11.122107847388113,3.6181368586882607,5,4,1,,2,,pg ,7,4,8,8,1,8,2.866349132604713,,4.36546672999071,no,no, Yes
2024-01-08 20:00:00,28,OTHER, year 4, ARTS,4.1 - 5.0,85.38903094599499,13.410643168517273,4,1,3.9027380487066594,4.866557351896543,0.3783122646794741,7,2,8,2,3,In Relationship,Home ,6,7,7,3,3,6,4.886293372551358,Yes,1.2062055356100023,no,NO,No
2024-01-08 21:00:00,28, male ,YEAR 2,ENGINEERING,8.1 - 9.0,62.134862401217205,2.98458818374635,3,19,9.315080392870474,3.2201614354476047,4.958062405795377,5,6,8,2,10,in relationship,Alone,1,17,6,3,,10,6.709227782331007, YES,6.636026410896098,YES,,No 
2024-01-08 22:00:00,28,FEMALE, year 4, engineering ,8.1 - 9.0,82.91031715657485,,7,4,4.2215317388748,,5.256254124047536,,2,3,20,8,SINGLE ,alone,2,8,4,7,7,4,0.0017514928660500306,YES,2.4204298432751354,,yes,YES
2024-01-08 23:00:00,20,female, YEAR 4, ENGINEERING,3.6-4.0,62.168723418023994,,6,4,7.917370087597076,9.061378965976044,0.7951211843995845,1,5,9,5,,SINGLE,PG ,5,7,8,6,2,9,2.7473991404149514,yes ,3.542984839898021,No,,YES
2024-01-09 00:00:00,27,Other,year 1 ,management,6.1 - 7.0,,6.457163225674044,3,1,3.9634854777910373,5.861507217876059,6.280937247945583,9,7,7,15,10,In Relationship,pg ,7,5,10,5,5,3,3.796379107615344,yes ,3.973729381860805,No,no ,NO
2024-01-09 01:00:00,26,male , year 3,science,,,2.5942239885440133,9,5,8.961187344393423,15.680823238109214,5.179676461295883,6,1,7,1,1,In Relationship ,alone,4,10,4,7,,9,9.308530491738434, YES,1.9710077131991186,YES, YES,No 
2024-01-09 02:00:00,23,Female,year 2,Engineering,3.6 - 4.0,97.04091620842495,,4,9,7.209915475403848,6.603503696023594,,9,6,5,6,9,SINGLE,,6,4,6,9,5,11,4.642367844072743,no,4.01640821083211,YES,NO,No 
2024-01-09 03:00:00,28,other, YEAR 3,Arts,4.1 - 5.0,46.53162679879931,11.599844055932909,9,6,,4.293698629396472,4.422878993452368,1,7,3,6,15, IN RELATIONSHIP, pg ,2,8,3,1,10,4,5.069830604776293,YES,0.5422010495921565,No, No, YES
2024-01-09 04:00:00,25,female,YEAR 1 ,arts,8.1 - 9.0,41.97482611967042,10.18415477650268,4,8,2.7789378939353595,3.232035785688859,9.814222848399641,2,0,,7,23, IN RELATIONSHIP ,,5,1,,10,1,10,6.641231166211271,,1.4959327729216323, No ,NO, NO 
2024-01-09 05:00:00,23,OTHER , YEAR 3,Engineering,6.1-7.0,76.47743102860271,10.55936091447754,2,4,5.355751225353613,5.632136248890615,0.4303435498218722,7,3,,2,10,SINGLE,home ,,2,6,1,,3,4.51488011151555, No ,2.205604594856747,,YES,yes
2024-01-09 06:00:00,17, MALE,year 4,COMMERCE,6.1-7.0,96.94582533570559,5.520145164968496,8,9,6.199268060396794,1.393837968853287,5.881195687447069,4,6,3,14,6,single,pg,3,5,7,5,10,,4.323845695787986,Yes,2.8745489520941856,no, YES, NO
2024-01-09 07:00:00,17,Male ,YEAR 4,ARTS,9.1 - 10.0,99.38338795328289,7.4856871670505,4,7,4.3522903072888806,5.6479829549824805,4.094485095044294,10,5,,9,7,SINGLE,PG,1,10,5,8,3,4,9.74378589023413, NO,1.990785644260745,Yes,no,Yes
2024-01-09 08:00:00,25,MALE,YEAR 2,Commerce ,6.1-7.0,69.04985484352011,4.521212882452939,9,7,9.047796894667727,2.827130690767581,1.3825908279756653,1,7,1,9,1,single,hostel ,14,7,5,7,1,4,8.12320957632961,Yes,3.7660479292613864,Yes,No,yes 
2024-01-09 09:00:00,27,Male, year 2,science,8.1 - 9.0,68.08489726510591,0.9325437082666865,1,8,8.701359532089775,10.647051785148786,,5,0,4,2,10,single,Hostel,9,9,2,7,10,9,7.017623659084082, YES,5.2734394963151665,Yes ,Yes,
2024-01-09 10:00:00,25, FEMALE ,YEAR 2,MANAGEMENT,,78.69782624471176,4.81283172788139,3,2,5.94896729874024,7.3302913503226375,5.56052484849644,4,5,9,5,1,In Relationship ,,10,15,6,3,4,10,, no ,5.512227673786966, yes ,,NO
2024-01-09 11:00:00,20,FEMALE, year 1 ,,5.1 - 6.0,73.33808543229819,,3,6,4.720249621152919,8.106472592232855,1.7079637553028526,6,1,6,,5, Single,home,8,5,1,9,,6,3.4631011089766406,No,0.2992795035030511,no ,yes,NO
2024-01-09 12:00:00,29, MALE,year 2,commerce,3.0 - 3.5,78.04528345684709,3.445731249217577,4,7,8.412338176045155,4.177503894879713,6.371960581795546,7,,6,5,2,single ,hostel ,,2,7,,7,6,5.919018496172067,NO ,5.0699770059290525,NO,yes, YES
2024-01-09 13:00:00,25, male,Year 1 ,ENGINEERING ,1.0 - 1.9,92.43996553227365,10.175406896728989,7,3,3.57513158032991,3.484031841495002,3.652037807048119,3,5,6,3,10,single ,hostel,8,6,3,10,2,12,4.462116471886809, no ,7.038448267669784,,yes,Yes 
2024-01-09 14:00:00,19,,Year 4, SCIENCE,2.0 - 2.9,84.77837016925656,1.8132019100951835,4,8,2.572130520749062,8.786957740907472,1.4448769000564603,6,4,5,1,5, SINGLE , PG ,5,6,2,3,2,6,4.665897542228086,no ,0.9964012071811963,no,yes , no
2024-01-09 15:00:00,23,female ,YEAR 3,,7.1 - 8.0,69.81264350120773,4.405549073243039,0,1,2.3656838885755818,8.387220313240068,5.260960026504312,12,6,2,7,5,,HOME,15,4,7,6,1,8,2.2160283117731328, yes,,,no,NO
2024-01-09 16:00:00,22,Male ,,LAW,1.0 - 1.9,67.71186754001018,1.498846863890435,1,1,2.309466087184002,2.3494630198936153,4.77381571627478,10,0,5,8,6,In Relationship,,4,2,9,,2,4,7.912741647752578, YES ,0.23690499395981668,No , yes,YES
2024-01-09 17:00:00,24,MALE, Year 4 ,engineering,9.1 - 10.0,,4.8579856078227035,2,10,,3.625055214118379,1.3632506065876395,4,,10,6,9,IN RELATIONSHIP,HOSTEL ,7,8,1,8,9,,7.9107662587486836,NO,1.7480296193972853,NO,No,YES
2024-01-09 18:00:00,27,male,YEAR 4,science,6.1-7.0,67.34237706521785,0.4759356596912454,2,,4.042509088794882,11.412333651172311,6.978791198221343,10,2,3,7,6,Single,home,5,8,6,4,9,3,6.028170252776214,,2.3654513314895436,Yes , no,Yes
2024-01-09 19:00:00,25,Other,year 2 ,science,4.1 - 5.0,67.4667610759384,,9,6,,,6.836274661650976,9,3,10,9,10,in relationship, pg,4,1,,4,,8,2.891212736506149,,3.6477338181322576, Yes, NO, No
2024-01-09 20:00:00,21,,year 2 ,SCIENCE,5.1-6.0,40.97835410719029,4.808823061364205,5,7,7.231132592324043,1.2841466135131987,15.895924670867629,7,4,2,2,1, In Relationship,,3,2,2,,3,12,2.7805061059231395,No,5.597061728233197,yes ,YES,
2024-01-09 21:00:00,,OTHER,YEAR 2,science,7.1 - 8.0,50.443848244438506,5.737984359320299,8,2,6.336160057152199,1.7016025590868997,3.1938228717048096,2,6,,5,5,in relationship ,,3,4,5,10,8,5,1.6264766318299029,yes ,3.4631382952762335, NO, yes,yes
2024-01-09 22:00:00,19,Other,YEAR 3, Law,3.6 - 4.0,69.31081839974519,,9,6,7.850864053022213,9.530442766449267,6.596982198050721,6,0,10,3,2,IN RELATIONSHIP,pg,10,1,4,2,4,2,8.582214844633056,,2.9188691185501314,no ,No,no
2024-01-09 23:00:00,26, Male,year 2 , commerce,5.1 - 6.0,89.35920754302215,3.299893557479027,0,,8.803649959885842,9.328712530220557,,4,4,,,13,in relationship ,HOME,6,6,10,,5,10,2.6558202227570216,YES ,5.470007506909075,YES, YES,NO
2024-01-10 00:00:00,28,OTHER, Year 1 , SCIENCE ,3.0 - 3.5,56.72362040362745,6.276496015378468,5,,7.677622026400428,,7.972322176898411,8,6,7,3,7,Single , alone,8,2,3,8,10,,6.986556837107778,no,5.1595232923947405,YES,YES, NO
2024-01-10 01:00:00,24,MALE , YEAR 4,,6.1-7.0,71.35860598786894,,8,1,4.172208992253268,5.509403622596657,7.660836945389188,8,2,10,4,6,IN RELATIONSHIP,PG ,4,3,10,3,5,3,0.9966129219901632,YES,3.391707471377182,NO, YES,
2024-01-10 02:00:00,,Female,year 3 ,SCIENCE,2.0-2.9,60.69772508555393,3.794136610514501,3,10,6.01350929850808,6.4791573861007175,3.0627786803016344,1,5,9,9,2, Single , PG ,1,23,8,14,2,1,7.353817214694178, Yes ,2.7091101011481165, No, YES , NO
2024-01-10 03:00:00,22,female, year 3,,7.1 - 8.0,46.288239372375344,9.962403967877739,9,7,6.482149185981735,4.650775207425118,1.5856339986441945,8,3,3,2,3,SINGLE,Hostel,4,7,,2,9,5,1.473061971157218,Yes,3.038915034424588, yes ,NO, YES
2024-01-10 04:00:00,24, female , YEAR 3,management,,97.49790898427804,6.547693519122781,2,8,4.630210328815258,5.113651826868937,,10,6,9,8,,in relationship,PG,5,4,1,1,6,9,1.588081820546371, no,4.885079490974182,No, yes,YES
2024-01-10 05:00:00,25,Female,YEAR 3,Arts,7.1 - 8.0,,3.98723662495854,5,7,9.977121462908269,3.870838894967595,3.958249813327141,7,,9,3,9,single ,Alone ,8,10,1,,6,3,8.315315384608576,YES ,0.7180426679035596,NO, NO, No
2024-01-10 06:00:00,20,Other, YEAR 3,,2.0 - 2.9,,11.368062144969318,5,9,3.7907537621375678,1.6914370398040424,6.443661070856897,1,2,6,3,7,SINGLE, pg,7,1,10,9,1,1,2.9091933068310305, Yes,1.4543076295031732,yes , NO,YES
2024-01-10 07:00:00,17,Male,Year 1 , Arts,,,10.141348956853932,1,1,7.586418845745108,9.702752045264203,5.783872445808759,3,,10,4,2, in relationship,hostel ,2,4,5,1,2,1,1.723862099544694,NO,5.251608186786517,No, No,YES
2024-01-10 08:00:00,17,,,Science,3.6 - 4.0,60.85479426145001,11.79105373862161,,10,3.9073491662162265,7.800429073128379,6.301702070490889,5,,4,5,13,single, Alone,21,10,9,2,4,1,5.368927403640806,NO,7.450443287709748,No, no,NO 
2024-01-10 09:00:00,26, Male,year 3,commerce,8.1 - 9.0,99.69098842370755,8.306806495745048,0,9,9.50507631204649,10.180986361465468,3.039410983908817,3,5,4,3,1,in relationship, alone,3,6,4,7,,4,0.7485870264108507,no,1.590413227132558,,, No
2024-01-10 10:00:00,20,female,YEAR 4 ,MANAGEMENT,,58.14391118973866,4.538674866072562,8,3,4.48106275992294,6.535221751219518,1.975237154263624,3,5,10,6,9, IN RELATIONSHIP ,hostel,9,,7,5,8,5,7.104223980666204,NO,0.9676540475000559, no,No,Yes
2024-01-10 11:00:00,28, Female,year 2,,5.1-6.0,54.324306721755995,3.370328000148148,8,2,4.773512597173674,11.834853030156138,0.19303738974767803,1,0,10,10,9,SINGLE,HOME,1,9,2,,9,8,13.269634813784734, Yes ,0.788956338892099,yes,no,YES
2024-01-10 12:00:00,23,male ,year 3, ENGINEERING,1.0-1.9,74.07343289832431,7.959814124093771,,6,6.750878184529498,11.587774003450658,5.009468976630627,8,3,,3,6,,Alone,,4,,4,1,10,2.484024797602596,,2.042434958437366,No,no, Yes
2024-01-10 13:00:00,18,,year 3, Management,3.6 - 4.0,90.10756980059224,11.769798989943645,4,5,11.701388778648198,3.989618358061964,6.360301886665004,9,7,7,8,10, IN RELATIONSHIP,HOME,7,6,10,6,8,7,6.979986599638767,No ,6.340619823032688,yes,no,no 
2024-01-10 14:00:00,19,male,year 4,Management,3.6 - 4.0,51.55113230918788,7.520580961246186,2,4,6.632611118377438,5.256746158880502,7.1131239527206604,5,2,10,4,1,In Relationship ,ALONE,2,2,9,8,4,10,0.5379215379619251,Yes,6.687173343457973,YES ,yes,NO
2024-01-10 15:00:00,17, male,YEAR 3,law,9.1 - 10.0,82.56416618315987,10.579379291878059,6,4,6.586037347249926,9.279803542678355,3.8099030668111222,1,3,5,5,8,in relationship,Alone ,10,2,5,2,5,16,4.780230782498296, No,7.134441417801937,NO, NO,no 
2024-01-10 16:00:00,21,Male ,year 3,science ,7.1 - 8.0,43.684394988467304,3.9492411725732235,0,8,4.4974951497616695,9.542638081755534,,1,7,8,3,6,IN RELATIONSHIP,,7,6,6,10,10,2,9.519480355009657, YES,6.272070201650065,no ,Yes, yes
2024-01-10 17:00:00,17, MALE ,YEAR 3 ,Arts,7.1-8.0,95.13608458662983,4.883445389691067,4,10,5.475281786708334,11.017690498642459,1.6192964930588687,9,6,10,5,9,,pg,1,9,3,3,5,2,5.380621504409762,YES ,,Yes,no, YES
2024-01-10 18:00:00,24,Male ,,arts,9.1 - 10.0,44.864494968837924,,5,,6.747467545127816,8.178972169624789,4.115024985156247,1,4,1,7,9, In Relationship,alone,3,3,6,7,,2,,,4.547085407869045,no,Yes,Yes
2024-01-10 19:00:00,17, male,Year 1 ,COMMERCE,5.1 - 6.0,94.85388258064975,9.082400423493826,6,1,7.370160989336926,6.226330746045277,1.7101419589585127,9,5,1,14,7,Single,,7,4,10,1,3,1,0.05861552159892813,NO ,5.478646969773624, YES,no,no 
2024-01-10 20:00:00,27, Male ,YEAR 3,science,7.1 - 8.0,69.44843496716217,11.776923844414869,2,5,6.363451941695433,5.154167046201179,1.504604100687736,3,4,4,3,4,IN RELATIONSHIP,alone,,,8,7,5,,2.5592465241976257,,1.981294961288146,no ,,No 
2024-01-10 21:00:00,17,Female,year 1 ,LAW,,66.88546676775519,9.297170516786903,6,8,7.611800493623527,,7.627105056018815,3,4,8,,1, IN RELATIONSHIP,HOME,2,9,10,1,7,4,4.28484146906702, YES,4.360968592128988,NO ,yes ,No
2024-01-10 22:00:00,18, male,year 2 ,Science ,4.1 - 5.0,98.39842477002259,5.382188486618781,3,3,9.386210000901094,10.354456661630767,6.541925509840782,4,6,8,2,3, in relationship ,,5,,1,8,6,3,, No,4.117879510683486,NO,Yes, Yes
2024-01-10 23:00:00,18, MALE, year 3 , Science,1.0 - 1.9,,6.372816237868356,9,2,8.063421626750308,11.78009727968134,0.09439917153011645,5,0,6,4,6, SINGLE, home,3,9,10,6,2,1,4.389578500838363,no,6.134036338694675,no,NO ,Yes
2024-01-11 00:00:00,28,female,year 2 ,ARTS,1.0 - 1.9,79.01068755766072,10.806185909557641,,,,1.571001034119615,2.1481039611076556,18,7,5,9,1,Single ,PG,9,,8,10,8,7,0.23648667521779076,YES,1.873806364417005,Yes ,YES ,Yes
2024-01-11 01:00:00,22,female,, LAW,2.0 - 2.9,47.62715751142291,6.619760833176575,4,4,5.753009760720168,7.382691293444847,1.641082008429783,,4,10,,14, In Relationship,pg,7,5,8,7,9,9,5.312424971972513,YES ,7.36104951909372, yes,No, no 
2024-01-11 02:00:00,23,, year 2,engineering ,2.0 - 2.9,70.37020513931215,,3,2,5.4821106843125955,6.720593692671093,1.1770734411567405,10,0,10,10,, in relationship ,,1,7,7,2,,4,2.5134624608781664,yes,3.094919916942649,no,,
2024-01-11 03:00:00,21,Male ,YEAR 4, management,4.1 - 5.0,71.74978605733975,,5,13,,5.137565023328554,5.57929943491714,9,6,2,5,8,IN RELATIONSHIP ,Hostel ,1,18,4,,9,1,9.65274323181961,yes,3.952755521381869,no ,NO ,
2024-01-11 04:00:00,17, Other,YEAR 3 ,Arts ,6.1 - 7.0,,13.432369193503234,2,10,,10.367340873287915,4.534702650683734,1,6,5,9,6, SINGLE,home ,,10,,5,2,3,8.864163554608979,No ,2.680360245619668,YES ,yes,YES 
2024-01-11 05:00:00,17,,YEAR 4,LAW,6.1 - 7.0,74.16951031120058,1.1606380026135548,2,14,5.51707018719903,7.33317318584413,3.6314765660008854,9,1,5,4,6,Single,Hostel,4,7,10,9,10,9,,NO,0.9243361706387265,,no , no
2024-01-11 06:00:00,19,FEMALE ,year 4 , Commerce,3.6 - 4.0,41.12348282766344,8.925152091034683,4,10,2.0493638173388833,4.444276684568807,1.515976467518514,,3,2,4,,In Relationship,HOSTEL ,1,10,2,9,3,1,,Yes,1.4207170276605945,Yes, NO,NO
2024-01-11 07:00:00,18,OTHER,year 2, MANAGEMENT,3.6 - 4.0,,1.3122472002596761,,1,3.892442224736559,5.885144421708103,2.2209444502532527,7,7,8,6,7,SINGLE, PG,9,2,10,5,4,1,0.5405845915505236, No,7.922076025622982,NO,, YES
2024-01-11 08:00:00,21, female,YEAR 2 , MANAGEMENT,9.1 - 10.0,82.74365811717928,4.859012560425668,8,2,3.7102571622587783,10.443738257842087,2.8488083921967426,6,5,10,7,,IN RELATIONSHIP, Home,2,9,3,8,2,5,8.88899096832655,NO,2.798452901979574,Yes,no , Yes
2024-01-11 09:00:00,28, Male, year 2,Arts,3.0 - 3.5,46.92818651067328,9.655469298484855,3,6,4.7940763299423965,5.730941684877228,6.283861486658435,9,5,5,,2,In Relationship,ALONE ,1,6,5,4,6,5,3.9899197230270755, Yes,0.9242095929768839,NO,No,Yes
2024-01-11 10:00:00,26,, year 3,COMMERCE,2.0-2.9,74.21436654674804,5.610844339359563,4,10,3.3956539337944402,1.783923693783501,7.913515468588555,2,2,5,,5,in relationship,ALONE,,17,3,6,7,8,4.795470933561728,yes,5.725389653661672,no ,, YES
2024-01-11 11:00:00,,MALE ,year 3,arts,3.0 - 3.5,74.10167094614647,10.104186236622095,8,7,2.542411549692096,2.2310739783861386,1.4718164374101583,2,5,1,7,,SINGLE,Home,10,1,8,4,9,1,0.8569518952841348,No,1.0980620829421381,YES,YES, Yes
2024-01-11 12:00:00,23,other ,YEAR 2,,7.1 - 8.0,80.947025211424,4.10257586467338,3,2,3.5729028402801024,7.860608516339708,2.7321813511464272,7,0,1,10,, Single, ALONE,1,,6,,11,8,6.925412169958686, No ,,NO,,no 
2024-01-11 13:00:00,20,MALE,year 3,LAW,1.0-1.9,45.12386152810487,11.491635527981225,2,8,8.83349429135572,8.524752151360822,2.241612372356899,9,5,1,,5,,,4,7,3,9,7,2,7.121208738824414, NO,0.19296661407024995,NO, no, No
2024-01-11 14:00:00,23,, year 3, commerce ,,77.59019843596579,2.5136211816628267,6,10,8.376314726916233,8.00282456793661,0.3525391567382048,5,0,8,3,3,, home ,4,,2,5,5,1,4.086673919905993, No,4.484059516476505, No,no,Yes
2024-01-11 15:00:00,27,MALE ,YEAR 4,Management,,56.84511704478047,0.4591697398716157,6,9,5.536769579405958,14.570358081573648,1.753750855477243,7,,10,7,3,IN RELATIONSHIP,HOSTEL ,,6,3,1,3,8,8.888817363651324, No ,5.494010338489667,,YES,YES
2024-01-11 16:00:00,24,MALE,year 4,ARTS,4.1 - 5.0,70.42017942977031,10.469118515885022,7,8,9.022520271830107,11.378874236255147,7.212911547078452,,2,2,6,6,single,PG,3,2,2,7,5,10,0.4863400073940016,No,0.6457451808007253, YES ,no ,NO 
2024-01-11 17:00:00,27, other ,year 2,Management,2.0 - 2.9,86.3994131622446,9.026432591404898,3,,3.861324944966271,10.466801375819207,6.742865430979171,,,,2,1,in relationship,HOME,9,10,10,3,6,2,3.0754051944379057,NO ,1.1833681255283093,YES, Yes,YES 
2024-01-11 18:00:00,17,, YEAR 3,COMMERCE,1.0 - 1.9,,2.7838060448084736,,6,6.673673129593854,5.603605373083678,1.3407785209180503,4,4,6,1,5,SINGLE,alone,6,17,9,3,,5,2.0685174640827872,YES,,YES , Yes , No 
2024-01-11 19:00:00,22,,Year 4, management,5.1 - 6.0,47.1341810606796,11.816899285640087,8,7,,5.104624582252883,2.929304100930323,10,3,5,,5,SINGLE, alone,,6,1,,10,10,6.979065682524198, Yes ,3.3675859298930924,yes, yes,Yes
2024-01-11 20:00:00,24,MALE,year 1, ARTS ,4.1 - 5.0,75.47108722696439,12.957756493882973,9,6,8.667205516395118,4.430374327613764,2.486424442175686,7,,6,9,5, In Relationship,Hostel,6,7,3,3,9,18,2.046679850182287,,0.737828434299379,No ,No , NO
2024-01-11 21:00:00,21, other,year 3,arts ,3.0 - 3.5,98.14699185644432,11.412785281729962,6,7,5.3420086524279435,,1.1819264644332517,1,7,,3,3,,PG,9,1,7,1,1,3,7.027252401534624,no ,6.899109766846505,NO , no,Yes
2024-01-11 22:00:00,20, Other, Year 1, engineering ,8.1 - 9.0,49.406166240100134,6.060345256643991,2,,2.2548812718275455,10.418291679033237,4.977665677102619,4,6,3,9,6,in relationship,alone ,2,2,,6,10,9,7.965579531433042, Yes ,5.89545534056028, yes,NO ,
2024-01-11 23:00:00,18,male,year 2, Management,3.0 - 3.5,91.1744252635249,5.662495041255492,8,4,4.187553840545562,8.718965358583018,4.458382082922293,5,4,4,6,,in relationship,ALONE,8,2,3,7,6,9,, no,1.496554644148068, No, NO ,yes 
2024-01-12 00:00:00,22, male, YEAR 3,,2.0 - 2.9,82.15288483322661,5.389662445733581,,,9.207480714776187,6.973144152459744,3.415930661906973,10,1,9,4,10,in relationship , PG,5,1,6,5,10,8,0.2805200519718243,yes,2.7778004748310234,YES,Yes,No 
2024-01-12 01:00:00,22,other,YEAR 2 ,ENGINEERING ,4.1 - 5.0,86.44019877458558,4.018503313595403,3,14,3.035656655411546,7.6206619551603785,6.8439866248657655,7,2,8,,, SINGLE ,HOSTEL,2,3,2,1,2,7,, no ,4.543649252221543,no ,Yes ,yes 
2024-01-12 02:00:00,27,Other,, management ,8.1 - 9.0,56.91749962855873,6.40441796611862,0,2,,6.810873351011348,4.95769072010326,6,3,8,10,2, Single, hostel,,6,1,2,,5,7.146362771165334,yes,0.17271559874394882,yes,No,
2024-01-12 03:00:00,17,male,year 2, Commerce ,,57.27333576279055,5.430655943382814,8,7,,11.687902624625929,2.0741894605392517,4,4,,10,4, Single, PG,5,9,,2,9,10,15.649056698147133,Yes,3.918635892435992,YES, No,No 
2024-01-12 04:00:00,25, Male , year 2,Science ,5.1 - 6.0,94.3611673465893,0.44096251948264964,5,6,8.413170192775128,23.765929918752875,2.98963789759895,3,,5,2,10,single,,8,3,2,10,6,2,6.457456144715,yes,2.7247695527211633, YES,No,No
2024-01-12 05:00:00,28, Male,year 2 , arts,3.0 - 3.5,61.58992192555352,3.12522280108203,1,3,5.3722031982401965,9.594049369412636,1.2012538382650648,6,3,6,,9,, hostel,10,3,4,8,18,3,5.291231728074733, NO,7.406722432806901,No,No ,YES
2024-01-12 06:00:00,27,Female,YEAR 3,Law,5.1 - 6.0,43.78092344156863,2.5574736012667008,6,6,,6.690618855501052,4.730986184881311,10,0,9,5,10,SINGLE,,6,2,5,8,9,5,6.446779773252851,yes,1.807007331933474,Yes,No, NO
2024-01-12 07:00:00,22,OTHER ,Year 1 ,,4.1 - 5.0,76.035802214767,25.40825201951546,2,7,5.235064046663004,4.649904033264955,10.402075868247659,,0,10,,8,Single, Hostel ,7,2,1,8,,8,3.601330868653881,no ,3.1881393046356585, yes,NO ,no
2024-01-12 08:00:00,29,FEMALE,year 3, COMMERCE,1.0 - 1.9,47.48906014251056,7.186439726722098,5,6,6.411656121094952,1.2146550377153658,6.96146948777921,10,6,10,2,10,in relationship,Home,1,18,4,2,5,1,4.5781530186800214,Yes ,1.2982356912494142,Yes,No , No
2024-01-12 09:00:00,19,OTHER,YEAR 3,Management,,87.79577448447449,,7,1,2.499525792139454,1.4777302679569186,6.8465336083361,4,7,6,5,2, in relationship,HOME,2,4,5,5,,1,7.124305868069827,YES,2.399929593691452, YES,NO,No
2024-01-12 10:00:00,20, Other, YEAR 3,COMMERCE ,6.1 - 7.0,78.50478655006344,11.481912452991367,2,1,4.992235505121079,1.332617176786893,6.695536267679582,2,7,1,6,1,IN RELATIONSHIP,Home,9,,4,5,18,7,6.676449357257486,,2.2384012404280584,YES, yes,no 
2024-01-12 11:00:00,28,Other,Year 4,,8.1 - 9.0,92.48359031327249,7.72847127031692,4,9,8.84084670191963,11.78524443455498,4.391618557612242,,0,1,2,4, in relationship,Hostel,7,8,2,4,8,1,,yes,6.530156919863634, No,NO,no
2024-01-12 12:00:00,27, Other,YEAR 4,,1.0 - 1.9,87.09023498695811,,5,6,7.528540505457934,2.2593057231467952,8.687495286363117,7,7,7,1,5, SINGLE, PG,7,5,1,8,7,3,0.4921389413574573,Yes ,3.021224776763902,No,no,YES
2024-01-12 13:00:00,20,other, year 3, Law,3.0 - 3.5,46.72681890029177,3.7411686198255554,0,2,9.85463235317296,,6.204335551746225,10,1,3,6,2,IN RELATIONSHIP ,Home ,4,3,,8,5,8,2.877941648779463,YES ,1.4920129997611369,YES,NO, No
2024-01-12 14:00:00,19, other,Year 1 ,management,7.1 - 8.0,62.864240586065335,2.2352061877547262,9,1,8.303356299009145,6.3256498620391,0.7334786476454864,3,5,7,9,,SINGLE, PG ,4,2,2,,8,9,6.034679198136946,,0.13532587106155436,NO, yes,
2024-01-12 15:00:00,26,other ,year 3,LAW,5.1 - 6.0,86.47361499487523,4.839718655914938,6,2,5.612077719134192,6.295412835824748,2.4047831614228468,8,,5,9,6,,pg,3,6,10,4,6,5,4.636209918427777,Yes,4.385907434979645,NO,YES ,YES
2024-01-12 16:00:00,19,female,YEAR 2 , Management,4.1 - 5.0,121.5626081817428,5.649592979229697,3,8,7.4102436615963425,11.11971144013576,1.3527195425573746,8,7,1,9,8,single ,,10,8,9,1,13,6,3.380826191976726, yes,3.9603734490835594, Yes, YES,Yes
2024-01-12 17:00:00,19,Male,Year 4 , engineering ,9.1 - 10.0,98.3419290867987,23.781170251907735,9,5,8.207309405506312,1.8088600484021538,4.091741554768847,1,0,8,5,5,In Relationship,,4,10,,9,5,,7.170251706031578, YES,2.562782673401041,YES ,,YES
2024-01-12 18:00:00,20,, Year 4 ,LAW ,2.0 - 2.9,84.14442699360696,6.719285268440116,6,,4.157469279370729,11.529630816723685,6.701343653060862,5,5,9,10,4,IN RELATIONSHIP,hostel,,4,,1,8,3,3.8702969863151724,yes,2.906224972369415,yes, NO ,no
2024-01-12 19:00:00,23,FEMALE, year 3,ENGINEERING,3.0 - 3.5,,3.506171993016204,6,7,2.480143124924674,5.46002631408794,,5,0,,1,7, single ,Hostel ,6,15,7,4,8,1,13.751186005277827,,2.3071176614974327, yes , no, yes 
2024-01-12 20:00:00,20,FEMALE ,YEAR 3, Law,2.0 - 2.9,92.79914149365018,8.91161139441025,4,2,5.2467781439883865,11.671691902353164,,3,4,2,3,5,single,Home,3,3,3,10,1,9,, No,5.6938394113679,,no, No 
2024-01-12 21:00:00,25, Female, year 1,law,,46.048287092113455,6.069983245668851,7,4,3.157385296820122,6.954565086828774,3.246591971091908,2,6,9,8,,IN RELATIONSHIP,Hostel,10,3,10,1,8,2,4.8350910816747374,,2.9411872015076392, yes ,no,no
2024-01-12 22:00:00,17,female, YEAR 1, Management ,6.1 - 7.0,48.431423450805156,4.4676467208740265,7,2,4.217928958100015,,7.224599202869707,1,2,,9,7,In Relationship,,8,9,8,3,10,9,3.371959469655945,Yes ,3.757636065021349,Yes,No,
2024-01-12 23:00:00,24, other ,,,3.0 - 3.5,84.06954403666305,6.921837451095026,4,7,9.574763963793066,4.4730164992671195,5.014316326772764,4,1,6,4,5,single,Hostel,13,,,3,8,2,,NO,7.915016248719298,Yes,no ,NO
2024-01-13 00:00:00,23,MALE ,YEAR 3,engineering ,,91.89811356582882,,4,5,13.70193052702539,7.730063462095547,7.812424044765308,10,3,10,3,8,single,Home,6,4,4,7,7,8,0.09607645565326006,NO,7.162384096743642,No,NO, No
2024-01-13 01:00:00,18,Other,year 3 , Management,,72.18097767397336,10.111471409709841,6,1,6.739710676541282,8.819127578893376,1.9653582058222483,2,5,4,2,1,IN RELATIONSHIP, hostel,2,6,1,3,6,3,6.7689075880602365,Yes,,YES, YES,Yes 
2024-01-13 02:00:00,24,Male, YEAR 3, arts,7.1 - 8.0,57.34298397674675,7.041719671623973,5,2,,1.114071840215361,,5,7,6,5,8,IN RELATIONSHIP, Hostel,7,9,5,6,10,9,, NO ,3.8610638622194724, NO , No,yes
2024-01-13 03:00:00,17, male ,year 4,Engineering ,,61.07893271519053,4.524998086619858,3,6,4.114642881662812,1.376512676998744,2.8564461171844346,10,7,,2,3,single,home ,4,10,,,3,10,5.071405423806653,NO,2.817210029565695,yes ,YES,YES
2024-01-13 04:00:00,27,female,YEAR 2,ARTS,4.1 - 5.0,60.573359775763365,1.0437450127705339,,4,,11.851247131321292,4.975739698403032,,6,3,,1,In Relationship,PG,6,8,8,4,7,4,8.756351415232755,No ,7.545320132472944,NO,yes,NO
2024-01-13 05:00:00,, OTHER ,Year 1,COMMERCE ,9.1-10.0,129.32149315324682,5.635787079979485,,16,,6.03312815382097,1.3960657075779226,1,6,,10,9, IN RELATIONSHIP ,Alone,7,9,4,6,4,22,4.78084021306207,,7.300776968023237,no,NO , no
2024-01-13 06:00:00,25,Female ,YEAR 4,,8.1 - 9.0,54.57458030929899,9.024953250354951,2,2,8.246246467052263,11.293992779802101,,10,5,5,9,6, in relationship , hostel,1,6,9,9,8,4,8.833669088420248,No ,1.3204253525424852,Yes, No ,no 
2024-01-13 07:00:00,25,Other,YEAR 4,Commerce ,6.1 - 7.0,76.53202567775398,4.323284636796127,1,2,9.424161510112459,9.028873784983356,7.826003472293204,10,5,1,3,8, SINGLE,PG,3,2,7,7,5,3,0.6151922190898174,,2.0170046564678943,, no,Yes
2024-01-13 08:00:00,18, MALE , YEAR 4, MANAGEMENT,1.0 - 1.9,94.02431911390403,2.825361906619973,,6,4.631498410640152,5.102651387641239,11.771828406477926,20,1,15,4,10,In Relationship,ALONE ,,,16,1,,1,16.796878889035874,NO ,3.123982172268577,No,No,No
2024-01-13 09:00:00,23,,Year 4, MANAGEMENT ,7.1 - 8.0,58.42494478500047,11.17655663125144,6,8,3.650376886054353,2.659262051243828,,10,2,3,9,4,in relationship ,ALONE,6,10,7,8,6,,9.314848976912483,Yes,3.6584830645991886,yes , Yes ,NO
2024-01-13 10:00:00,26,FEMALE,,engineering,3.0 - 3.5,51.20165784768473,9.858668405495909,9,1,5.222396927565641,24.50595146310505,3.5857118033045596,9,6,4,1,2,IN RELATIONSHIP, HOSTEL,10,3,4,4,6,2,9.136237316938887, No,4.337661142994568, YES,NO,YES 
2024-01-13 11:00:00,19, MALE,,,3.6-4.0,90.31465998228549,7.659307433041736,5,5,5.500330419305633,7.429458828082259,2.7618904624540317,2,0,9,7,6,In Relationship ,PG,6,,5,8,6,9,3.3651965201417555,no,0.3091207221393635,NO,no,No
2024-01-13 12:00:00,23,,year 1, management,3.6 - 4.0,206.05593424066328,1.6414001270462326,7,1,2.3189623158748995,3.1159228570534987,3.3521009321481294,10,5,3,2,2,in relationship,hostel,7,10,,3,8,2,,NO,0.5448614770747868,NO , yes, NO
2024-01-13 13:00:00,28,male, Year 1,arts,9.1 - 10.0,95.85022189359464,1.7389060848740763,5,6,8.893572257596182,8.498182783242218,2.626306502120019,4,0,5,9,1,in relationship,HOME ,7,1,4,10,1,8,14.471219903207551,yes,,No,Yes,Yes
2024-01-13 14:00:00,26,, YEAR 4,Management,7.1 - 8.0,79.1804268297067,1.2386350974693476,6,7,9.964738709339962,2.012533608133716,6.661678936039671,3,3,8,3,7,in relationship,home,10,4,2,5,10,10,1.5735925897702485,YES,,NO,yes,YES
2024-01-13 15:00:00,25,Other,year 4 ,ARTS,1.0 - 1.9,,7.3955600027129185,1,6,9.385669541692181,10.548410077141755,7.144888985819985,1,5,6,6,7, in relationship,alone,8,,9,3,1,,5.460018209167805, No,5.93919786849177, no,Yes,NO
2024-01-13 16:00:00,20,Female ,year 2 , commerce ,7.1 - 8.0,72.4857636582998,1.386753557680032,9,9,,1.9915108198087283,7.597261485677909,8,6,3,5,6, SINGLE,Home ,2,3,8,3,10,7,4.0745460832888885, Yes,4.344224096781626,yes,no, no 
2024-01-13 17:00:00,28,,year 4,ENGINEERING,8.1 - 9.0,76.86601929010573,24.3140855051833,1,3,9.940802427676328,3.5981379412028587,3.346898575262802,2,1,8,2,2,Single , PG,10,,3,,7,6,9.578549371270977, No,0.22785624867667664,YES ,Yes ,NO 
2024-01-13 18:00:00,17, female ,Year 1,MANAGEMENT ,8.1 - 9.0,68.81040651157537,11.915580021831865,5,8,9.26246745579909,2.005738859701129,4.369753627480739,8,1,5,9,5, in relationship ,Home,,6,7,4,3,4,4.159407298410988, NO ,0.546240926353863,YES,YES , NO 
2024-01-13 19:00:00,18,, YEAR 1 , science ,4.1 - 5.0,75.93799817943253,4.3961782165039835,8,3,7.506940965946538,,4.615163368339911,1,6,6,,1,single , HOME,10,,7,,8,,3.703104585928414,No,5.039881384516659,YES ,YES,yes 
2024-01-13 20:00:00,17,Male,YEAR 3,Arts,3.6-4.0,50.82278613250428,5.444038163605169,2,7,6.767836053416357,6.762175690251009,5.2087054190267095,6,6,3,6,2,IN RELATIONSHIP,PG,7,5,6,2,3,10,5.868034868844154, No,1.533820170879955,no,yes, Yes
2024-01-13 21:00:00,28,other,YEAR 3 ,Arts,3.6-4.0,68.776825249845,8.540006123828144,9,5,3.2508009866949426,8.556887828153315,0.019650727134983725,4,3,8,9,5,IN RELATIONSHIP,PG,1,6,3,,6,5,5.277506350125817,Yes ,, No ,no, no 
2024-01-13 22:00:00,21,Female,year 1,Science,8.1 - 9.0,79.48555365638006,,7,,2.3902379725068217,9.673299616805489,6.741517371469349,3,1,4,8,5,,HOME ,2,9,9,1,,2,4.521278228798311,Yes ,, NO,,
2024-01-13 23:00:00,21, female, YEAR 1,ENGINEERING ,7.1 - 8.0,65.96238695492222,10.729125282676621,4,4,5.294646937500931,8.645608185623027,2.145125232259713,,1,,10,7,Single,,1,10,9,5,2,2,5.025896212305173,No ,1.476438426370926,No,yes,No
2024-01-14 00:00:00,27,Male , year 2,ARTS ,9.1 - 10.0,80.76684014899587,,5,,8.47059261672003,4.9983879323967795,3.7773125499702616,10,1,5,5,5, in relationship, hostel ,1,6,6,6,7,8,0.9844748110924906, yes,3.724044707061055, no,no ,Yes
2024-01-14 01:00:00,23,MALE,year 2,,9.1 - 10.0,67.07147683323038,2.02886163068118,5,8,5.922367558391284,7.130165657517585,6.732546056361472,1,5,1,,6,In Relationship ,home,3,8,3,1,6,3,9.349147911840397,NO,,NO , yes, yes
2024-01-14 02:00:00,25, other,year 1 , Arts,6.1 - 7.0,,9.055166382693507,9,3,4.930573645692659,11.204304818710536,,7,3,9,3,13,in relationship ,alone,4,2,4,1,1,7,2.503587439555032,no ,1.7975422193783723,,YES, Yes
2024-01-14 03:00:00,25, FEMALE ,Year 4,law,3.0 - 3.5,58.21630282522554,,2,,2.873886913589998,5.263342773294612,9.857907960691396,6,5,8,5,5,SINGLE ,pg ,5,13,5,7,,,5.701370629666126, no,7.655145791764096,no, YES, yes
2024-01-14 04:00:00,19,OTHER,YEAR 3,ARTS,3.6 - 4.0,64.65412353931528,1.5986231284814791,4,9,2.4140264727247054,3.7764480593093603,0.19866589828781223,3,3,5,,8,SINGLE ,,5,,,6,7,8,0.3547833499467079,YES ,1.8338843980692632,no ,Yes,
2024-01-14 05:00:00,19,FEMALE ,Year 1, law,,41.38537736093205,6.024774984018812,0,1,5.193433147388858,6.712512911170124,2.950033366247248,2,7,3,3,1,IN RELATIONSHIP , hostel,2,7,3,9,4,3,2.9566937503365534,,3.6523508371935014, YES,YES ,
2024-01-14 06:00:00,19,OTHER,Year 4, MANAGEMENT ,7.1 - 8.0,,9.369775573023547,1,9,2.7994030414698594,4.270687330263078,1.977685089064039,10,,9,10,10,in relationship,Hostel,3,8,9,4,1,1,6.887017836948815,,5.783680424916927, yes, no ,NO 
2024-01-14 07:00:00,20, MALE , YEAR 1 ,,1.0-1.9,90.70633845881571,2.625368187152324,9,7,2.8283853819038622,3.8799875715806347,,3,1,7,2,7, IN RELATIONSHIP,alone,8,22,5,3,21,6,4.573638305409965,,6.1958456682734715,NO,,yes
2024-01-14 08:00:00,24, female ,year 3,arts ,3.0-3.5,111.98341393962586,10.455451628815995,2,2,5.16278739976517,23.472675337379293,,8,2,8,10,8,single ,Hostel,2,,6,6,3,6,7.301664358159292,no,,no ,, NO
2024-01-14 09:00:00,22,Other,YEAR 3,commerce,9.1-10.0,42.761988168503116,0.6356612978444156,3,,6.022747652021729,10.799194431372893,7.546801522715545,7,7,3,9,5,,,4,5,2,8,9,,1.5541213685096522, Yes,,yes,,Yes
2024-01-14 10:00:00,24,Male, YEAR 2 ,Commerce,,192.86392805167466,9.386341020816886,8,2,3.4934630957961206,6.525483510238469,7.500140108015205,7,4,6,7,,IN RELATIONSHIP ,Alone,15,7,2,,7,10,9.880691291540394, No ,5.006994969808433,YES,yes,Yes
2024-01-14 11:00:00,,Male,year 2,SCIENCE ,2.0 - 2.9,55.82189532706401,7.3898267974784435,0,5,7.477085490083495,9.577611701640942,,,4,4,4,1,in relationship,Home,9,9,2,3,8,3,4.45725736815957,yes,2.5779428768472386,Yes,NO,yes
2024-01-14 12:00:00,24,OTHER,year 2 ,COMMERCE ,7.1 - 8.0,,3.7823921598521895,2,7,,3.0579836881696534,0.7845741335859255,10,1,3,3,9,Single,hostel,,5,7,3,7,9,5.387889771611545,NO,4.169493211492301,Yes,No, Yes
2024-01-14 13:00:00,20, female, year 2 , Law,5.1 - 6.0,62.18515047838167,8.651190580102936,2,5,2.7353803019097285,7.024073143394326,0.015961824051876405,3,0,4,4,2,in relationship,HOME ,3,4,6,14,10,,2.57582599234632,no ,0.5173392682037594, yes , No,Yes
2024-01-14 14:00:00,27,female, year 3, COMMERCE,,84.31342243801339,9.388389541813916,5,2,7.096272996501722,7.998199369762325,6.3510646737097085,,6,,9,5, IN RELATIONSHIP ,ALONE ,7,4,7,6,,1,,no ,3.128994407198806, no,yes ,Yes
2024-01-14 15:00:00,17,Male, year 4 ,COMMERCE,,57.634995813433946,,4,5,4.855558549561111,,6.746392460730127,12,4,5,9,7,SINGLE , Hostel,8,,3,10,3,14,6.545880293688317, no,12.537182596576969, Yes, No,NO
2024-01-14 16:00:00,24,, YEAR 4,commerce,1.0 - 1.9,74.48219223516926,4.4132960658511635,2,10,2.4185718166101298,2.2856823798301584,,6,,8,6,8,Single,,4,9,4,7,8,4,3.4172687530500023,Yes,0.6657657431149735,no,YES, YES
2024-01-14 17:00:00,20,FEMALE, Year 4,arts,6.1 - 7.0,64.93359966622853,8.23220083175946,3,6,9.583852637337538,9.07510255000985,1.7470608916222332,4,7,,,10,,home ,1,1,6,9,2,3,7.185479302294927,No,3.7851417046235696, YES,NO, no
2024-01-14 18:00:00,22, female ,year 1, SCIENCE,7.1 - 8.0,47.06583953659711,7.23139532321629,6,5,6.569575656845357,10.229859949084492,5.865171743393992,7,2,2,9,4,single ,Alone,19,1,,,4,6,2.858589720847754,no,3.495937642623799, yes ,,yes
2024-01-14 19:00:00,24,MALE, year 2,ENGINEERING ,2.0 - 2.9,59.81722074952661,6.302472833485062,2,2,5.821762952245098,7.9874888047960475,4.152515339449555,10,1,7,6,,in relationship , PG ,4,1,1,8,10,7,7.654588711951739,YES,5.055071604191244,yes,,Yes
2024-01-14 20:00:00,20, other, YEAR 2,Science ,2.0 - 2.9,,10.684997689860454,8,,17.659686520742582,2.8607710177851007,5.123963003728837,10,6,8,5,1,SINGLE ,hostel ,,4,6,6,4,,6.7496272607079995, YES ,7.885281095388182,NO , no,
2024-01-14 21:00:00,19,female,YEAR 3 ,LAW ,1.0 - 1.9,76.72023383988673,0.03800776966080388,7,6,9.4939234345098,1.8200768383339727,4.850328080472196,10,2,4,3,7, SINGLE, HOSTEL,7,,10,2,6,6,,,7.794453336124571,,Yes,no 
2024-01-14 22:00:00,25, MALE ,YEAR 3 ,arts,3.6 - 4.0,47.18670279301366,3.3853392732431717,1,2,,4.317642989919268,4.385595148703724,1,5,3,1,,In Relationship,Home,2,8,10,3,3,4,0.5003368693708665,YES ,3.917101757382272,,,no 
2024-01-14 23:00:00,19,male,Year 1, management,5.1 - 6.0,49.79934458285851,6.459326874537961,4,,,1.406891230354614,2.3383551942240244,6,2,8,4,9, Single ,,6,5,2,14,1,1,9.302120747073397,yes ,1.5074770108863191,NO ,No,
2024-01-15 00:00:00,25,other,,,4.1 - 5.0,153.3725648415814,2.139519139638628,3,7,8.648639414194122,10.231409114982272,2.1476996970544135,7,3,,1,1,Single,PG,4,10,7,5,10,2,2.3519023270556403, no,,YES, NO ,yes 
2024-01-15 01:00:00,29,female,year 4, COMMERCE,3.6 - 4.0,88.80492485925214,25.817259901903203,4,1,2.435222357420792,8.7336648407723,3.8926417931781705,1,1,,1,1,in relationship , Home ,,4,5,6,8,5,5.77185873334897,Yes,6.782982390081882,no,yes,yes
2024-01-15 02:00:00,18,female,YEAR 3,commerce,,,7.771141411356185,2,1,7.695552921426182,7.200575271006922,3.792292067888635,2,3,7,6,7,In Relationship, home ,9,8,1,6,9,9,2.9785319786599085, NO,2.758125846125915, no, No,No
2024-01-15 03:00:00,18,Other, year 2,,,75.71864511060701,5.734595935583879,9,6,2.503743054396616,10.78595753832105,2.416421625343971,9,2,10,5,9,IN RELATIONSHIP,hostel ,7,7,,2,7,5,12.790294545569823,yes ,2.7287669545738824,yes ,YES, No 
2024-01-15 04:00:00,18,, Year 4, MANAGEMENT,6.1 - 7.0,50.23861532512632,9.776421108799855,0,7,6.757385971119206,2.211028497470782,2.10984926432295,9,,8,7,5,IN RELATIONSHIP,alone ,2,6,2,,9,8,,No,6.471541885089088, No, Yes,
2024-01-15 05:00:00,22,Male,,Arts,6.1 - 7.0,58.68258021431943,12.160823259729868,7,5,7.353894217109392,8.859057248636365,7.634459273127759,6,1,5,,4,,PG,8,2,2,7,6,10,0.7430643615931742,Yes ,5.024615933121815,YES,YES,No 
2024-01-15 06:00:00,19, MALE, YEAR 4 ,management,2.0-2.9,41.21621234038316,6.703836143160114,8,15,4.936469506807758,2.6129542762649254,6.898964037963043,4,1,7,1,6,IN RELATIONSHIP,hostel ,6,,10,4,3,2,0.5001876323792298,yes,3.24238413813263, no,No,Yes
2024-01-15 07:00:00,29,OTHER, year 2,Engineering,6.1 - 7.0,86.09655686797134,0.03301194664705198,7,8,9.046299973261263,,,,4,9,8,, In Relationship ,alone,9,2,10,9,9,5,16.741007178073456,Yes,,yes,,No
2024-01-15 08:00:00,25,female ,year 1,science,2.0 - 2.9,64.06058918637801,8.445214225325564,3,,8.404093655739779,4.953221267046374,1.7142701494160528,5,0,8,6,2,IN RELATIONSHIP, home,7,6,4,8,1,1,7.680448925551964,No,4.756468023060672,yes,NO , yes
2024-01-15 09:00:00,,Male,year 4,,3.6 - 4.0,88.96753441923724,1.665485668211637,1,3,9.407677708971171,11.460340997794797,1.514328279886409,,5,5,8,5,Single,Home,5,9,2,6,1,2,2.6158471284733564,no,1.2895962339869662, yes, no ,no
2024-01-15 10:00:00,17,Male, year 2 ,MANAGEMENT,1.0 - 1.9,82.50237976136358,8.276264167947492,3,7,4.519116213047854,5.844767231238429,6.474632146384787,,0,4,6,4,IN RELATIONSHIP, Hostel,8,9,10,10,,3,4.913796823863419,NO,3.8172729072241482, yes,NO,No
2024-01-15 11:00:00,20,FEMALE,,,4.1 - 5.0,89.72465594370861,5.748323507708806,8,4,2.172222400494487,1.5389526584511881,,2,7,3,6,3,Single,pg ,12,6,6,3,4,8,,,4.185030635184294, no,NO,no
2024-01-15 12:00:00,17, male,YEAR 3,engineering,1.0 - 1.9,57.139520174972965,3.6210906870027695,9,1,,7.419981130803171,4.0282874860402895,6,2,6,10,5,SINGLE ,hostel,1,,5,8,3,10,5.438613482446783,no ,7.962814294290924,YES ,No,yes
2024-01-15 13:00:00,21,, Year 4, SCIENCE ,3.6 - 4.0,51.10652382567071,5.613988072460909,,8,5.699665291018212,3.1968547274582093,1.771374294162026,3,,4,,7,IN RELATIONSHIP,Hostel,5,10,10,10,1,3,4.19291833079254, YES,2.0210338471053984,NO, no,YES
2024-01-15 14:00:00,20,Female ,,ENGINEERING,8.1 - 9.0,98.31434095910024,2.515558655416154,4,5,5.737248324536445,1.0752005128574358,3.0245582693612167,7,,4,2,,Single,home,7,,21,1,7,4,0.37577598319315175,,1.9831273104600289, Yes ,no,no
2024-01-15 15:00:00,24,FEMALE , year 3,Law ,7.1 - 8.0,83.03966722245218,24.539171860069533,4,8,8.538569374912246,9.342243738884106,6.827633819276344,4,2,7,,3,in relationship ,pg ,10,5,3,9,4,,5.847819954177124, yes,6.08684598092538,,No,
2024-01-15 16:00:00,24,OTHER,year 2,Engineering,5.1 - 6.0,90.04253607560022,,9,13,3.729081429402326,2.703493868118506,,8,4,,4,6,SINGLE,HOSTEL ,7,8,2,10,,9,8.816545113772953,,2.6808575396395584,no,,NO
2024-01-15 17:00:00,23,OTHER ,year 4,MANAGEMENT,7.1 - 8.0,40.78800242259602,10.385004423553443,2,,4.49527010229059,11.367351195958637,7.973434007054348,1,0,5,,5,in relationship,ALONE,3,9,6,9,6,4,5.428129646324481,NO ,0.44973546899581507,NO,,NO
2024-01-15 18:00:00,19,Other, YEAR 1,law ,,61.267697217753195,6.136305464800211,5,8,5.512639890702313,12.33259050062504,7.551234240120653,9,3,1,9,3,IN RELATIONSHIP,ALONE,5,5,2,10,6,9,7.817804888565128,YES,7.663550643370258,Yes, no,Yes
2024-01-15 19:00:00,17,FEMALE,YEAR 4 ,Engineering,6.1 - 7.0,84.5690014346399,7.4273579536658065,6,13,4.174598801323528,1.9569540479470422,5.3700057950858815,,0,5,9,1, IN RELATIONSHIP,,8,6,,21,1,8,8.859774157386065,yes ,,no,yes,
2024-01-15 20:00:00,17,female, Year 4,Commerce,7.1 - 8.0,44.678969979399,3.6312674509044456,9,3,5.690571384022629,,3.453807953581131,3,3,6,4,,Single,home,9,4,5,10,7,,4.073180831077706, NO,7.354806246494515, NO,YES,No
2024-01-15 21:00:00,28,OTHER ,year 2,engineering,6.1 - 7.0,74.04039577413613,11.600371401531856,8,4,2.0767731559562135,7.719291009858285,0.46153900233553546,5,,1,1,,In Relationship, home ,9,1,8,4,,3,4.115824653184271,Yes,6.502002242922296,,Yes, Yes
2024-01-15 22:00:00,27,MALE, year 2,Law ,3.6 - 4.0,65.74436604730019,3.382211502233878,6,7,3.6975037820106182,4.719240008533246,4.865328908027836,10,3,3,1,3,single , pg ,10,1,1,,5,2,9.213888406126635,Yes ,4.88621191471175, no ,Yes,YES 
2024-01-15 23:00:00,19,FEMALE ,Year 4, engineering,4.1 - 5.0,41.056990428466435,7.066535965683652,2,4,8.660426877303804,6.853573561540022,1.6854452960323654,1,6,6,6,4,single,HOSTEL,5,5,20,,10,8,3.4061712866024574,YES ,7.052626355614996,no,no,Yes
2024-01-16 00:00:00,22, MALE,year 3, engineering,9.1 - 10.0,54.158534627167086,11.921000461285546,6,,5.307855668104006,9.79463251256007,,3,1,7,2,5,,Hostel,2,3,12,10,,8,6.615070566782312,yes,1.5662081180177179,yes,Yes, No 
2024-01-16 01:00:00,23, male,YEAR 3,,5.1 - 6.0,57.08751934400286,10.57313275660135,0,2,7.0912461419355175,9.718616590613085,4.391191034797762,4,7,,1,10,Single ,alone,8,,3,5,8,,6.19897116225809,NO,1.4993061766999647,NO ,,Yes 
2024-01-16 02:00:00,22,FEMALE, YEAR 3,LAW,5.1 - 6.0,46.711596780779345,6.435957903433273,1,16,3.858303421084339,,5.868013463169096,2,7,7,10,9,SINGLE,Alone,7,4,10,,7,7,4.851718685107401, No,3.5504080297678797,YES,no,Yes 
2024-01-16 03:00:00,22,FEMALE, YEAR 2,ENGINEERING,8.1 - 9.0,77.89221458455962,,3,3,7.199029315589328,10.746597367429848,5.387960277496209,6,5,,2,4,In Relationship,,4,4,10,7,3,8,6.419805148996787,Yes,7.972030785743855,YES, YES,no
2024-01-16 04:00:00,22,male,year 2,SCIENCE,9.1 - 10.0,54.54387257511334,8.416438340791375,6,10,9.999790941170055,3.192967607356859,2.778649534650664,10,,2,7,9, single, home,5,4,10,9,10,7,7.031408888419618,,0.07364609429330571, no, yes,No
2024-01-16 05:00:00,29, MALE , Year 4,management ,2.0 - 2.9,56.657169977163306,2.504404993701712,8,7,6.76230111517444,2.949656374061156,6.072688401700994,4,6,3,4,5,,PG,10,6,1,7,10,3,9.24811018654195,yes,1.136753438325921, NO ,NO,yes 
2024-01-16 06:00:00,19,other,Year 1, Science,,93.89431589200885,4.867154525229677,4,3,7.0268685011352705,9.792844678787736,6.747001950952159,14,2,7,7,3,In Relationship, hostel ,10,,2,1,2,4,8.007634933542718,Yes,5.751120589976769,yes,,NO
2024-01-16 07:00:00,22,other,year 2,Law,3.0 - 3.5,68.02738556158837,4.013920008138612,7,3,2.89215859569598,4.529782808505972,5.953043490949154,,6,6,7,7,IN RELATIONSHIP,Hostel ,2,,1,9,9,5,, yes,2.066639846328931, yes ,yes, no 
2024-01-16 08:00:00,24,FEMALE ,Year 4,commerce ,2.0 - 2.9,63.52768881815634,4.12816449925427,6,4,5.227051773327877,6.634006544236927,6.2144542425943765,,0,1,4,8,, PG,9,,3,6,18,,4.321415121921976,no,4.435389595605478,No,YES,no
2024-01-16 09:00:00,27,OTHER,Year 4,SCIENCE ,5.1 - 6.0,83.43226229888303,9.125477272318395,4,10,8.885799187863118,9.183473635915002,2.880124317333853,3,2,10,14,9,, Hostel,6,8,1,2,9,,20.806421655123234,,5.713859794145131,yes,Yes ,No
2024-01-16 10:00:00,27, Other,YEAR 1,Management,3.6 - 4.0,94.57682781297473,7.011155127273524,2,6,8.674175789266659,5.355255952237826,7.549503461985896,6,0,7,9,9,Single , HOSTEL ,9,4,10,10,4,3,2.709224513191332,YES,6.724162902131468, no ,Yes,Yes 
2024-01-16 11:00:00,,other, YEAR 3,Arts,4.1 - 5.0,41.50218017424663,0.45711253907434246,2,1,6.179192882890575,2.431785302136347,3.396576946848609,6,,2,10,6,single ,alone ,19,8,,9,,6,3.2484775498199414, Yes,4.4541629741235935, no, No,no
2024-01-16 12:00:00,,other ,year 4,,4.1 - 5.0,66.89433079332379,10.529381803811713,5,6,9.227633197902179,8.474029219660208,7.176401748371715,1,7,18,10,9, IN RELATIONSHIP,hostel ,1,10,10,1,8,3,6.891215126027665,yes ,0.807323355123641,yes,NO,NO 
2024-01-16 13:00:00,,,YEAR 4 ,Science ,3.0-3.5,76.64688136467683,3.5615536857619747,9,8,,9.98875325532753,14.225992426153745,2,7,7,3,3, SINGLE,Alone ,9,9,6,5,5,5,1.1077951241159567,no,,Yes , Yes ,NO
2024-01-16 14:00:00,28,FEMALE,YEAR 4,ARTS ,3.6 - 4.0,59.113785887559374,,3,8,7.265515237292202,1.140770119389561,0.9946478030274273,10,0,4,1,2,IN RELATIONSHIP ,Home,9,,1,9,4,12,7.871988577218304,,4.008489050454963, YES ,, YES
2024-01-16 15:00:00,,Other,year 3,law,3.0 - 3.5,86.3444633273945,11.45028876401743,,6,7.912358959464679,7.1880732781751915,7.7301644767329405,6,,6,8,17,IN RELATIONSHIP,PG,18,8,1,1,9,2,9.48368550159748,YES ,5.55282036806764,NO,No,Yes
2024-01-16 16:00:00,21,Male ,YEAR 3,Management,6.1 - 7.0,,11.286368600183582,3,6,7.164491240841893,6.163456016373201,19.762261285364993,2,3,9,4,7, Single,,1,9,4,2,9,4,6.4315800877161635, yes,0.45738615709250574,Yes, YES, Yes
2024-01-16 17:00:00,28, Male,Year 1, commerce,1.0 - 1.9,96.605641975017,9.733531248767683,,3,2.6991975128415664,3.8555560718001995,4.849172133832005,2,0,5,9,17, in relationship,alone,4,,4,7,2,4,0.7223712188360232,YES,0.02842389779039145,no,YES,NO
2024-01-16 18:00:00,29,,year 2, ARTS,5.1 - 6.0,,2.647359980202511,9,2,9.54887276083951,2.77131423831921,6.264880406879585,4,6,3,8,6, SINGLE, alone,6,8,8,10,1,3,2.3852330869050933, NO,7.256379469805404, Yes,YES, yes 
2024-01-16 19:00:00,19, other, year 3,Arts,3.6 - 4.0,,6.391592928345384,,7,,,,8,6,6,7,3,Single ,pg,4,4,22,2,8,8,0.9750930030680693,YES ,4.547397649340008,no, YES,NO 
2024-01-16 20:00:00,20,OTHER ,year 2 , Management ,1.0-1.9,97.44943186127327,2.691631521899695,6,8,3.6076925191671263,8.97470502647182,,6,6,,9,16,single,Alone,9,5,7,,9,6,,Yes,1.4293684186826185, Yes , Yes, Yes
2024-01-16 21:00:00,19,, YEAR 2 ,,1.0 - 1.9,67.51770924588796,7.377968254498809,3,10,,6.898146475579817,7.439920194383852,8,6,9,2,1,In Relationship, Hostel,4,10,7,9,4,1,9.39550083202573,yes ,5.636691854563509,No,yes, NO
2024-01-16 22:00:00,17,OTHER,YEAR 3 ,Arts,4.1 - 5.0,52.4978633850815,18.150048602186263,2,6,8.07316512429977,11.792698194684403,5.018929102072863,4,1,2,4,3,,Alone ,10,6,9,23,,9,3.5920648511128417, No,5.658836038532845,No , no ,YES 
2024-01-16 23:00:00,17,other ,YEAR 4,,,,0.4900025442367606,2,5,,3.675538780773688,6.627651202954265,3,3,10,5,2, SINGLE ,ALONE ,8,5,8,8,7,3,1.8436487597137885,NO ,7.318671369421537,YES,Yes , yes
2024-01-17 00:00:00,28,Male,,management ,9.1 - 10.0,57.065219434227494,11.633502801848492,2,17,2.746642461711817,11.525945944665214,4.325778184158986,7,6,5,5,,SINGLE ,,2,9,,2,,4,6.615682275246476,Yes,6.135608084542383,NO , YES,yes
2024-01-17 01:00:00,28,FEMALE,year 2,law,6.1 - 7.0,56.03481850426314,,8,1,4.814238128765599,6.666205152722109,4.244368315148131,7,2,9,1,8,, Hostel,7,2,4,10,5,10,8.99647823994836,,6.7096804025736265, Yes , No,yes 
2024-01-17 02:00:00,29,Other, Year 4, management,,92.75494258466708,4.569210865892638,2,9,3.086034729561856,2.606290154138974,7.18014564595688,2,2,10,9,3,SINGLE ,PG,8,6,8,,5,10,0.34494354013890116,no,6.68302712143039,yes, yes,no 
2024-01-17 03:00:00,21,OTHER,YEAR 3,LAW,8.1 - 9.0,,6.185069376082957,2,,6.525693640833834,2.6299694696922247,4.059776051878203,1,2,7,9,6,in relationship , ALONE ,6,10,11,3,10,7,6.684190686562413,Yes ,,no,NO, Yes
2024-01-17 04:00:00,22,,YEAR 2,,3.6 - 4.0,43.86357678797418,5.593433031213108,7,4,5.39291927658732,7.694247895391735,3.7743150489663657,8,2,5,5,17, SINGLE ,ALONE,10,2,5,8,,5,2.890901285502622,No ,, No, yes,
2024-01-17 05:00:00,19,MALE ,, Management ,6.1 - 7.0,56.151186410301236,10.586397343409637,3,2,5.6993947048072435,10.145650212950816,4.865510467427131,,,8,10,1,single,hostel,6,8,,8,7,4,3.7407042356403175,Yes ,0.2827399824237098, yes,no,no
2024-01-17 06:00:00,28,OTHER ,YEAR 2, COMMERCE,,76.41672477029223,8.263222515793332,,11,6.3429078187296595,9.224826777788659,4.148559849298866,6,,2,3,4,SINGLE,Hostel,8,8,8,6,2,,2.372456628753299,yes ,0.3420865679206688,no,yes,NO 
2024-01-17 07:00:00,25,female, Year 4,SCIENCE,4.1 - 5.0,47.38527120419623,3.3373349690922773,2,5,9.856417167540812,8.211900768991597,3.570295649107618,7,4,4,8,5, IN RELATIONSHIP , ALONE,3,5,6,7,10,5,9.060913698609156,no ,7.04976457101143, YES,YES , YES
2024-01-17 08:00:00,21, FEMALE,, Law,5.1 - 6.0,68.29568033660763,5.3620950535835625,7,2,8.341085331208872,2.8931886873706274,1.4441906258223627,,4,,7,,In Relationship,HOSTEL,2,10,9,1,9,16,8.860221935918087,NO,0.40864387719677087,NO, YES , No
2024-01-17 09:00:00,24,male ,YEAR 4 ,management,7.1 - 8.0,77.64022662551919,5.1475917082411655,2,7,7.035771959862806,4.150025845291056,3.1792038970650776,,6,7,5,1,In Relationship ,PG ,9,,4,8,4,2,6.048007488560048,NO,4.391306962536751, yes , YES,no
2024-01-17 10:00:00,, male,YEAR 2,science ,4.1 - 5.0,90.92421955559044,11.512022019407024,,3,,1.002728260793253,2.256365606674751,7,4,8,1,,Single, hostel,8,5,10,7,5,,0.16080303485312086, Yes,7.429174801518047,Yes ,Yes,NO
2024-01-17 11:00:00,17,other,year 2 ,law ,3.0 - 3.5,53.79217547213526,2.103730926175676,0,8,2.216554825095721,2.119732473573298,,5,5,4,7,5,Single, PG,10,4,1,5,2,,9.465767186313263,Yes,1.6438045622099953, no ,No ,Yes
2024-01-17 12:00:00,,MALE,year 1,engineering,5.1-6.0,89.04077940296736,1.0749160475331485,4,4,2.932220885750014,9.430032682317224,4.745266362503874,3,6,9,1,9,single , PG ,5,9,10,5,3,1,4.674122521788381,yes ,3.541543168693642,yes,yes,Yes
2024-01-17 13:00:00,19,other , year 1 ,engineering,2.0 - 2.9,54.09437566787432,10.567425985940282,5,5,7.84693800431507,10.847732575879414,4.870813896779285,2,4,7,,7,in relationship , HOSTEL,5,8,,2,5,,4.889412798106026, Yes,5.18105719303895,no, Yes,no
2024-01-17 14:00:00,28,female, Year 4,arts,7.1 - 8.0,80.60599247437844,,6,3,4.953631425935383,3.6438550474096036,1.9092918263416694,7,0,2,9,5, In Relationship,pg,6,,,1,1,8,,,,,,No 
2024-01-17 15:00:00,17,, Year 4,COMMERCE ,7.1 - 8.0,65.8404142889473,10.460869054945977,1,5,4.675499486741159,9.743836644950946,0.6758291729277248,8,5,,11,9,IN RELATIONSHIP,Hostel,6,2,4,9,1,4,6.137068397809177, YES,2.909031724771162, Yes,,YES
2024-01-17 16:00:00,20,Other,year 3 ,Engineering ,3.0-3.5,46.88087454272021,6.131722987506676,1,9,9.111826868726794,3.1873364216877915,5.955501512273307,8,3,7,7,5, Single,,2,2,9,10,1,7,1.2140425630446006,No,6.30105514346384,YES,,yes 
2024-01-17 17:00:00,29, male ,Year 4 ,law,7.1-8.0,82.85580776931093,7.916933139233525,8,2,,,,3,2,5,13,10,In Relationship, Alone,7,2,6,3,,10,1.0536096484091928, Yes,3.275451164414503,,NO,no
2024-01-17 18:00:00,21,female,year 1 ,SCIENCE,8.1-9.0,53.06575711294107,6.7603565707318065,9,20,9.196616459304877,3.4657390383142297,3.5368107970959706,2,0,3,17,9,Single ,ALONE,3,10,6,5,10,,2.521362516703447, Yes,3.0887408184286125,NO, NO,YES
2024-01-17 19:00:00,23,male,Year 1, Management ,,50.59740556147549,0.833373912652811,0,10,9.093108083217597,1.5690289995408842,1.0367637504363403,,5,9,7,5, single,HOME,8,8,6,8,4,6,,NO ,0.17273575010671394,NO , YES,
2024-01-17 20:00:00,17,,YEAR 1,Science,4.1 - 5.0,61.49937571536299,7.150018762808669,1,8,2.6414503337164357,3.1346739491018125,3.317310007575058,6,,,5,1,Single,Home,9,6,1,7,4,10,8.329794316251633, Yes,6.916546624008773,Yes, Yes ,yes
2024-01-17 21:00:00,19, other , YEAR 2 ,Arts ,5.1 - 6.0,79.19741468556902,0.1633697670732106,1,3,9.562903827468286,10.851682035764414,6.545403332964395,10,1,3,8,7,SINGLE,Hostel,3,1,,,3,7,0.39456196097414464, YES,7.995169001193996,, yes,YES
2024-01-17 22:00:00,18, other,YEAR 2,Science ,6.1-7.0,54.03978872743767,3.899848914685034,9,4,2.6156390688604594,5.460166869271191,4.651485035716435,3,2,5,2,5,Single ,pg ,6,10,,10,2,9,9.459791231445042,YES,5.946259889923441,YES,No,no
2024-01-17 23:00:00,25,other,year 4 ,engineering,3.0 - 3.5,51.019692326913145,,6,10,,4.404130552824787,0.7278041018873154,5,3,3,6,5, In Relationship,HOSTEL,8,4,,10,4,2,2.075214358306261,YES ,7.767894477545258, No,yes,YES 
2024-01-18 00:00:00,26,Female ,, science,4.1 - 5.0,40.59721754280186,3.648543235629691,5,2,5.620919340795123,6.6619781420825355,2.6582010650188757,1,3,3,4,6,in relationship ,,6,3,,10,2,10,8.576346476790055,NO ,3.9640017456995613, YES,No,yes
2024-01-18 01:00:00,,MALE ,year 3 ,Engineering,1.0 - 1.9,68.29858582610342,11.277919711730974,8,10,8.086885406036611,11.671682852738924,14.910646395450668,2,6,7,7,6, SINGLE, HOME,,10,1,4,7,8,2.3724322224909846, no,4.652953450597517, no ,No, Yes
2024-01-18 02:00:00,26,,YEAR 3, ENGINEERING,9.1 - 10.0,,3.001607485790931,6,9,7.649154937518827,11.67401110791494,,9,6,9,6,, in relationship,HOSTEL,3,7,,10,10,,,YES,7.077042352828137, NO,NO ,NO
2024-01-18 03:00:00,19,male, YEAR 2 ,commerce ,4.1 - 5.0,54.03206461824258,3.7747468855383897,2,,6.147959794596228,9.880854997643914,2.2911686367672193,,1,5,6,8,SINGLE ,PG,4,10,1,4,,4,3.421171909118966,NO,4.1917599155972045,NO ,No,NO 
2024-01-18 04:00:00,24,FEMALE,, Arts,,98.3152966876982,7.540889957262642,2,9,6.955638550685146,11.24075080537214,7.307557969615364,10,2,11,5,, single , PG,9,5,4,10,6,8,, Yes,0.5718405126441635,Yes,Yes, yes
2024-01-18 05:00:00,24,female ,Year 1,law ,1.0 - 1.9,65.75535247575021,9.139523673471537,,7,9.599345451993557,7.131696408339735,4.8564460576219135,3,4,4,5,10,In Relationship, Hostel,1,1,9,6,2,10,7.304262136095864,yes ,5.907261680471088, No,no ,YES
2024-01-18 06:00:00,18,female,year 2,,6.1-7.0,87.29230666429788,6.016653216058609,7,6,9.418811925305922,8.461735915934383,5.839258675993188,8,2,,2,3, single ,HOME,4,6,,10,,,8.078683780933135,yes,1.1120317080188675,Yes, no,NO
2024-01-18 07:00:00,22,,YEAR 3 ,Management,1.0-1.9,82.91692787963062,10.585388246329865,0,3,7.234608402072695,2.833440126113138,1.177764045744957,21,,8,7,6,in relationship, Home ,10,,2,4,10,9,2.98739955639006,NO,,yes,YES,No
2024-01-18 08:00:00,23,Female,year 3,ARTS,,91.64769339161022,0.482885059327431,1,7,7.261749431476201,9.28064332960846,1.2519449127915205,8,3,10,7,1,single,hostel,1,10,10,7,8,2,,yes,6.755660932693124, No,No , yes
2024-01-18 09:00:00,18, male ,year 4 ,Law ,9.1-10.0,40.57496126278934,11.066338063612447,6,3,3.9755095471347044,3.5956822228180068,4.490512162630844,15,7,7,8,5,in relationship,PG,8,18,3,,2,,4.574906953688272,no ,2.2211788585846515,No,no,
2024-01-18 10:00:00,27,Female,year 4 , Management,2.0 - 2.9,97.9851590082759,2.3556935987448964,0,6,8.62898795774499,2.6041622050759385,1.9185865486002731,8,1,3,10,5, SINGLE,Home,7,7,4,7,,10,11.124440548696791,Yes,,No,,
2024-01-18 11:00:00,26,FEMALE ,YEAR 3 ,,9.1 - 10.0,60.4847351576469,10.61086494101587,3,8,7.060826664016615,1.4604528361307756,0.3946566922267811,2,2,2,9,10,SINGLE,HOME,7,9,2,3,9,6,6.452940576469902, No,, NO,Yes ,Yes
2024-01-18 12:00:00,18,male,year 2 ,arts ,4.1 - 5.0,99.42386776551788,4.810358153836566,8,5,8.609990335987444,6.194532745621619,7.411723519805339,2,,7,,9,In Relationship ,home,2,1,2,8,3,,9.298720247154364,NO,7.745359112909556,Yes,,no
2024-01-18 13:00:00,26, Female,YEAR 3,,5.1 - 6.0,55.15716763610648,9.993084670452452,7,3,7.262819282303813,4.1546818559228536,0.4479163889166662,4,0,6,3,2, Single,Alone,10,6,6,5,4,12,3.279961572676907,YES,0.8388265973699989, No,yes ,
2024-01-18 14:00:00,17,, year 4 ,Arts,8.1 - 9.0,,8.059986597644341,7,6,4.39456020825292,11.853998898998075,5.739503093565322,8,6,1,3,7,Single,Hostel,6,8,10,9,8,7,1.1004355170632496, YES ,2.3575992645386705,YES ,NO,Yes
2024-01-18 15:00:00,24, Male,year 3,arts,6.1 - 7.0,61.23566059451822,2.1112995897391453,2,8,3.515851221846506,3.748177322173943,,2,1,3,2,9,in relationship,home,8,4,5,4,2,9,7.882787882538066, no ,6.329451013167865,No,YES ,NO
2024-01-18 16:00:00,17,OTHER , year 2, SCIENCE,5.1 - 6.0,61.34564289965816,11.016570838577382,4,10,2.6157267537852436,10.531976083505194,7.468039720882477,4,4,4,10,8,In Relationship,home ,8,10,,5,2,1,8.127940878223523,no,5.387567968675609, No,No ,YES
2024-01-18 17:00:00,25,Other,YEAR 1,,4.1 - 5.0,90.53692592489296,2.946208685861516,3,3,6.687959458081015,4.4808264604446055,,8,,10,,1,In Relationship,,5,9,9,,1,3,0.26110679436413875, no ,10.992592979246536,no, NO,yes 
2024-01-18 18:00:00,27,OTHER,YEAR 2, ARTS ,5.1 - 6.0,84.78513638424033,2.929681424339989,7,,4.27241086006988,9.240395375436536,2.6834452106485296,3,2,7,10,1, SINGLE,alone,8,4,7,14,2,2,1.2613070499019685, No,6.9794500914246935,No,Yes,Yes
2024-01-18 19:00:00,22,Other ,year 2 ,Management ,3.6 - 4.0,99.52908611380289,9.770146759648567,6,9,7.044076116726514,8.258254410766757,4.728854556827696,8,5,3,2,2, SINGLE,PG,2,16,9,4,9,5,8.322027881526367,,2.1779745400075887, YES ,Yes,NO
2024-01-18 20:00:00,23,,year 4, Commerce,1.0 - 1.9,76.81088096305075,3.11566125038776,6,10,2.4692515590701722,7.179619101278505,6.183878036567614,2,2,4,7,1,,pg ,4,9,1,9,5,10,6.0060547907835655,no,7.778999644391261,,, NO 
2024-01-18 21:00:00,29, Other, YEAR 2, ENGINEERING,8.1 - 9.0,67.79539626367016,2.664430876445524,9,10,5.005304520045017,5.585074377995115,0.9872747998662827,1,,16,3,8,single,Hostel,10,4,2,8,4,16,4.528275363037453, NO,6.075843349930985,Yes ,No,NO
2024-01-18 22:00:00,26,MALE,,Science ,4.1 - 5.0,45.40443177681347,6.044130881052748,9,,4.084425722958205,8.382155141290523,5.675698430983328,6,2,4,1,7,in relationship,home,2,9,5,2,2,5,8.267046975547732, YES,7.582681606248303,No,NO,
2024-01-18 23:00:00,23, Female, Year 4,,7.1 - 8.0,99.79368517083141,9.965724344239492,6,,4.9626726240089045,5.480061852385444,7.249579875325286,8,5,9,8,6, In Relationship, home,5,1,,6,2,8,2.4600469910458536, no,0.8714262428727029,YES , YES,Yes
2024-01-19 00:00:00,, OTHER ,YEAR 4,science ,,73.09183917593697,1.7698076968472098,0,8,,7.029102577600518,2.3570969973883056,22,4,6,8,2, SINGLE,PG,3,8,7,4,6,3,3.248783264249513,No,,Yes, No,
2024-01-19 01:00:00,19,Male,YEAR 1, Arts,7.1 - 8.0,82.0286481814085,6.572018814148157,6,7,7.793451350667572,7.487819105195658,6.7096807306268,10,2,2,10,9,Single,PG,6,2,18,5,7,10,7.735190803506654,no,6.531176452992932, No , YES,NO
2024-01-19 02:00:00,18, Female,YEAR 3,commerce,1.0 - 1.9,,,3,9,2.933578665143786,3.940907420408364,0.9248277813674957,8,2,1,1,1,Single,hostel,7,8,,10,4,1,5.910327063478308,YES,0.7138832354924745, YES,,yes
2024-01-19 03:00:00,25,,year 2,management,8.1 - 9.0,72.86294249075415,10.327142696591416,2,4,,4.737101250359288,4.546413572338156,2,6,,6,1, IN RELATIONSHIP ,alone,6,5,9,9,7,4,2.084186590739713,,3.8833403180848007,Yes,yes ,no
2024-01-19 04:00:00,,Other,,management,1.0 - 1.9,96.55466391357322,11.226786722426635,4,3,9.570312811114668,,2.7149093542383893,1,3,3,4,2,single,Hostel,2,1,3,4,,3,8.93981735279897,YES ,6.381507167447565, YES,NO ,no
2024-01-19 05:00:00,,FEMALE,Year 1 , law,3.0 - 3.5,49.98516627589616,9.41567897362719,1,10,3.543011058920399,10.373748927342627,,7,,,5,7,single,hostel ,2,,5,5,8,8,9.94344488081936, NO,0.3951948927284219,YES, No,no
2024-01-19 06:00:00,,male, YEAR 3 ,Engineering ,7.1 - 8.0,57.54235505981528,7.833940778664022,7,5,8.624490387563686,9.315814587306981,2.4050574768357356,7,,4,8,10,,HOSTEL ,4,6,6,7,3,8,1.445522294850069, YES,5.740479061714281, yes,YES,No
2024-01-19 07:00:00,26, FEMALE, Year 4, Engineering,1.0 - 1.9,49.12358366668194,5.20344102375319,8,1,9.715764798056995,3.018834986332146,2.08431497290774,3,0,3,8,1,, Alone,7,1,10,,7,8,2.9651815755716795, Yes ,7.747453124988022, NO, Yes ,yes
2024-01-19 08:00:00,,male,,science,1.0 - 1.9,87.53295422828648,,4,5,6.272969596550095,4.9825329500941455,5.945113519261892,6,0,9,7,3,,Hostel,8,2,7,6,7,3,7.494628145544997,NO,,No, no ,
2024-01-19 09:00:00,25, FEMALE,YEAR 3,Engineering,5.1 - 6.0,43.722715625309775,8.516846310306255,2,3,6.208945280380371,5.631764313099313,,7,6,6,5,10,SINGLE,HOSTEL,15,3,19,3,3,8,1.2345892043097506,yes,7.343445433095433, no,YES,NO 
2024-01-19 10:00:00,20,OTHER, year 2,,4.1 - 5.0,44.8978989910803,11.912847653705843,9,1,4.939337959867277,4.678165612000969,3.2673043533622854,9,,6,6,8,IN RELATIONSHIP,hostel,10,2,4,,5,6,4.645689312943494,No,3.3534611167790773,No ,yes,Yes
2024-01-19 11:00:00,29,MALE ,YEAR 2,MANAGEMENT ,5.1 - 6.0,57.90964676724212,8.841127136785198,,17,5.404758918203159,9.780670872666986,2.1964566345346217,1,1,,8,7,Single,,1,9,1,9,2,8,2.1842912292338577,Yes ,0.19371116198477623,no, yes ,
2024-01-19 12:00:00,20,female,year 4,Commerce ,3.0-3.5,70.85129085526067,0.20053312485271535,0,5,5.856603175626721,8.979627767270337,1.9090806729453735,3,1,3,5,8,Single,alone,9,10,8,6,9,20,6.64386785202633,No ,2.785020566106951, yes ,NO ,No
2024-01-19 13:00:00,17, FEMALE , year 3 ,commerce ,9.1 - 10.0,64.37648803357519,5.9551197365020645,9,5,3.2167552297650337,,5.016768888165766,5,3,6,3,6, IN RELATIONSHIP ,Home ,,6,10,3,5,,3.5978967340605017, yes,2.4323284030738277,yes, yes,
2024-01-19 14:00:00,24, FEMALE,year 4 ,MANAGEMENT,9.1 - 10.0,82.96157606831514,7.375759589794846,2,10,4.917893791522873,10.945430560277886,0.3634289300641802,,5,4,9,8,SINGLE,,1,9,1,1,4,1,8.481632553821655, Yes,,yes ,No, NO
2024-01-19 15:00:00,28,male, year 4,arts,5.1 - 6.0,97.44949347225709,8.276090413234117,8,,8.528867540875563,7.546663814904172,6.311189896029669,8,5,2,9,,Single ,PG,9,5,1,6,10,4,4.582693872136013,yes,6.6294444491458675, YES,no, NO
2024-01-19 16:00:00,19,male , YEAR 3, Management,2.0 - 2.9,97.17217122148503,,1,1,3.4591849566517796,7.7598776193085985,,10,2,3,10,9,SINGLE,HOSTEL,,4,9,,11,1,5.365147537480332,No,3.618874615983608, Yes,YES,YES
2024-01-19 17:00:00,,MALE,year 4 ,Commerce,7.1 - 8.0,56.76137939444559,6.697301294598288,8,7,7.838825975632923,8.94127531611956,6.627499168858714,6,7,4,,10,IN RELATIONSHIP, Home,8,2,10,1,,,8.889962583351837,yes,2.464918857121745,No,YES,YES 
2024-01-19 18:00:00,28,OTHER ,YEAR 3,science,5.1 - 6.0,83.89153691611489,2.6803239928108833,0,5,7.212692802145526,8.49355854115745,,2,7,1,19,1,, hostel,10,4,15,5,7,9,7.685756311269442, NO,2.480866730623843,, No,Yes
2024-01-19 19:00:00,18,other,year 3,Law,,74.71452468299343,11.30640793771856,3,3,2.458382202261273,10.567943202388578,9.327893906881146,,3,7,4,7,,Hostel,10,8,3,1,3,,8.088435715719168,YES,7.936864587762645, YES,Yes,
2024-01-19 20:00:00,18,Male,year 3 , MANAGEMENT ,3.6 - 4.0,54.248601700337446,8.359997611963943,9,4,2.1794309475014435,,,10,,5,6,6,Single,hostel ,2,2,9,,10,2,0.12495403773598257, no,4.950545597466789,,,yes
2024-01-19 21:00:00,23,FEMALE, year 3,Arts,6.1 - 7.0,55.73029310449692,2.8420804424329136,5,3,4.820227700626792,2.3250447812668935,0.6144318173256238,5,0,9,7,8,In Relationship,Home,7,8,,3,1,4,, NO,0.3327575240459284,,NO , NO
2024-01-19 22:00:00,22, OTHER ,YEAR 1 , Science,3.0 - 3.5,69.46919045862703,3.8678619872432747,6,8,,23.622872428782703,6.019811137698654,9,,6,8,2,IN RELATIONSHIP,,20,2,10,6,10,4,,YES,7.10335943515523,Yes ,yes,NO 
2024-01-19 23:00:00,19,, YEAR 3,MANAGEMENT,3.0 - 3.5,,11.063132047564437,,4,4.6433434188852925,8.514092193313227,6.097497883195587,10,4,8,,1, single,Alone ,7,1,1,4,,10,8.836938608857082,yes ,5.8134749464492685,No,yes ,No
2024-01-20 00:00:00,25, female, YEAR 2,Science,5.1 - 6.0,87.77170165353398,10.64982224048803,8,3,7.341866404803951,2.398605184089891,,9,7,9,5,1, in relationship, PG,23,4,7,8,8,5,0.3826447012502254, no,1.6938031829583355, No,No ,yes
2024-01-20 01:00:00,,,year 2,management,8.1 - 9.0,88.45069577830893,8.874300814192846,3,2,7.3236651442238525,,7.328368151664938,,7,,6,2, in relationship ,HOSTEL,4,,5,3,8,5,8.447402891262373,no,, no,,No
2024-01-20 02:00:00,29,FEMALE,YEAR 2,Science,1.0-1.9,68.8877750582431,0.45968666389741175,4,3,8.45243698099415,,6.111758374133799,3,1,7,7,5,IN RELATIONSHIP,PG,5,2,4,8,3,8,1.3549871825084236,no,,Yes ,NO, Yes 
2024-01-20 03:00:00,22, FEMALE ,, ENGINEERING ,4.1 - 5.0,79.29088374334768,,,7,2.795884917630758,9.865757032401534,2.454058952987115,,6,6,5,7,single,pg,7,3,5,7,10,,5.918472608147058,Yes ,1.6636133687014754,No,No,NO
2024-01-20 04:00:00,26,female ,year 2,SCIENCE ,1.0 - 1.9,51.35641001007253,3.4070194910206686,2,16,6.6170311294997095,11.509465372892386,1.9128715392432696,5,2,6,5,9,in relationship, pg,1,6,12,2,3,7,7.265308569465454, NO,5.614635490875035, Yes,yes, No
2024-01-20 05:00:00,26,female, year 1,ENGINEERING ,,72.01045975098921,7.549466632067993,7,21,2.499976956586516,3.807662397198227,3.520716445710634,4,6,2,4,4,In Relationship,Alone ,2,2,10,8,2,1,1.9754709781784097,no,2.937155506798502, no , Yes, NO 
2024-01-20 06:00:00,22,other,YEAR 4 , Commerce,3.0 - 3.5,59.07856296679729,7.010335624014742,0,5,3.4075771221867024,10.431521506934002,,2,1,5,1,9, Single ,PG,2,9,7,1,8,1,1.666920150322737, NO,,yes,NO,NO 
2024-01-20 07:00:00,17,Other , YEAR 3,,3.0-3.5,71.58481662369269,,7,8,11.372356972325218,9.509175071583325,1.736184431316059,4,0,6,7,3, In Relationship,alone,10,6,2,9,9,3,6.822876967739255, NO,9.091583503321303, no, YES ,YES
2024-01-20 08:00:00,20,other, year 2,Science,3.6-4.0,86.8495500046557,8.60739566318528,9,1,7.6591139234357275,8.383033902205138,3.1928060578019144,5,2,,7,,single,HOME ,9,6,9,7,4,1,1.6722117805937764, no,5.3524017632019385,NO,no,Yes
2024-01-20 09:00:00,26,MALE,Year 1,law,3.0 - 3.5,86.1347926054757,0.22838704311286095,7,3,9.79102380003265,5.23412599017005,0.2056337826107919,2,0,10,6,9,in relationship, pg ,3,8,18,6,4,1,5.130356454149851, Yes,,, NO,
2024-01-20 10:00:00,22,,,Law,5.1-6.0,61.25324068205656,1.2610271420693144,5,2,4.740166515087285,2.208483049889059,3.2112885654510546,10,1,4,10,1,,hostel,9,1,5,8,5,3,2.6252041604369394, Yes,4.023337015059781,YES, Yes,yes 
2024-01-20 11:00:00,22,Female,YEAR 1 , Commerce,3.6 - 4.0,81.65662702477835,4.313801421926552,,2,6.169155883221474,6.322865107119196,1.7733010257384132,1,1,6,2,, SINGLE,,,10,3,9,3,9,0.316632293039647, yes,1.6887996972941428,Yes,YES,
2024-01-20 12:00:00,27,other , year 2,SCIENCE,7.1 - 8.0,96.47739702365662,,8,,4.072444763379483,2.162332927552396,4.268624215231598,7,0,6,2,5,,,3,3,10,8,5,5,0.6710926968628073,no,2.71603867159215, NO,YES,
2024-01-20 13:00:00,28,female ,Year 1,engineering,1.0 - 1.9,77.54015979549439,0.9038405105346499,5,,7.403916964876918,6.5016194956615765,0.660426289857651,,2,8,6,19,in relationship,alone,,2,2,6,4,15,1.314107921103671,Yes ,3.037609535316368,yes,yes , YES
2024-01-20 14:00:00,21, male,Year 4,Law,7.1-8.0,48.90460740295823,7.691572751967983,0,5,4.932686943603572,10.023225978531267,4.711453469084974,8,0,8,9,8,IN RELATIONSHIP, pg ,,1,8,4,8,7,,yes ,5.499362034315934,yes, No,NO
2024-01-20 15:00:00,,FEMALE ,YEAR 2 ,,1.0 - 1.9,80.7825177567457,,5,3,5.85276938750622,11.974019478410595,3.7760738205810886,10,,10,,2,single, Alone ,2,6,9,9,5,2,2.1143042164983825,YES,5.006704899230723,no,yes,Yes
2024-01-20 16:00:00,24,, Year 4 ,arts,,46.29426318095868,9.03151988921139,0,9,6.54250300680503,4.876202432236825,6.005019023118232,6,3,1,7,6,,pg,1,,3,8,7,6,8.494930941116827, yes,3.960186267300336,No,YES, NO
2024-01-20 17:00:00,21,Female,Year 1,Science,6.1 - 7.0,92.32662452758163,9.80447734331015,5,6,7.489938639258213,3.2864384658172465,,1,3,2,2,7,SINGLE,Hostel ,6,6,8,8,4,10,0.27208340681100895,no,3.7869626410844894,Yes, yes,NO
2024-01-20 18:00:00,28, MALE,year 3 ,,1.0 - 1.9,70.99962974811642,7.990278528694526,2,10,2.480413290318026,9.919716651109761,,8,2,1,6,12, Single,HOSTEL ,5,8,6,3,2,1,6.594860587640165, No,0.4812655809768964,no,,YES
2024-01-20 19:00:00,28,OTHER,YEAR 3,MANAGEMENT,8.1-9.0,63.10844417869477,8.824143861770427,,,,6.159644955269309,,2,0,10,6,4,,HOME ,5,7,9,10,8,17,, Yes ,5.517211358195554, no,Yes,
2024-01-20 20:00:00,28,,,science,7.1 - 8.0,43.42039567898154,5.24925462652969,5,10,5.449312782515488,11.0738505563507,5.459633024359233,3,6,,10,,Single, alone,9,3,10,9,,6,8.903666189780994,,6.433021174917857,yes ,yes,No
2024-01-20 21:00:00,,Male,YEAR 3 ,arts,1.0 - 1.9,62.847024075526576,11.916096435409973,0,6,3.070120691837337,,1.8984960728116071,8,6,8,6,4,single ,HOSTEL ,6,3,4,7,9,10,0.8866272866838514,,7.1084859961775795,,yes, No
2024-01-20 22:00:00,23,Female ,YEAR 4, LAW,2.0-2.9,94.19240007494736,2.1979878539266453,8,2,3.6642933466508936,14.953395138442142,0.24118012413121814,4,2,12,6,9,In Relationship , alone ,9,6,,13,6,4,1.4302860848178178,Yes,0.16346450038722438,no, YES, Yes 
2024-01-20 23:00:00,,Other,year 3, ARTS,2.0 - 2.9,41.25897977717819,2.57392649267259,7,10,9.0711207288011,2.121490795201225,0.8784529915837238,5,,,4,1,SINGLE ,,4,1,7,,8,7,2.7768025480204193,NO,6.998499513573162, yes,no, YES
2024-01-21 00:00:00,22,male,year 4 ,commerce,2.0 - 2.9,151.34547400398392,3.4670619817901622,1,10,8.974208072801893,1.3946312169149908,3.4690154196678415,9,1,7,5,9,in relationship,Home,,3,,2,9,3,1.0060257171711628,NO,7.008202165391708, Yes,yes,YES 
2024-01-21 01:00:00,29,OTHER,year 2, engineering,5.1-6.0,95.86948546663734,,1,8,,4.484391016258476,3.446277216981551,7,7,8,4,4,IN RELATIONSHIP,PG,4,8,3,1,9,3,9.115219778877812,NO ,5.30489521765738, Yes, yes ,No 
2024-01-21 02:00:00,20,male , YEAR 3, ENGINEERING,,63.69045998590126,11.859463072246873,,6,7.515211929890018,3.3902819693384894,7.77843752501513,10,6,6,,3,in relationship ,PG,1,,,1,9,10,1.3237564090357512, No,2.228332236335354,YES,YES,no 
2024-01-21 03:00:00,19,female, YEAR 4, management,7.1 - 8.0,65.69054124772902,9.53872499647797,9,3,6.433498505098833,8.835397745213644,3.7276002711821397,7,0,8,9,5, in relationship,Alone,4,,7,4,7,8,0.8299514802340702,YES,7.139856383554647,, NO ,NO
2024-01-21 04:00:00,23,OTHER, YEAR 3 ,,1.0 - 1.9,74.7136033119472,7.548691182715604,,10,,5.958070965826554,5.4245416597479466,1,5,2,5,3,SINGLE,,2,10,9,7,3,2,0.5983477857196251,yes,2.7800477933592225,,no,NO
2024-01-21 05:00:00,24, Male,year 3,Arts ,9.1 - 10.0,67.77624001463101,6.24075090221536,0,9,9.264045688179326,6.754610120918109,3.9376080137067513,1,2,7,5,1,IN RELATIONSHIP,Home,,9,10,6,8,1,,no,4.648289882612232,YES ,YES , NO
2024-01-21 06:00:00,20,OTHER ,YEAR 3,management ,3.6 - 4.0,50.11610147425314,11.647450148242148,1,2,6.636495302818896,,2.159347991302613,8,1,5,3,8,in relationship,Home ,2,2,9,7,,5,6.498760475711762,YES,,NO ,YES, Yes 
2024-01-21 07:00:00,29, OTHER ,, SCIENCE,9.1-10.0,41.113332344191626,8.34747363429897,4,7,3.111639370548029,6.263551499422803,0.8436085209168009,10,4,6,7,,Single ,,2,7,7,22,9,7,7.569054180502388,no,7.087576536000839, no,yes, No
2024-01-21 08:00:00,18,other, YEAR 1,management,4.1 - 5.0,76.5886994787221,11.336761539912363,9,3,5.678520189354401,6.9941895288593905,6.872592128719175,1,1,7,5,6,Single,hostel,4,8,3,8,5,4,7.0494290960109645,Yes ,2.064513249714504,No,yes,yes 
2024-01-21 09:00:00,28,other,YEAR 3, SCIENCE,8.1 - 9.0,95.24839522046872,3.7986095937314865,6,6,,10.265522930488242,1.2213015554818014,10,5,9,2,2,,,7,,3,3,4,,9.679251301499328,no,2.649180981508164, No,No, Yes
2024-01-21 10:00:00,26, Male,YEAR 3 ,science,4.1 - 5.0,46.38184798162994,4.005297507234788,4,5,9.61389308071897,5.744693902382641,0.7751489273829257,2,2,7,9,6,single, Hostel,3,7,5,19,2,1,7.6847472164364525,yes,3.2632505156937457,Yes, NO,yes
2024-01-21 11:00:00,19,Female, year 2,commerce,3.0 - 3.5,52.65716315516521,10.256695129421228,0,6,4.910635246020661,1.914393787049589,1.7106288882323248,4,0,1,,6, In Relationship, Alone,,10,9,6,7,5,, YES,,yes, yes,yes 
2024-01-21 12:00:00,17,, year 1,Commerce ,3.6 - 4.0,62.21376914949841,1.7982590470235325,6,8,8.277371807628416,6.738757305522808,0.019909113879522877,9,0,,7,6,Single, home,9,4,1,8,6,2,2.8978395535112944,,2.5455295370158426,No ,YES,yes
2024-01-21 13:00:00,24,MALE, YEAR 4,SCIENCE,9.1 - 10.0,88.52453374126719,11.35113433555291,5,3,7.46672602625379,,0.5757211985999433,7,3,18,7,10, single, Alone ,3,2,1,,6,3,2.9199324461253995,,2.309088680083894,YES ,yes,NO 
2024-01-21 14:00:00,19,male,,LAW ,6.1 - 7.0,56.15561898825865,6.08969225596089,,2,2.626342217138097,6.629764847442923,5.081574147472838,7,,,10,9, In Relationship,PG,4,4,9,9,10,,7.109399894530024, No,,NO ,yes,NO
2024-01-21 15:00:00,28, Female, YEAR 3,commerce,1.0 - 1.9,92.9232642567261,11.116966543004374,1,8,6.463814802290304,3.8385446893992916,1.948380854863161,10,,7,14,4,,,1,8,7,5,8,2,1.8637557101961821, no,3.1014150403856444,yes,NO, Yes
2024-01-21 16:00:00,,other,year 2,Commerce,5.1 - 6.0,43.297472479003986,4.041513464709757,4,1,,3.460590750773408,2.708096765135368,7,1,4,4,2,IN RELATIONSHIP,HOSTEL,7,2,,2,1,8,3.9313963279149844,yes,5.319292128873364, YES,YES,
2024-01-21 17:00:00,23,Other,year 2 ,Engineering ,7.1 - 8.0,96.4573972755361,8.591506849672765,7,2,7.468394337422116,5.067320091250257,6.682398038797543,5,1,3,7,8,single,,1,6,1,4,1,4,1.1007005045871032,no,7.0047266097883245,NO,,Yes
2024-01-21 18:00:00,26, Other,year 3, Management ,1.0 - 1.9,73.6448246724259,5.794501463672276,,10,6.880678775525114,2.828516123540478,6.18319666351105,1,5,6,3,6,single,PG ,3,10,6,7,4,10,2.9713956846361658,No,1.8045068511784335,Yes, YES, No
2024-01-21 19:00:00,21,Female , YEAR 1 ,,7.1 - 8.0,189.6575420152232,7.521643562945677,5,1,9.784384733070665,8.326260472012184,3.9379848082989026,5,2,8,9,10, In Relationship,PG,9,,,1,8,7,1.75151603057082,,3.714731040756641,no , YES,NO
2024-01-21 20:00:00,26, Other ,year 1 , LAW ,6.1 - 7.0,62.06137135218118,6.052469917669827,5,5,9.483061320998477,7.7614239140760874,4.903813266083419,8,1,3,8,, single , Home ,5,3,6,1,5,5,9.196269843052109,Yes,3.8956784935501974,yes ,NO,
2024-01-21 21:00:00,21,Female,year 2, commerce,1.0 - 1.9,86.91965713066361,11.605387408456338,0,8,2.0749826687910495,7.95635177246662,0.6864902275217704,7,6,5,10,6,SINGLE,HOME,10,6,5,9,9,7,4.612477014277805,,4.546241819190325, No,No , Yes
2024-01-21 22:00:00,23, OTHER,YEAR 3,commerce,8.1 - 9.0,49.993975005064364,8.305264773767007,0,14,,3.472772424539354,6.092757611850863,7,4,10,19,2,Single , HOME,10,3,11,3,3,21,8.22603431980627,No ,7.347776378531855,Yes ,Yes , Yes
2024-01-21 23:00:00,, OTHER,YEAR 4,ARTS,3.0 - 3.5,42.93470951670922,3.015827623515785,6,4,8.15307449143649,3.7118191562427247,4.1295317335620165,2,5,1,,4,, HOME ,2,2,9,1,6,10,5.88453192170248,yes,7.844825241095598,yes ,yes,YES 
2024-01-22 00:00:00,28,MALE,,law,2.0 - 2.9,128.34819463903992,,2,4,18.583311773610948,9.661292850306252,4.567592815541019,1,3,10,4,2, SINGLE,Hostel ,,2,9,7,6,2,5.985359303245936,Yes ,6.409071100938563, Yes,yes ,NO
2024-01-22 01:00:00,,Female,YEAR 4,Management ,6.1 - 7.0,91.22174283886237,3.5283568578612523,5,7,8.407564788135131,,5.324215723490728,,0,10,1,4, single,alone ,15,3,1,18,4,13,0.03205126628564536,YES,0.23937083512047597,,YES, NO
2024-01-22 02:00:00,17,male,year 2 , Management,3.0 - 3.5,85.29561019826167,4.459261191610276,4,1,4.134519381346589,19.891596005177657,4.00140239282171,,,8,8,7, In Relationship,HOSTEL ,9,2,4,2,2,20,0.12756382771289987, no,0.9363428549989132, NO, no,No
2024-01-22 03:00:00,26,Male,year 2,MANAGEMENT,1.0 - 1.9,,1.2254843762425605,2,16,,5.438562895544749,4.17354104152206,1,1,7,,,Single,HOME,14,6,1,8,6,8,4.915870528217021, No,0.9413245818049667,No, NO ,NO 
2024-01-22 04:00:00,26, Male,YEAR 3,Law ,9.1 - 10.0,74.32826482992121,10.799598237554289,5,3,5.539355775905087,7.0206061530752795,3.9970846945830214,2,4,8,4,3,In Relationship ,ALONE,6,4,10,3,10,9,0.5908054034625099,no,4.252894637619039, Yes, No,yes
2024-01-22 05:00:00,17, Female, YEAR 3,ARTS,3.0 - 3.5,47.793569577925325,3.433344278734356,2,18,4.095267877395534,9.126554765234548,3.974539825148563,7,2,2,7,1,in relationship ,pg,7,1,4,,3,5,2.7720609717496805,yes,0.34513924954683883,yes,,Yes 
2024-01-22 06:00:00,18,Female , Year 4,Arts,5.1-6.0,90.44089051705492,,7,10,2.084861980679139,11.71570465935812,6.001642405666584,19,1,7,6,10,,HOME,6,3,7,5,8,10,6.1801854867767405,yes,,NO,NO, YES
2024-01-22 07:00:00,,other , YEAR 4 ,engineering,3.0 - 3.5,87.21758097785181,11.043151175939446,6,5,8.97091227855675,11.885949941302652,3.4176682174464004,6,5,16,3,1,SINGLE, ALONE ,4,10,8,2,,3,15.011297304971238, yes ,6.014585163498714,Yes,,No 
2024-01-22 08:00:00,25,Male ,Year 1 ,LAW,4.1 - 5.0,79.38822363321657,9.666322348860401,8,4,6.282750793921379,,0.023146547973897036,8,2,13,8,10,single,ALONE,8,3,3,4,3,,6.122863999249041,Yes,2.415415192884348, Yes,NO, No 
2024-01-22 09:00:00,,,,LAW,8.1 - 9.0,67.9714621797363,1.6929470582324928,4,9,9.803056670015941,10.79579131371287,4.896505408975057,9,,9,2,,single,home,6,4,3,2,9,6,5.544095244639364,,3.7553477248668843, YES, yes,
2024-01-22 10:00:00,29,,year 2, Arts ,6.1-7.0,203.67300499079613,,,9,7.717451116538076,8.036159010507859,7.621299799410267,8,4,5,1,1,single,Hostel,2,6,10,9,2,9,0.812750788082478,,1.2422132292644785,yes,yes ,NO 
2024-01-22 11:00:00,21,female, YEAR 2, Science,2.0-2.9,92.74191831258827,10.956397176645488,,1,2.6433371479182286,,2.0556786463325194,1,4,7,2,3,Single,,6,1,,6,10,,1.282922385388846,No,0.5510002800459102, YES,no , No 
2024-01-22 12:00:00,17,FEMALE,YEAR 1, science,1.0 - 1.9,78.66582961087711,0.942134618528927,7,7,6.705529491217139,8.694981396055319,6.529546649377332,4,6,4,9,5,in relationship ,,1,2,6,1,1,4,, Yes ,4.270297620581156,Yes, yes,yes
2024-01-22 13:00:00,29,FEMALE,YEAR 3, Engineering ,6.1 - 7.0,62.30805986303727,9.902579938854878,1,10,2.13699631858678,3.6245946775063533,3.6439216662646405,5,0,10,5,5,single,,9,10,3,9,3,10,17.442042855035883,,0.09724328791110803, No, yes ,NO
2024-01-22 14:00:00,23,MALE ,year 2,science ,3.6-4.0,77.08133672089075,6.569040622476672,5,,6.462254833703457,1.6288386204126812,5.1438565592644805,9,2,4,5,4,Single ,hostel,10,3,,8,16,5,3.2357055020288614,No ,5.627536636508031, Yes,Yes ,yes
2024-01-22 15:00:00,, Female , Year 1,SCIENCE,6.1 - 7.0,74.52645559183992,8.030369392545609,,5,4.801613304792646,8.669028718396497,7.126989849019083,6,3,3,6,8,In Relationship, Hostel,7,5,10,2,13,8,4.0233290829478205,Yes ,,yes ,NO,No
2024-01-22 16:00:00,22,Male,year 1 ,science,,63.65451927009498,5.914252066859243,5,1,7.146366677750125,9.316120198938126,6.168108902386188,6,7,1,3,3,SINGLE ,,8,7,,3,8,9,6.241694403359278,,7.154267778684403, No, no, no 
2024-01-22 17:00:00,29,OTHER ,YEAR 2,COMMERCE,6.1 - 7.0,58.40043830128457,8.373637018863343,3,8,6.332593649970166,8.253764321845246,7.076587107534465,3,0,,1,8, in relationship, alone ,4,,6,7,10,1,9.689072968898902,yes,6.802141191774287,yes , Yes , No 
2024-01-22 18:00:00,23,Male,YEAR 2,engineering,3.6 - 4.0,64.42064753423935,0.4091743400010386,4,5,4.090802587315907,5.016867621978819,0.07615983100944845,2,2,9,8,6,single, Alone,8,2,6,,5,3,6.150980398232228,Yes,,YES, Yes, no
2024-01-22 19:00:00,19, OTHER, Year 4,ARTS,3.0 - 3.5,74.43468436200388,9.152480678679405,9,,3.298804872846592,6.621045364870357,1.4985198771468085,2,6,1,7,, In Relationship , Home,,4,2,8,2,4,1.1732830296568142, yes ,3.2948108347892164,NO, No ,yes 
2024-01-22 20:00:00,28,MALE, YEAR 3, science,4.1 - 5.0,65.68809068266566,0.4001243743075009,,7,5.237691890733997,11.284423896953221,3.387955300526473,7,2,5,,10,SINGLE ,ALONE,4,10,4,1,8,9,9.025834219184608,,0.2938237505532397, Yes,NO ,no 
2024-01-22 21:00:00,26,,Year 4,Management,3.0 - 3.5,55.81446929208303,5.463598172968121,5,10,9.894690518796835,9.025720625746365,6.782734379624825,5,6,2,9,, single , home,6,1,1,10,16,1,2.2963996359939562,Yes,7.868688694258216,no,NO , yes
2024-01-22 22:00:00,19,Female, YEAR 1 , commerce,3.0-3.5,85.65779906564853,1.8115799175635385,,7,5.485589124394173,6.551526568492695,6.707135457388215,10,4,,2,10, SINGLE , PG,20,,10,4,13,10,7.906365301400166,Yes,, no,NO,NO
2024-01-22 23:00:00,21, OTHER , YEAR 2 ,science,3.6 - 4.0,,9.882891328215686,8,7,16.19576739818417,16.604481761365317,1.4811226557915802,1,5,,5,10,IN RELATIONSHIP,Alone,7,9,5,,9,8,7.476178689556026,,3.8370540392035393,YES ,YES,NO 
2024-01-23 00:00:00,22, FEMALE ,YEAR 4,Commerce ,7.1 - 8.0,44.060509793536,3.763930910108023,5,1,2.455788204842966,11.20451958180992,1.137939464765771,5,4,5,2,2,,HOME,3,6,10,7,7,2,4.150722328304468,yes,6.793838074196349,NO ,NO,no
2024-01-23 01:00:00,25,Female,Year 1,engineering,2.0-2.9,62.09899033756753,5.449122535251989,5,17,,5.331607744966452,15.019489344176106,,2,1,8,6,in relationship,HOSTEL,10,2,,9,3,1,5.221929963440578,no,1.2817638628684316,yes, No ,No
2024-01-23 02:00:00,29, other ,YEAR 3,MANAGEMENT,3.6 - 4.0,93.09480743271962,5.145008895579739,8,3,6.64258429759203,2.120280870346993,4.331474352246037,,5,3,4,1,In Relationship,HOSTEL ,10,10,3,1,1,10,2.2861650686819432, YES,6.168554393601519,NO, no,YES
2024-01-23 03:00:00,28,Male, YEAR 2, management,3.0 - 3.5,85.31419187199711,9.270023588216478,9,5,8.009572106627857,4.584088658733785,5.014158046956608,8,5,10,4,10,IN RELATIONSHIP,ALONE,2,7,4,8,6,7,7.02591475096003,no ,1.3503338833021115, yes,YES,yes
2024-01-23 04:00:00,21,male,YEAR 4,management,6.1 - 7.0,59.39480703664043,10.089852926308946,,10,6.22706925853648,,6.473648597324639,4,,9,10,8,Single,,9,10,9,10,9,4,9.79266608863546,,2.4369509890316845, YES, yes, YES
2024-01-23 05:00:00,17,, YEAR 3 ,science,2.0-2.9,96.29098912267054,9.467500020124152,5,5,14.358087470016082,4.00260256846537,1.693971708697294,1,6,1,17,5, IN RELATIONSHIP,hostel ,1,,6,6,4,2,4.271738097206964,Yes,2.044934981739697, NO,YES,Yes
2024-01-23 06:00:00,20,MALE,, Commerce,1.0 - 1.9,44.59617450149261,0.8820993216321029,5,,8.111255300777351,6.818696457750553,1.0918783992379204,8,6,10,7,7, Single, HOME,10,6,10,,7,4,, NO,0.3765140394536708,, YES, yes
2024-01-23 07:00:00,21, male,YEAR 1 ,MANAGEMENT ,9.1-10.0,97.67408223353134,2.299127614835941,6,7,4.506301738551202,4.35343662660685,6.872354102273247,5,6,4,1,7, In Relationship,,1,8,,8,3,10,2.523974624033732,,0.983433347009627,YES, YES,Yes
2024-01-23 08:00:00,28, female , YEAR 3,LAW,1.0 - 1.9,54.74230554908054,6.618410995756328,8,14,2.7248841669711403,2.1349754392062086,0.8941928473296263,1,2,5,7,10, single,Hostel,10,10,5,1,1,2,1.2060777518131216,YES ,5.402785919612569,no , no ,
2024-01-23 09:00:00,26,male,year 4,Law,5.1 - 6.0,40.545650818145155,11.36505989703234,4,,4.777203768139246,3.068753649666558,0.7054468055686112,2,2,10,10,6,in relationship,Hostel,2,3,6,9,5,4,9.984892024699603, NO ,0.6886291828228677,Yes,No,YES
2024-01-23 10:00:00,26,FEMALE,YEAR 3,commerce ,3.0 - 3.5,66.02848219109961,0.8970941606613638,4,7,3.271969883595477,,2.216601404933682,5,5,3,3,5,SINGLE, Hostel,5,10,3,6,1,2,3.7607557016064175,NO,7.804751714947337,no,no, yes 
2024-01-23 11:00:00,21,FEMALE,YEAR 1,Science,6.1 - 7.0,61.53822578122052,0.5170105938823717,3,,9.727553633067465,,5.2329806273690505,17,0,,5,2,Single, PG,1,2,7,3,2,7,8.593597779311185, No,2.087151869697969,YES,no ,
2024-01-23 12:00:00,23,female,YEAR 3,SCIENCE ,7.1 - 8.0,72.34534031240763,,9,5,6.620092379813533,4.457395840393554,1.9290828324096125,10,0,1,8,3,IN RELATIONSHIP, PG,6,9,9,1,7,3,0.2950913740516281,YES ,,no ,NO,Yes
2024-01-23 13:00:00,20,Other,year 4 ,ENGINEERING,4.1 - 5.0,87.80637163419073,7.693837546321879,3,5,8.83381727280821,5.036097037504839,5.932986180001725,8,3,6,6,3, SINGLE ,,8,5,9,4,,7,6.280962760577857,Yes ,2.9789690631945502,no, yes ,Yes 
2024-01-23 14:00:00,17, Other, year 1 ,,4.1 - 5.0,,4.787915000042966,,4,,6.427214885499276,7.7868329023439165,10,0,4,8,5,IN RELATIONSHIP, HOME,20,6,7,5,6,2,0.03314403397516763,no ,2.2086047446497217,Yes,No, yes
2024-01-23 15:00:00,,Female ,year 2 ,Management,2.0 - 2.9,64.07379997670151,,1,4,9.202891098936826,8.404430369189756,1.5967307417970744,8,1,8,5,,SINGLE, ALONE ,2,7,3,4,7,4,5.045035083313952,yes ,0.6276188704552457,NO ,NO,yes 
2024-01-23 16:00:00,23,Other , YEAR 4,Arts,7.1 - 8.0,65.79074462238101,2.0565007881901245,9,5,,7.40397878828147,,9,7,6,10,10,SINGLE,Alone,5,,5,13,4,16,7.365595847471672,yes,5.252861247209359,yes,YES, No
2024-01-23 17:00:00,26, MALE,YEAR 4,ENGINEERING,9.1 - 10.0,48.89066381976842,2.356969041776413,7,10,8.997818897998481,,,2,1,3,9,11,IN RELATIONSHIP,home,3,6,,12,4,6,6.213509578526436, yes,6.221527019146905, NO,,NO
2024-01-23 18:00:00,26,MALE ,YEAR 1 ,SCIENCE,1.0 - 1.9,42.85285653286981,3.600316865578748,1,9,2.5122074651440984,7.8832370922954045,0.9512212833505682,7,4,14,16,10, single,,2,1,9,10,2,3,6.2763509646614715,NO ,0.016971078871550027,YES , yes ,no
2024-01-23 19:00:00,, female ,Year 1,Arts ,9.1 - 10.0,78.47289941410148,7.520761040265423,0,6,9.085753162660374,,4.120939335831699,10,5,3,,3,,HOME,6,9,9,5,5,8,,Yes,4.57505058580148, No, NO,no
2024-01-23 20:00:00,21, male,year 2,ENGINEERING,8.1 - 9.0,43.86625753316154,8.222072283618568,,8,4.484668228443454,,7.996870955937803,5,1,9,4,3, IN RELATIONSHIP,Alone,1,,3,3,7,9,6.337347626927402,YES,5.164600287214123, yes,no,No
2024-01-23 21:00:00,20,female,YEAR 4 ,COMMERCE,1.0 - 1.9,84.02980716528737,1.490439527565286,8,9,6.52097827472497,22.502726202439554,7.594925198250917,3,0,8,2,10,IN RELATIONSHIP, pg,8,7,5,9,4,4,8.547627625785777,NO,7.866825332652483,,NO, NO
2024-01-23 22:00:00,18,Female,Year 1 ,Law,1.0 - 1.9,72.34540870133485,11.325656507900874,7,4,4.157508666179128,8.936044467626488,0.895543521380799,10,5,3,22,6,,Home,6,5,1,3,8,9,4.966432061395029, NO,5.282274409135229, no,no ,No
2024-01-23 23:00:00,20, MALE,year 2,ENGINEERING,1.0 - 1.9,51.914978693565004,4.09252962228251,,7,9.878396457354714,2.894127995232946,1.9174953283671554,8,7,2,5,9, In Relationship ,,4,,7,3,8,3,5.417038453001618,No,2.3904435952052,NO,YES ,NO
2024-01-24 00:00:00,26, other ,year 2 , engineering,6.1-7.0,72.37137661075897,8.558025156003398,3,5,2.5742398666902417,3.893418211695562,7.5663347977916935,2,3,3,2,15,SINGLE,PG,5,4,2,3,7,2,8.383867251335712, Yes,5.3562107280743305,no,YES ,YES 
2024-01-24 01:00:00,26,,,COMMERCE,3.6 - 4.0,50.97986299612593,6.290492627372386,1,4,5.575642294245209,6.970909990802697,1.2057912482851538,4,2,4,6,10, In Relationship,PG,2,,10,8,3,8,1.2185268505558744,YES,,yes , no , Yes 
2024-01-24 02:00:00,19,,YEAR 4, science,6.1 - 7.0,66.32423245062472,2.6730973625652794,7,7,6.96790523866849,2.3743197088559715,5.942311801821322,5,3,3,3,,,PG,8,17,10,2,10,10,,NO,1.1166594062296102,No,,yes
2024-01-24 03:00:00,26, female,YEAR 3,management,4.1 - 5.0,151.3714507272632,10.154739877384934,2,3,6.9248980186983236,14.889393664907486,0.00886418726148186,5,7,9,1,5,,,,14,19,4,9,6,4.744294969210845,YES,10.36254367414511, No , yes,YES
2024-01-24 04:00:00,17,female ,year 3, Commerce ,6.1 - 7.0,67.71515760463825,9.81885633830316,9,1,7.910067118118751,9.702912528446694,5.053696821401379,4,0,10,6,2,Single , Home,,,10,8,8,,4.172713324109393,yes,,Yes ,Yes, yes 
2024-01-24 05:00:00,,female ,year 2 ,Management ,9.1 - 10.0,48.92195909785289,4.752862247000281,3,7,7.795322610576345,4.310438875205898,3.9568033747417832,8,7,2,8,6,In Relationship, alone,3,2,6,1,10,3,4.076412919779843,No,14.551117494018719,yes,No , yes
2024-01-24 06:00:00,21,Female , year 3, Engineering,6.1-7.0,,7.063291028326265,4,9,8.345141641602428,1.7679870547007557,,3,0,21,1,1,Single,HOSTEL,1,2,7,3,1,22,6.328568606510329,Yes ,,no,Yes ,Yes
2024-01-24 07:00:00,29, Other,YEAR 3,science,3.6 - 4.0,51.20610497620053,3.093908351231277,,2,3.874299275917533,27.28085364032247,6.6335340060271575,5,7,7,3,1,In Relationship,hostel,8,2,3,4,,10,8.975841170219406,,3.8355173101550175,YES,YES,NO
2024-01-24 08:00:00,20,other ,,arts,2.0 - 2.9,84.31299246220657,8.278219544955618,7,7,,3.7580176716875733,0.6458747619834506,10,0,1,,9,Single,,7,2,8,18,7,,6.500596519780011, YES ,2.0076398963183726, YES ,yes,YES
2024-01-24 09:00:00,,OTHER,YEAR 2 , Engineering,,68.76113735295,,8,10,5.056264927842181,1.7431451644907958,,6,4,6,10,10, Single,ALONE ,1,5,5,2,,2,2.643697368373993,yes,4.039723572393701,YES, No,yes
2024-01-24 10:00:00,23,Female, YEAR 4 ,commerce,,67.2245055456581,10.12894481258682,0,2,9.646717287281136,4.629614553219113,3.568308359786392,1,1,6,,5,Single,PG,8,7,10,7,10,7,1.3780410764694173,No,,YES,YES,YES
2024-01-24 11:00:00,18, female ,year 2,Arts,8.1 - 9.0,91.08610227144848,2.6086212513272917,1,3,5.274494856681666,11.659035883917225,0.9914124772577333,4,7,,7,9,in relationship, HOME,10,1,,3,4,2,9.782448976858168,,0.3236510388153846, YES,NO, no
2024-01-24 12:00:00,17,FEMALE,YEAR 1, LAW ,4.1 - 5.0,82.51621146044013,0.17764107382156968,3,10,,9.722203740271945,0.6853323709946872,10,0,10,6,8, in relationship, Hostel ,2,9,9,8,5,2,3.041541553326722,yes ,,Yes,,NO
2024-01-24 13:00:00,28,other ,YEAR 3,ARTS ,8.1 - 9.0,,3.2220965036150213,0,10,15.380322583367345,6.283663877911577,1.436914436458684,10,7,8,,9, In Relationship, pg,8,6,9,2,7,5,4.661857313601879,No,2.825600612942992,YES,, NO
2024-01-24 14:00:00,27,female,year 4,Commerce,8.1 - 9.0,57.77045887609614,2.2926298375138403,5,3,5.418135318601826,4.358634638982483,1.9283817998384336,6,2,7,6,9,single,PG,5,1,2,9,8,,0.1734380428817961, YES,0.18365129837927174,YES, NO,YES
2024-01-24 15:00:00,20,Male ,YEAR 2,arts ,7.1 - 8.0,160.07854624571348,,4,4,4.000640504925986,5.656367084022156,7.728484619657615,2,1,7,7,8, In Relationship, Home,8,1,1,4,,2,8.111684896203794,yes,4.869568834847459, no,NO,Yes
2024-01-24 16:00:00,24, MALE,year 3,commerce,7.1-8.0,41.099570112711916,2.4444394998789156,,6,7.721083795665609,1.1910216905370636,3.804909690013462,10,1,5,2,3,Single,HOSTEL,6,9,,8,7,9,7.9310315747836855,,3.5514961784489607,YES , NO,NO
2024-01-24 17:00:00,28, FEMALE ,year 2, ENGINEERING,3.6 - 4.0,72.71520677571823,9.158278448633936,5,3,3.5354022931818276,8.902075295854694,,5,4,2,10,13,in relationship,alone,2,9,10,4,6,8,, no,7.815886511565235,YES, No ,
2024-01-24 18:00:00,18,Male,year 4,,3.6 - 4.0,,2.896447656048047,2,,7.066832325274787,2.096086987070275,5.655985639685887,9,3,10,4,4,in relationship,PG,7,1,8,6,9,10,3.5606462326181685, yes ,6.659864128655977,yes ,No,No 
2024-01-24 19:00:00,19, male,YEAR 2 ,law,2.0 - 2.9,77.31136512907455,,4,2,5.444245677896617,6.709413345617379,5.474134382428724,3,5,5,5,8, In Relationship,Hostel,6,1,4,8,4,4,3.7363045530944006, no ,5.841327640089096, YES ,No , YES
2024-01-24 20:00:00,28, Other,,SCIENCE,3.6 - 4.0,85.63193212626618,6.941651076164689,2,,4.553337314645377,7.224295581488267,4.022219216903726,3,1,1,2,17,IN RELATIONSHIP, hostel,4,5,5,5,4,5,4.960089644504292,yes,3.833945236230356,no,YES ,YES
2024-01-24 21:00:00,17,female,year 2,SCIENCE ,3.6 - 4.0,83.54151093488474,11.834998277662612,8,16,9.567858139898409,1.0185875173252328,4.936825347630594,9,1,10,,9,In Relationship , PG,,,5,12,3,20,4.0200137877543405,yes,3.8791054033570775,yes,no, yes
2024-01-24 22:00:00,17,Female,YEAR 3,Science ,5.1 - 6.0,81.5218417091868,11.99881172411078,1,,4.595260062518239,11.778664885751745,2.6484135486995166,3,0,6,10,8,SINGLE ,HOSTEL,4,19,2,2,8,9,1.6844103557433832,no,7.520423362984541,yes,NO, Yes
2024-01-24 23:00:00,, other, Year 4 , Commerce,3.0-3.5,,10.43431299980796,5,3,4.780058993199746,4.323529414577752,0.4616858711160896,4,2,2,10,3, SINGLE, home,1,4,1,4,8,,,NO,5.852915314060064,yes,yes , YES
2024-01-25 00:00:00,,Male,year 4 ,Commerce ,2.0 - 2.9,78.7414401069723,9.119800431585013,8,6,8.965106913065368,,,9,0,1,7,,IN RELATIONSHIP,hostel,3,10,8,5,4,,3.308262639517289,,0.7216920178902635,YES,NO,NO
2024-01-25 01:00:00,27, Male,YEAR 3, law ,7.1-8.0,64.14510965541892,4.637476968006885,9,10,3.032346903003946,10.398274140854392,6.155156189814053,4,2,1,16,3,single ,HOME ,8,1,10,1,,6,0.19890508427114373,yes ,3.486676022894936,NO, no,No
2024-01-25 02:00:00,21,female,YEAR 3,COMMERCE,2.0 - 2.9,68.31454659487525,9.039320725575642,,4,2.8645499971684885,2.6714786445647976,4.986745930411955,5,1,1,9,9, In Relationship ,PG,3,6,5,7,6,6,3.41250519841668,no,3.344960332192775,No,yes,YES
2024-01-25 03:00:00,28,,YEAR 3,Management,7.1 - 8.0,83.00348696088703,11.480106444953888,4,1,4.26166227267602,1.274506498469374,3.1686539457137943,2,2,4,,1,IN RELATIONSHIP,HOSTEL ,7,10,2,6,9,10,8.21083951205729,Yes,0.8992693860024294,,no ,yes
2024-01-25 04:00:00,19,,Year 1,commerce,6.1 - 7.0,92.57836178000764,0.28053090474532993,1,1,6.733087386195678,6.44159747552187,4.659725845207018,8,0,5,10,7, In Relationship,HOME,1,3,7,4,8,1,4.692498887612286,No,6.764528219266062,no,No ,Yes
2024-01-25 05:00:00,17,other,YEAR 2,Commerce,3.0 - 3.5,,6.454976402372866,1,3,5.074401280881104,2.429086843773307,3.8807184397487964,9,0,5,9,9,in relationship, home,4,7,2,4,7,1,1.856233919729795, yes,,Yes,No ,Yes
2024-01-25 06:00:00,17, FEMALE ,YEAR 2,commerce ,5.1-6.0,60.524607758264246,2.615979652661215,3,8,6.868435846685401,11.80665372989269,2.1914798278310723,10,3,1,,3, SINGLE,HOSTEL ,,1,6,3,,9,6.947741734662029,YES,6.127405150708723,no,yes ,NO
2024-01-25 07:00:00,24, other,YEAR 4,ENGINEERING,5.1 - 6.0,95.84436378174476,6.694515790426205,9,,3.2780050483554772,1.114520852737674,2.388581973664275,16,7,,5,7, Single, PG,9,4,9,1,5,10,,,,yes,no,
2024-01-25 08:00:00,,OTHER,,Law,9.1 - 10.0,74.71070754456673,5.597365077106694,,1,4.091606790138776,1.5631707860749517,6.995837651648441,3,4,3,9,7,Single,alone ,1,10,4,6,2,,1.5457010389087789,no ,5.4564761147913625,no,YES ,NO
2024-01-25 09:00:00,27, Female,year 1,management ,,50.73770902810006,6.909222978627413,7,8,6.521298670499773,10.16612363038866,5.079264579807224,4,,4,18,2, single,ALONE ,9,9,,5,9,5,5.821386447079942, YES ,6.446865614621227, NO ,YES,YES
2024-01-25 10:00:00,28, Other ,year 3, commerce,7.1 - 8.0,79.82170833474297,6.61154665702469,9,10,3.737193618069859,3.6372686564182852,0.011379877937029548,7,1,5,8,5,SINGLE, HOSTEL,10,,1,6,,9,,Yes,0.8421181457797369, Yes ,Yes,NO
2024-01-25 11:00:00,29,Other,,law,4.1 - 5.0,99.44572933236279,11.521284470022744,6,6,5.382437043923559,11.027564287223386,,1,2,4,4,10,in relationship,,8,6,7,16,9,6,2.9473640120988986,No,4.320085054992122,,,No
2024-01-25 12:00:00,29,other,Year 4, Arts,6.1 - 7.0,89.407213868224,6.6262333072168325,6,1,6.581183015933517,4.4225075882245575,2.7195637178028305,2,0,4,5,7, In Relationship ,,10,2,9,1,10,9,2.779820189719684,NO,5.724472336192624, No,YES,YES
2024-01-25 13:00:00,,male ,YEAR 2 ,Engineering,5.1 - 6.0,84.74446819308417,10.154785057498408,,10,20.212058264253482,1.7676091649644632,5.650684475612928,10,0,10,4,2,SINGLE ,PG,6,6,5,2,2,2,0.2064835076871241, yes ,6.506014280690998,no ,No,No
2024-01-25 14:00:00,18, FEMALE ,Year 4,,6.1 - 7.0,101.33074348278197,3.837843441610158,6,10,2.6390932630207455,1.1165097894568918,5.603626739848893,5,7,1,2,10,single,Home ,4,9,3,7,9,,2.8494626761484354,yes ,7.07854088382317,Yes ,Yes, YES
2024-01-25 15:00:00,29, female,YEAR 3, Management,8.1 - 9.0,92.56838708104044,,7,6,,4.108240047628935,3.7132388240416727,9,0,2,4,,in relationship ,alone,6,1,2,9,,1,9.59311588873448, NO,0.7190019214270693, NO,No,yes
2024-01-25 16:00:00,19,female ,,engineering,3.0 - 3.5,173.7273088936907,5.644961712537718,4,1,5.170167685937047,6.211036330454892,7.607835302491157,6,7,2,5,2, in relationship,,6,5,10,6,7,2,3.9707053111724644,Yes,5.914223799967524,Yes , No,No
2024-01-25 17:00:00,18,male ,, MANAGEMENT,9.1 - 10.0,93.35740132431734,3.3447365200245565,0,10,8.593929995609424,1.0111772201867688,6.977833357873168,3,5,2,13,6,IN RELATIONSHIP ,Alone,2,8,7,6,1,2,3.2782629091538995,NO,0.7852145364451069, no,NO , YES
2024-01-25 18:00:00,19, Male,YEAR 1, Engineering,,59.78966976549276,4.557483137735463,0,10,9.202376952227475,7.392179227982837,6.929685717832172,3,0,24,4,2,single, pg,7,7,4,5,8,5,6.26586203346501,NO ,3.2331882398762515, yes ,no , yes
2024-01-25 19:00:00,23,, YEAR 1,ARTS ,9.1 - 10.0,43.72306315812597,7.182156953601303,3,3,,4.67027714542205,2.7861240877730236,7,5,1,10,10,in relationship,ALONE,,10,3,5,3,1,9.89093544983494,no,3.5696105697207585,,yes ,no
2024-01-25 20:00:00,17,MALE, year 3, law ,3.0 - 3.5,68.55855811958477,6.962253159654388,1,2,5.00111450433275,5.291688822986526,3.447998313219437,3,1,10,4,1, SINGLE ,PG,8,2,,,3,2,4.377173454200007,Yes,2.293230063799621,no , Yes , No
2024-01-25 21:00:00,26, FEMALE ,YEAR 2,Engineering,2.0-2.9,56.190256289072664,7.637224134881766,6,4,4.437241175163856,3.875520430179173,3.3516953962265816,10,4,8,6,3,,PG,3,8,10,,9,5,0.949421133784969,NO ,6.906500376154334,YES ,NO ,Yes
2024-01-25 22:00:00,24,,Year 4, Science,6.1 - 7.0,82.91375738657788,4.221814985041693,2,2,,6.8194972598516905,3.522135059711977,3,7,1,7,1,IN RELATIONSHIP ,pg,8,9,10,10,8,5,7.174346696402218, YES ,4.690875869740553, No,NO, yes 
2024-01-25 23:00:00,29,Other,YEAR 2,Arts ,3.6 - 4.0,97.42639317136195,3.789977941836685,3,5,4.751890447774424,,7.113686360086932,10,3,8,7,,,,4,10,4,6,7,7,8.974262429216871,NO,1.1242042955588136,No,yes,
2024-01-26 00:00:00,26,Other, Year 4 ,Science,1.0 - 1.9,81.45844906909383,,8,4,7.750807844545548,,1.992965596558399,7,,12,,4,in relationship,,10,8,9,4,2,18,,No,2.98175143576546,Yes,yes ,
2024-01-26 01:00:00,26,, year 1, arts,5.1 - 6.0,93.21603578255221,1.5943409811302995,1,6,,10.797117902528493,6.417560567674586,9,,10,,2,in relationship,alone ,,6,10,3,3,,4.972728897302742,NO ,0.6305579068604024, No,No,NO 
2024-01-26 02:00:00,26,Male, year 1 ,,5.1 - 6.0,67.18144081607238,,7,7,7.26947267259105,5.296104813336077,4.112319800358188,,7,3,3,7,IN RELATIONSHIP,pg,3,9,7,7,10,6,2.4644585346410572, no,3.956654065691308, yes,,
2024-01-26 03:00:00,18, male, year 1, SCIENCE,5.1-6.0,86.2984442317181,0.5055328434359425,0,2,9.415900264836008,1.84623385243091,,3,5,,5,7,,PG,1,8,,5,16,9,4.459916947937133,YES,,Yes, no,no
2024-01-26 04:00:00,,other,,MANAGEMENT,,90.58260620030221,1.6214147964059653,2,2,4.239308557568879,3.533550300229646,4.218350230876434,8,0,8,10,8,SINGLE,HOSTEL,5,4,3,10,3,3,4.222405332608142,Yes ,6.101864595597789,yes,no,NO
2024-01-26 05:00:00,25,OTHER, YEAR 1,ENGINEERING,1.0 - 1.9,167.10564156123286,2.9205993511273065,3,,7.415124932710595,4.409372430208984,1.563532965392345,1,0,2,5,21,In Relationship ,PG,,6,5,3,2,9,9.626776922337738,no,6.745571893399219, yes,Yes,NO
2024-01-26 06:00:00,23,MALE, YEAR 1,,,70.46663716417387,0.23435136356302833,5,9,3.1484889724590266,9.466109402833949,0.8654343800562794,8,2,4,4,1,single,PG,9,5,7,8,7,9,0.3694665374521511,NO,6.797456111217933,, YES,yes 
2024-01-26 07:00:00,20,,Year 1, arts,2.0 - 2.9,77.55196657692208,2.9449271050495383,0,5,2.971071536778073,1.2448104398228408,6.705419342656408,2,0,8,6,, In Relationship ,hostel,7,10,13,16,3,2,3.6465936330118334, Yes,5.435048003886549, yes ,,no 
2024-01-26 08:00:00,26,Male,year 1,LAW,5.1 - 6.0,82.03041974073281,7.859715876744312,7,7,,6.260744373259257,5.594576187445279,14,3,14,5,1,, Home,3,9,9,3,8,2,3.110525176825194,no,7.354407890681807,Yes,,no
2024-01-26 09:00:00,21,Male, year 2,management,5.1 - 6.0,55.18506419328561,0.7332849416271965,1,9,3.108225358762791,5.484617338923897,1.6398319217109512,7,2,7,15,2,single ,pg ,7,4,7,9,,7,9.821354550346587,,5.237630742678872,no,YES , Yes
2024-01-26 10:00:00,18,Male,Year 1 , ENGINEERING,4.1 - 5.0,88.57475565489909,5.240840133535691,4,1,3.729318962475536,11.652404417984169,7.538357842069192,6,6,1,2,7,SINGLE,,8,1,1,2,6,8,0.06471381143320576,yes ,7.481722487335782,,Yes, NO
2024-01-26 11:00:00,29,Male,Year 1,ENGINEERING,9.1 - 10.0,97.0194723380364,10.957305443034594,5,8,6.502643964814355,2.9808251352627266,0.19518698672999335,9,2,8,6,9,In Relationship,PG,4,9,6,3,8,3,2.924671959898232, no,0.7494437245730632,no ,No,YES
2024-01-26 12:00:00,27,Female,YEAR 2,MANAGEMENT,9.1-10.0,67.91435891079615,9.495417947104812,7,10,8.135885188924298,7.906578207800908,5.762392333876511,8,0,1,2,7,, HOME ,3,9,14,3,4,7,, yes,0.08352176876271145, YES, No, No
2024-01-26 13:00:00,29,male,,COMMERCE,,82.06403098659264,3.6652500275382867,,10,3.0148561896873263,3.2241657360200255,0.3084588408275604,2,6,9,,9, single ,Alone,2,7,6,1,5,,1.592262373856217,Yes,1.6789794440997223, No,no,
2024-01-26 14:00:00,24,OTHER,YEAR 4, management,8.1 - 9.0,84.22155434742123,11.097665750299765,8,9,8.960119524725798,7.032642595890251,1.1383807463146658,4,6,8,4,8,single,pg,8,5,3,7,3,7,7.893033256096846,YES,6.294224695957152, YES, no,
2024-01-26 15:00:00,20, FEMALE,year 3,Engineering ,4.1 - 5.0,134.91915675014218,3.955757960972698,4,21,8.741730275441807,7.105695557651681,1.4406350093072913,1,2,4,1,10,In Relationship, Alone,,7,,6,4,2,5.637326049520446,Yes,,YES , no ,
2024-01-26 16:00:00,25, MALE ,Year 1, law,,72.82690649971813,0.8701859560507499,7,10,7.819104212023132,1.8288140284429748,6.482678941844541,7,4,10,6,2,in relationship,Hostel ,,9,3,6,10,8,9.059494792238386, NO,1.8370536893211913,Yes,yes,no 
2024-01-26 17:00:00,21,Other , Year 1,COMMERCE ,,92.89887727448863,11.928671481217362,3,7,5.4077263956917845,6.020964236169549,7.944317364267077,4,0,4,3,1, in relationship,PG,2,3,10,,8,18,8.731020895265182,Yes ,1.3488227285127818, no ,No,no
2024-01-26 18:00:00,29,Female,year 1,SCIENCE ,3.6 - 4.0,,10.44027032627006,8,10,,6.0727171875595936,6.938562196888442,8,4,4,7,5, In Relationship,hostel,18,5,4,7,7,8,12.271861406775855,no ,6.684625959764338,NO, NO, NO 
2024-01-26 19:00:00,25,OTHER,Year 4 , Management,9.1 - 10.0,43.666177389196214,5.591193399613108,7,3,7.878119530402374,4.510503415563612,5.081063910256304,12,0,6,3,7,single,ALONE,5,3,1,6,6,,5.542627424850731, YES,3.036380486610147,NO ,YES,No 
2024-01-26 20:00:00,20,MALE ,year 1,Science ,1.0 - 1.9,90.67338254272961,7.996518290308847,4,5,9.031889157411516,4.048744090564199,5.783387440459378,8,5,2,,2,In Relationship,pg,9,8,4,9,5,7,,Yes,7.8230875206515345, NO, No ,no
2024-01-26 21:00:00,26, MALE ,year 3,commerce ,3.6 - 4.0,80.43887633899304,8.054736934280042,2,2,4.682291009374896,,4.182567952165481,2,4,4,4,4, In Relationship,Alone,8,1,6,5,9,7,0.60419120922518, no,7.68657399146749, yes ,yes, Yes
2024-01-26 22:00:00,21, male,YEAR 2,,2.0 - 2.9,90.9555175899788,2.333786768765524,0,10,7.74390048976895,1.0653517906213672,3.3803488531839347,8,7,4,9,7,,HOSTEL,8,4,5,1,4,10,,No,2.6747281104654075,NO , NO,NO
2024-01-26 23:00:00,25,male,Year 4 ,,9.1 - 10.0,48.312846546681655,2.4005835978435877,4,3,2.4963809148902536,1.0199791293787064,5.537351446739514,1,6,8,7,9,IN RELATIONSHIP,HOME ,,7,5,1,3,16,6.125610701311094, YES,4.478720078939537,Yes ,No, no 
2024-01-27 00:00:00,24, FEMALE,year 2,Arts,3.0 - 3.5,41.84517643058298,5.634968440221909,4,,7.675958971773142,15.762454565456737,,2,0,2,4,6,In Relationship , HOME,2,9,9,1,6,5,7.953722051941687, yes,5.437826155086913,no,Yes,yes 
2024-01-27 01:00:00,19,FEMALE, YEAR 1 ,MANAGEMENT,6.1 - 7.0,96.06247242295008,10.938877681652375,,7,2.5464681667911444,4.206103022547563,0.23115233885053588,5,7,8,,7,In Relationship,HOME,2,10,9,2,2,,0.18206493243852817,yes,5.119807222984464,NO, no ,YES
2024-01-27 02:00:00,17,Other,YEAR 1, LAW ,6.1 - 7.0,48.86369835103446,0.11992529830284937,9,1,6.697490687109457,2.8467752136152047,2.5126796025922076,1,7,10,5,8,single , hostel ,10,2,,4,9,6,9.336836094885644, yes,,no, NO,YES 
2024-01-27 03:00:00,, MALE,Year 1,law,1.0-1.9,156.43853267399712,9.390067631392311,9,3,6.780426287162349,8.532087260635297,,5,3,2,,8,IN RELATIONSHIP,,7,9,7,6,6,10,0.7303128892723032,,2.872781540388056,no, YES,no 
2024-01-27 04:00:00,20,,YEAR 3,Science,7.1 - 8.0,89.39259653083815,0.6903214045758497,7,,,16.275470215404958,6.284364790759588,5,5,9,2,9,Single, PG,,20,19,7,16,23,9.04633739108633,NO ,5.807268456764787, no ,No,No 
2024-01-27 05:00:00,18,female, YEAR 3, SCIENCE,6.1-7.0,82.52231203294018,5.738665378597414,,4,2.632981816613852,11.064541045693764,10.486350294737584,7,5,9,,10, Single,Home,3,7,9,5,2,8,1.9122933640577156,yes,, NO,yes ,NO
2024-01-27 06:00:00,17,MALE,year 4 ,SCIENCE ,1.0 - 1.9,47.87573266557226,7.654473996881717,9,3,9.594678197699498,,,2,,6,5,2, IN RELATIONSHIP,alone,3,4,8,7,9,,2.599854504043999,YES,4.164801649288918,Yes,Yes,Yes
2024-01-27 07:00:00,23,Male,year 2,Management,7.1 - 8.0,80.04391747364846,17.47571027551671,8,6,6.284619232132905,8.994021102099637,0.1498323922063296,2,7,10,6,7,SINGLE,PG,7,5,8,2,10,1,8.717974587943251,yes,1.1868869305149676,,yes ,
2024-01-27 08:00:00,24,female, year 1,ENGINEERING ,2.0 - 2.9,,0.7017511633909366,2,6,6.638065000990901,2.3924015290351583,3.292876627082973,6,0,5,7,16,SINGLE,Alone,1,1,18,6,3,,10.315326270022721,No,6.028928365042039,Yes,Yes, No 
2024-01-27 09:00:00,23,female ,year 1,,7.1 - 8.0,65.53189868805299,5.023243408607619,3,4,6.9201671122437896,8.326976128546388,4.955589636186426,19,,,9,7,SINGLE,ALONE,12,4,9,3,6,10,,Yes,3.180527412799962, YES,YES, Yes
2024-01-27 10:00:00,,Female,Year 1,commerce ,3.0 - 3.5,64.81101126271594,7.006047126027896,5,,,16.55546522852319,4.038597799443873,3,1,8,7,9,SINGLE,alone ,6,8,8,9,9,5,20.322024348440806,,2.46350494940787,,No ,Yes
2024-01-27 11:00:00,28,, year 1 ,SCIENCE,9.1 - 10.0,66.57149857476514,0.7925464476720832,,6,2.4820451563740606,9.396658489721817,6.976494913450514,8,5,8,4,4,In Relationship, alone,9,6,7,10,3,1,2.9159552369236383,no,0.0912954828650756,yes, yes,
2024-01-27 12:00:00,17, female , year 3,commerce,6.1 - 7.0,44.936313440572384,1.6211346791437173,9,9,9.146302142820263,3.894459961331502,,3,1,3,5,5, Single, pg ,1,7,8,10,9,7,1.357635621790817,no ,1.188316380536837, YES,no,no 
2024-01-27 13:00:00,23,male,YEAR 2,ARTS,,93.52153414179841,7.963787874048462,1,10,3.9174120688901928,8.043272540301263,0.100469438615292,10,0,3,3,5,in relationship ,hostel,1,1,9,4,2,10,5.404598432603397,No,12.378058363042092, NO, NO, No 
2024-01-27 14:00:00,29,Female,year 2 ,engineering ,,92.15097183883063,6.259658359087821,1,10,2.6236019967707795,7.801063041107938,2.2791881404359904,4,7,5,12,2, in relationship , PG,2,15,7,16,4,,3.8825755732542087,NO,5.990048097689302,YES, Yes, Yes
2024-01-27 15:00:00,23,Male, YEAR 4 ,ENGINEERING,9.1-10.0,99.87455930741717,1.9419439352194865,1,2,7.258126817050651,5.238410547926418,1.0853810157519055,7,5,5,3,3,single, HOME,7,6,9,5,10,10,7.987571387571569, YES ,0.3669723785764818, YES, no , No 
2024-01-27 16:00:00,25, male,YEAR 3,Management,,141.51023121264618,6.422872042976802,4,6,9.815805154053468,8.298576784056886,2.001842587622601,1,3,2,1,10, SINGLE,,7,4,8,2,3,2,,No,1.2381282585344264, yes,Yes,yes
2024-01-27 17:00:00,19,female,year 1,,2.0 - 2.9,85.07149818708314,10.95230848133299,5,4,2.457936530452767,1.953651174480014,2.8967041442949997,1,3,,5,1, SINGLE, hostel,5,2,2,4,7,3,5.803857739777492, Yes,7.993697143028977, Yes ,yes, No
2024-01-27 18:00:00,25,FEMALE ,YEAR 2, Law ,1.0 - 1.9,52.16031437843828,0.18705101730436713,2,2,5.408974544298927,8.078555232341872,5.413245218569243,9,5,1,7,3,, home,4,2,,7,4,10,5.159341115022192, YES ,3.3108977611643313, YES,Yes, No 
2024-01-27 19:00:00,17,MALE,year 2, arts,8.1 - 9.0,80.05172909345018,7.711605281830256,2,5,10.796715593303851,7.66617142633933,2.5933599623854384,6,6,,9,5,In Relationship,PG,10,,,,,8,8.497218720117889, YES,7.16005385330953,no,yes,yes
2024-01-27 20:00:00,17,Female,YEAR 3, MANAGEMENT ,7.1 - 8.0,78.98397092544344,0.8838052152641032,1,3,4.016951712827921,3.316868479794966,7.0728734005109315,5,2,,,9, Single, home,,3,6,5,1,1,5.765666183597505,No,,YES , YES ,no
2024-01-27 21:00:00,20, FEMALE,Year 4,Commerce,7.1 - 8.0,94.07252415049675,0.07739331557641016,5,17,9.862977193223745,10.00034981471856,2.3965432751170583,2,2,,10,1,SINGLE,Home,8,2,7,5,10,9,9.956797252418067,YES,4.232357088595671,yes,YES , NO
2024-01-27 22:00:00,25,FEMALE, Year 4 ,Arts,1.0 - 1.9,89.84756337034445,1.8078538639276056,0,8,7.1277057168306195,10.618554002889736,1.095467297132088,2,5,3,10,6,IN RELATIONSHIP,Alone,7,10,2,5,3,5,0.2653347426588959, yes,7.0048742880265955,Yes,no,no
2024-01-27 23:00:00,22,OTHER,YEAR 1, ENGINEERING,4.1 - 5.0,96.30798775706579,5.074879582247032,8,18,8.754805382773691,3.3153234197902544,1.3509233397673839,21,7,8,1,2,In Relationship ,PG ,2,12,1,,,10,5.03573342909683, no ,7.918891077275368,, YES,
2024-01-28 00:00:00,29,male , Year 4 ,commerce,5.1 - 6.0,92.13000836209645,9.628127987783436,9,4,5.326221455773709,,7.476638911055693,6,6,9,7,6,in relationship ,ALONE,2,,5,10,5,1,9.760049009582936,NO,0.5679692845324604,no ,yes,yes
2024-01-28 01:00:00,27,other, year 2, Arts,2.0 - 2.9,,3.381425959254704,3,5,4.831647097158542,,3.638515770390068,15,4,3,3,10,IN RELATIONSHIP,hostel,6,2,2,7,17,,9.456023526159775,yes,5.057825985827924,,No ,YES 
2024-01-28 02:00:00,19, FEMALE,year 4, engineering,9.1 - 10.0,43.823399601323096,7.508078548665104,1,6,6.425263159048738,6.2790927968162755,3.2250085445000014,,2,6,1,6,SINGLE ,pg ,1,3,9,,7,8,2.185960437136921,Yes,3.7476964626772933,YES,Yes ,Yes 
2024-01-28 03:00:00,17,OTHER,YEAR 1 ,management,,90.75771716175736,4.93387965546368,5,7,5.482227541013118,,,3,0,6,4,1, SINGLE ,alone,5,5,3,1,10,9,8.272207351671879, No,4.313598326819192,Yes,no,yes 
2024-01-28 04:00:00,20,FEMALE,,Commerce,5.1 - 6.0,76.44870367018709,6.090655256095793,4,6,7.719584441094356,9.371091630480668,5.866568550255348,5,2,6,,5,In Relationship,pg ,1,10,,3,10,9,8.053723395173924,Yes ,1.61375928304237,No ,no, Yes
2024-01-28 05:00:00,28,other,Year 4,Commerce,,62.82666710595767,6.170965371394304,2,7,4.126544721694358,23.218269212422623,5.557220206213599,10,2,5,6,10,SINGLE, HOME ,7,10,7,1,4,20,9.624872917593052,no,13.499523468249295, yes, No, NO
2024-01-28 06:00:00,29, Female, Year 4,ENGINEERING,9.1 - 10.0,43.390877463283736,9.56957388447148,2,,5.596728248739197,6.254300913138163,3.005924395478062,4,6,6,6,2,in relationship,Hostel,3,10,,7,7,6,5.093704936230626,no,2.294327313118046,YES ,no,YES
2024-01-28 07:00:00,25,Other ,YEAR 3 ,COMMERCE ,1.0 - 1.9,80.6604264860828,9.98990844067373,,18,9.161061978352478,1.0677058665225245,5.534108397471038,8,0,6,7,1,Single,Home,9,5,8,,6,7,5.292373331461075,No,1.114824946823707,,yes,Yes 
2024-01-28 08:00:00,19,Other,Year 1 ,Management,9.1 - 10.0,59.69210503225705,10.15823438252684,3,10,8.048863202746634,7.558938479922159,2.93961408410705,6,0,,1,9,in relationship,home,5,7,9,2,6,7,,no,5.670832447054609,Yes ,YES,YES
2024-01-28 09:00:00,28,other,YEAR 4, Management,3.0 - 3.5,68.06657589916209,4.0626937506597525,4,1,3.344561320143155,8.193624593428233,0.5852641711539546,8,6,6,5,6,In Relationship,PG,1,10,3,10,5,4,9.989883647057914, YES,7.843393084714669,yes,No, YES
2024-01-28 10:00:00,25, male,YEAR 3,Management,8.1 - 9.0,,9.521472776589036,1,9,9.09491863513278,10.108201365948592,5.904795018462208,7,4,8,4,1,IN RELATIONSHIP,Hostel,10,3,8,2,8,3,3.0913530823817736, Yes,1.9230150015231047, NO,YES,Yes
2024-01-28 11:00:00,23, other, YEAR 2,engineering,1.0 - 1.9,94.70647282144857,2.5461414613068944,0,7,6.7121327235615045,3.1934767920572917,7.721610347021649,2,3,6,4,10,Single ,PG,4,3,4,7,9,9,6.833012646193036,yes ,3.7517831919555986,Yes,No, No
2024-01-28 12:00:00,28, Male,YEAR 3, science,1.0 - 1.9,89.52621493629991,,4,4,7.434297466179865,6.767603968708241,5.186324225392663,,2,3,7,9, Single,,8,7,2,5,9,3,6.711501472554511,YES,0.5181846630864522,No, No,YES 
2024-01-28 13:00:00,, female ,YEAR 3,science,1.0 - 1.9,67.03582774621599,11.3806131152714,0,10,4.354052526794129,5.91844650428302,2.211689881714844,6,7,7,2,9,SINGLE,HOSTEL,7,6,4,4,6,3,8.57324399316033,Yes,2.66780401268686,Yes, yes ,NO
2024-01-28 14:00:00,19, Other , Year 4,,6.1 - 7.0,,0.1649260162914863,2,8,5.53235410908526,8.308845072788937,2.1593622837192266,6,,,5,7, Single,hostel,6,6,4,,5,4,6.494860767997569,yes,6.446265344676273,yes,NO,NO
2024-01-28 15:00:00,26,FEMALE ,Year 4, management,4.1 - 5.0,54.38678433064285,,7,7,8.454499831250008,,7.431820771895207,2,5,9,7,9,single ,Home,9,10,8,3,,10,4.582002223458145, Yes,7.052442595004755,No,No ,No
2024-01-28 16:00:00,21, FEMALE, Year 4, COMMERCE,5.1 - 6.0,62.34560507055809,,7,2,4.645409750105457,10.724142248694772,2.4263224591822983,9,1,4,3,1,In Relationship, PG,4,4,10,3,3,10,3.1081975896869207,No,1.8748946241753401,No,NO, Yes
2024-01-28 17:00:00,21,OTHER, YEAR 3 , ENGINEERING,7.1 - 8.0,,8.421309245850637,8,1,3.320492924081546,6.622731446621062,6.145537867062545,1,3,1,2,3,In Relationship,Home ,10,2,8,8,8,,9.691772782769183, NO,4.379453020851947,yes,No , No
2024-01-28 18:00:00,19, male,year 2 , COMMERCE,2.0 - 2.9,,2.1130530992304264,0,9,5.0264393038678445,,5.143319858432104,6,,6,1,8,,,1,6,7,2,1,3,3.3573615893535957,yes,6.27861253250101,no ,no ,YES
2024-01-28 19:00:00,,other,Year 1, LAW ,2.0 - 2.9,74.43504663757474,11.666199302863113,3,7,2.5537493392751047,4.742608450494518,4.740814490044561,8,5,9,5,3,in relationship , HOME,10,10,4,3,1,15,2.551446410632815, yes,0.14796188461880533,NO, Yes, yes
2024-01-28 20:00:00,25,Female,YEAR 3 ,,3.0-3.5,47.66835056771277,7.383184415651676,,10,7.742851667879458,8.1887443610469,1.4485990512166795,2,6,8,5,8,, pg,6,,2,15,8,5,7.9265646479849075,Yes,1.698434599413007,, Yes,
2024-01-28 21:00:00,20, Female,year 4,commerce ,3.0 - 3.5,61.16836055595435,1.9720872147392132,6,1,,,0.27528836723619676,3,2,2,11,3,in relationship,hostel ,,6,1,10,16,1,4.97650989328116, yes,0.2987115694007514, No , no , No
2024-01-28 22:00:00,27,OTHER,Year 1, COMMERCE,3.0 - 3.5,72.82234861723936,0.24627014055018348,4,4,4.281007256486758,11.377171097807576,,10,4,3,8,4,In Relationship, ALONE,1,,2,3,2,1,1.8324648162783252,no,1.0145932639040147, yes, No, Yes 
2024-01-28 23:00:00,21,, year 2 ,Arts,3.6 - 4.0,71.97313819845218,9.399170385477312,6,5,,,7.905268857998279,10,6,8,2,4, in relationship, HOME ,10,3,2,8,6,,3.5906410210437336,yes,,,Yes, YES 
2024-01-29 00:00:00,20,male, Year 1 ,Commerce,3.0 - 3.5,42.13020212311794,0.956456873345509,9,5,,1.472415245686248,1.5660792338673613,7,7,9,4,5,single,HOSTEL,3,1,3,6,9,,2.0346817312938894, no,0.236657353549953, yes ,, yes
2024-01-29 01:00:00,21,,Year 4,LAW ,2.0 - 2.9,97.05046205374668,1.6926110528428384,7,5,4.570707524771805,5.43317601071975,4.2949764355129885,6,1,8,5,10,single ,Alone,1,5,10,3,8,8,2.090258473904696,no,3.503042637676428,NO,No,yes
2024-01-29 02:00:00,23,female, year 3,science,8.1 - 9.0,56.52254088849668,6.897960322268288,9,3,6.381335120119086,,5.367834357156406,5,,10,,10,SINGLE,HOSTEL,5,,5,7,6,1,0.757937373510047,NO,8.224731104674362, YES,No,YES
2024-01-29 03:00:00,25,MALE ,YEAR 3,Arts ,5.1 - 6.0,40.97108013591347,,5,16,3.746221277055115,4.404247146025906,3.869421732179105,6,2,1,3,4, Single, pg,8,10,1,,2,10,6.451882738746142,Yes,2.3334208729068857,,YES,no 
2024-01-29 04:00:00,23,OTHER,Year 4 , Engineering ,3.0 - 3.5,44.58664053701695,8.242645423108781,3,4,2.201385037644881,2.920359046032118,4.055470452777552,10,7,3,1,7, Single, Alone,2,2,5,3,3,5,3.7126896295536795,Yes,,Yes,, yes 
2024-01-29 05:00:00,29, FEMALE ,YEAR 3,ENGINEERING,8.1 - 9.0,74.81169419487861,4.722168151963449,0,12,6.829859831710424,7.821511665230851,5.289820034188752,7,0,18,4,4, in relationship,,6,9,,2,3,6,0.595117637946998,no ,4.297066146918389,NO ,No,yes 
2024-01-29 06:00:00,,Male, Year 4, Science,3.6 - 4.0,48.26713124050581,9.286784027601875,,7,7.713007462277834,9.58820766391936,,10,3,1,10,1, IN RELATIONSHIP, Alone,6,2,1,8,9,,6.509911434091111,no,6.43847713109597, no ,Yes ,no
2024-01-29 07:00:00,26,female, YEAR 3 ,engineering,3.6-4.0,42.503487571210194,11.692303195390664,9,5,9.038254123567835,6.646816617897415,2.6663009078594415,10,6,7,6,5,IN RELATIONSHIP,Home,5,2,4,8,9,10,2.9684525161974094,No,,No,yes, no
2024-01-29 08:00:00,26, OTHER,YEAR 3 ,law,7.1 - 8.0,62.77758798476268,3.2531393169585963,9,8,8.17506688851779,9.750203806276708,7.194201852941726,,6,4,7,8,IN RELATIONSHIP,Alone,7,6,2,2,5,17,1.6205411645314893, Yes,6.5348164143268255,yes, YES ,no
2024-01-29 09:00:00,23,Male, YEAR 3,,6.1 - 7.0,,8.436343398455351,9,8,9.413421603964121,1.1409462626685434,3.8792069830642113,3,1,7,4,, Single, PG,,10,8,9,5,3,9.603208633749036,YES,3.1185553542235036, yes,NO,NO
2024-01-29 10:00:00,26,, year 2,SCIENCE ,6.1 - 7.0,,11.141623828741881,3,,9.887627804342962,10.025240011251151,5.2950197773973295,7,7,4,4,4,SINGLE,PG,10,1,2,7,8,9,, Yes,10.918444767678047, NO ,No ,
2024-01-29 11:00:00,21,OTHER,year 2 , arts,,114.0733090481058,8.235441151404512,4,5,7.959483581966386,2.9619624715768715,0.8521090726595091,1,0,8,6,,Single ,Alone ,4,8,1,6,3,7,3.8666517307242634, yes ,6.5934673391522045, No, NO,no
2024-01-29 12:00:00,19,female , YEAR 4,commerce ,6.1 - 7.0,65.06564029747253,8.173313983731115,,4,8.943386406642674,6.070294915452513,3.9398342910225272,4,1,6,1,1,single, hostel,6,1,2,12,9,10,6.155407476290865,Yes,16.330717713327946,YES,YES,NO
2024-01-29 13:00:00,23,Other, year 2, Engineering ,9.1 - 10.0,49.56760586720603,2.685270829022479,,,7.389852025825478,,,,2,10,5,10,in relationship, home ,4,9,10,3,5,,9.934144605822683, No ,1.1642483843048126,yes, NO, yes
2024-01-29 14:00:00,29, other,year 4 ,engineering,4.1-5.0,70.36443390800261,6.421562403836315,2,,3.367502329666153,10.604710820813315,3.128197910720316,7,3,10,17,1,In Relationship,HOSTEL,6,4,4,4,9,,0.8246028217199142,YES,2.8279494266728067,, YES , No
2024-01-29 15:00:00,27, MALE,YEAR 1,Arts,6.1-7.0,45.11284521410626,6.750274123254962,2,4,3.4536194105782796,11.625770620123644,0.4358736045515732,4,4,8,,12,In Relationship,home,,3,5,,10,10,9.315167309101083,Yes,0.37224242631088433, yes,No,no 
2024-01-29 16:00:00,27,other,YEAR 1, Law,3.6 - 4.0,42.79110978070412,8.401554749471433,9,5,2.882075650522105,3.8063306319128536,,1,6,1,5,4,IN RELATIONSHIP,HOME,9,7,,8,9,1,18.269673505281123,YES,2.571541599526541,No ,,Yes
2024-01-29 17:00:00,18,female ,year 2 ,Arts ,7.1 - 8.0,71.19012202930809,11.96185739875419,6,,9.543797759948188,,5.382440966984285,8,2,9,7,4,IN RELATIONSHIP, PG,4,8,4,2,4,3,7.791701921096487,YES,2.244808668362764,NO , YES ,no 
2024-01-29 18:00:00,28, other,Year 1, SCIENCE ,8.1 - 9.0,54.873818365052536,0.40372587052514497,1,3,7.382013582715041,8.155739607003312,6.335010849838116,,5,9,17,,in relationship,home,5,5,7,5,,,1.0264896687654745,yes,7.283451708222962,yes,YES,NO
2024-01-29 19:00:00,25,OTHER , Year 1,,3.0 - 3.5,45.72242847388165,0.782791935209842,8,,8.319278003724197,6.531246454285292,,2,2,,8,9,SINGLE ,alone,7,,,10,7,2,2.9086288055413343,,7.5593678151408,yes ,NO,yes
2024-01-29 20:00:00,26,male, year 3 ,Engineering,,65.43475524925793,0.9354008331710251,7,9,4.649258694594914,7.222756561017639,6.815181907566144,,4,9,2,8,,Home ,8,,8,6,,5,2.7111652600484835,no,5.560571901375686, yes,YES, NO
2024-01-29 21:00:00,26, Other, YEAR 3 , Law ,9.1 - 10.0,94.90844437104369,8.915749613867481,5,4,5.6833736806140625,1.5089723404699986,6.984324718541523,,4,6,2,3,,,1,10,10,5,7,20,,,2.2623728055535093,, Yes,YES
2024-01-29 22:00:00,28,Other, Year 4 ,,8.1 - 9.0,83.4515467992493,,,4,2.3182362546935424,9.528408037797403,2.854545918736177,8,5,6,10,2, in relationship, PG,7,6,9,1,1,9,1.199653581742891, NO ,0.055380274368188154, NO,YES,No
2024-01-29 23:00:00,17,female,year 1,MANAGEMENT,,88.93695492082165,7.469422493884142,2,20,9.11205920348078,3.5558875659602744,3.0148392671434623,5,5,4,5,1, single ,Home,10,15,1,9,5,1,8.162636371578762, Yes ,5.3644377745303125,Yes,YES,YES
2024-01-30 00:00:00,29,Male,year 4,arts,,92.3148393255182,3.8960265347215013,3,6,,4.684304590024048,4.065925669499202,2,0,3,,10,SINGLE,home,9,4,11,10,1,7,6.82173580213775,NO,3.9951955426337715,YES,No, no
2024-01-30 01:00:00,22, Male,year 4,science,6.1 - 7.0,186.13645503762302,5.487839474528531,6,3,8.278490678914354,3.5118908380431124,0.3379479603369733,7,1,3,10,14,single,home,2,3,3,,8,8,8.610648376368388,YES,1.6587816437879201,NO,Yes,Yes
2024-01-30 02:00:00,,Male, YEAR 1 ,ENGINEERING,2.0 - 2.9,85.79479441085039,,0,1,2.466416541449532,11.40539016651257,7.966146375715728,3,2,2,1,, Single ,HOSTEL ,2,6,8,5,1,,2.2262487522160743,no,1.4060923762020359, Yes,,yes 
2024-01-30 03:00:00,29,other, year 2, Commerce ,6.1 - 7.0,76.50447531636878,10.393278735654505,0,,,2.855939981946437,,6,0,,8,8,in relationship,Alone ,4,7,1,6,6,2,6.2047284304607855,YES,, yes,No ,YES
2024-01-30 04:00:00,24,male ,Year 1,Law,,61.92555281813483,7.0338038899563164,0,8,4.673365262035691,9.055509044199864,3.766746506853808,,5,9,6,4,, home ,1,2,10,3,,8,8.509559855777,Yes,1.0420058903580776,No ,Yes ,Yes 
2024-01-30 05:00:00,26,other, YEAR 3,ARTS ,,50.89859419346297,11.334759162987032,7,8,4.104501402733374,3.7032202333239033,6.03805662507721,5,,7,3,2,IN RELATIONSHIP,alone,9,6,2,9,2,18,0.504495669457472,Yes,4.392491971550539,no,yes ,yes
2024-01-30 06:00:00,25,Other,YEAR 1,management ,4.1-5.0,,6.8951549964519545,5,6,8.70767870824855,5.674115810191402,,9,2,3,8,5,In Relationship , PG ,5,3,1,4,4,1,5.505915711479824,yes,7.328223351904801,NO,yes, YES
2024-01-30 07:00:00,18,,year 2,science ,,,,2,7,3.5586860656049595,11.95668064889335,1.613051388434891,4,1,8,1,8,SINGLE ,,3,10,1,6,8,2,7.272225314114494,No,6.331771732004195, YES ,YES,no 
2024-01-30 08:00:00,27,Female,YEAR 4,,8.1 - 9.0,68.04152107713514,2.0504452060617053,9,2,6.256995722711796,2.1063441866637285,1.019600967853978,9,4,9,3,6,single,home,6,8,9,6,3,4,3.715746339794739,Yes,7.531434015112092, yes, yes ,no
2024-01-30 09:00:00,26,, Year 4,Engineering,8.1 - 9.0,83.42076208556846,,6,9,6.571048782554498,10.694951541952314,4.224138472650214,1,2,,9,8,In Relationship,pg ,7,2,10,2,8,3,3.535400720269517,no,1.9862324071102524, no, Yes, No
2024-01-30 10:00:00,18,female ,YEAR 3,Law ,3.0 - 3.5,69.70554699958937,8.706782367970414,5,,,11.406548858957668,0.043986300022043956,,,1,6,3,in relationship,HOME ,4,5,1,9,7,2,0.32298367034877096,NO,7.61679676940648, No,NO,yes
2024-01-30 11:00:00,21,female, year 3 ,engineering ,7.1-8.0,65.9160054018086,0.5913450003490759,4,2,3.9255034538436737,8.68050024422207,5.6761655280306345,1,4,9,,5,In Relationship ,Alone,2,8,4,2,6,,4.897068049632187, No ,,yes,,NO
2024-01-30 12:00:00,29,OTHER,year 3,management,3.6 - 4.0,,19.270897206934567,,5,,1.1095840870885583,3.6911160037528292,9,6,,9,16, Single,Alone,5,9,7,10,10,6,5.963074688516334, YES,5.045303156428397,YES ,YES,No 
2024-01-30 13:00:00,21, other ,Year 4 , COMMERCE,6.1 - 7.0,70.27748097590185,4.94607656171534,3,1,5.30719393815218,10.028784424349587,4.254582605184235,8,6,7,7,3, IN RELATIONSHIP,hostel ,7,7,5,5,,6,7.403945798243104,YES,,NO,YES,YES
2024-01-30 14:00:00,22, MALE, year 3, Commerce ,5.1 - 6.0,62.0137397119225,3.686500641878286,0,5,7.818479964293319,10.70499120371859,2.105637191138781,8,6,3,,7,, ALONE,10,9,10,2,6,7,0.8633369256818157,No,7.9539318831635075,yes,No,yes
2024-01-30 15:00:00,, OTHER, YEAR 1,Commerce,7.1 - 8.0,84.92639930930847,1.8487295247664113,8,10,6.551217410710009,11.790275725767271,1.4260244399084998,,,4,1,1,SINGLE, pg,10,9,5,9,6,6,,Yes,3.502116385119117,YES,YES,No
2024-01-30 16:00:00,24, Other,year 4,science,5.1 - 6.0,92.456321595491,10.078847454678787,,4,8.582489348289826,,5.599917369979274,9,2,7,,8,Single ,Home,3,8,,,10,6,2.575411887434378,No,1.5001450783315144,no,yes , no 
2024-01-30 17:00:00,,Female,YEAR 2, law ,,92.97311839871105,0.7660965478692083,1,6,3.727134585869334,5.901456640371732,1.6821882690109122,3,6,9,4,,Single , Alone,2,7,6,8,8,8,2.0687834189127208,NO,4.591507013188499,YES, Yes,NO
2024-01-30 18:00:00,17,,year 4,ENGINEERING,2.0 - 2.9,53.66192280554955,3.4780255485556837,8,5,7.402452988584209,8.575146443633226,,7,5,8,,10,SINGLE,HOME ,2,6,6,1,6,,2.4565662425041177, No,2.0446371522255244, Yes, no,YES
2024-01-30 19:00:00,22,FEMALE ,YEAR 1,,6.1 - 7.0,93.75454832388945,3.6765947259084526,6,18,,6.336413631530737,1.629380156093931,6,7,8,2,,single ,Hostel,4,3,8,,2,,,no,3.487870603751823,NO ,No , No
2024-01-30 20:00:00,20,Male , YEAR 1,Management,,60.493073911306304,1.9308634075620041,7,5,3.1724571278514118,4.883201844749843,4.90146482443799,5,2,1,,4,In Relationship, HOME,4,8,10,,10,7,7.327847617606449,Yes ,1.6644266125430454,NO,yes ,No
2024-01-30 21:00:00,17,MALE,,commerce,8.1 - 9.0,58.55845992911786,6.098218599442443,2,,2.199593569248618,7.890691424657934,5.150976512512864,9,,6,8,,In Relationship,HOME ,5,3,9,6,3,,4.356905854110539,yes,3.094121273078505,YES,NO ,no 
2024-01-30 22:00:00,23,OTHER, year 4,law ,8.1 - 9.0,83.60536344389416,0.1404315217307115,6,2,20.286601231375712,9.468156836059535,4.045164728172003,4,1,6,1,10,IN RELATIONSHIP,alone,3,,2,2,2,7,0.6317372599460747,no,0.7402070284900484, NO , no, yes
2024-01-30 23:00:00,25,MALE,,law,6.1 - 7.0,58.281780405177365,3.6117061849249095,0,3,3.005524108516319,7.994908653460125,,3,0,5,3,14,Single,Alone ,1,9,,9,3,3,3.47391733151325,NO,2.278353645320684,Yes, No , No
2024-01-31 00:00:00,29,, YEAR 4,MANAGEMENT ,4.1 - 5.0,,11.203553328396769,5,3,7.639611429495319,10.092362044108327,,3,0,1,1,7,in relationship, HOME,4,10,14,2,1,1,,No,4.8695420041626525,No, yes ,YES
2024-01-31 01:00:00,20,MALE, YEAR 2,arts ,3.0 - 3.5,,3.7263548321040685,9,3,7.221479671575873,2.9401247206008065,7.06656916124396,2,7,3,7,9, SINGLE, Hostel ,1,,10,6,,5,2.118857875649849,,17.623470272613602,NO ,NO, Yes 
2024-01-31 02:00:00,20,Female ,YEAR 3,law ,3.0 - 3.5,83.28793602150094,4.3255126452810195,5,6,4.733760339588212,9.738584114210969,1.3538255387064853,1,1,12,1,1,In Relationship, PG ,8,9,9,10,,10,1.2931763170992638,NO ,,no , NO , NO
2024-01-31 03:00:00,22,Female ,year 1,LAW,8.1 - 9.0,59.61750521621059,5.677980578808858,9,,8.678794102932667,4.438443940076529,2.6976869796304497,3,2,10,9,10,In Relationship,pg,,4,10,3,,4,, yes ,0.21238366579444534,YES ,no,no 
2024-01-31 04:00:00,28,FEMALE, Year 1,,8.1-9.0,77.77354335970878,6.740320498217697,5,7,3.4266259956433185,3.1353985363457832,1.1629369671771013,8,2,,8,6,in relationship,PG,2,9,1,5,7,1,8.800870841022949,Yes,7.309449059144308,YES ,NO,YES
2024-01-31 05:00:00,19,female, YEAR 3, Management,3.6 - 4.0,79.60716665578782,9.704503737848928,2,7,6.682622824401912,5.87491760233886,,6,5,5,3,6,IN RELATIONSHIP ,PG,5,2,,13,1,5,6.249474408761028, no,5.15485151572219,no,yes, Yes
2024-01-31 06:00:00,29,other, Year 1, law,1.0-1.9,84.02416070358137,2.2838546778722115,5,12,11.071043889878851,11.426601601511333,5.1060584011387755,2,7,2,4,,,HOME,5,1,,3,1,6,2.5055921507948553,yes,2.6972257866746965, NO,no , yes
2024-01-31 07:00:00,28,male,YEAR 1,law,9.1 - 10.0,93.82782797865619,,,1,9.007480162801857,6.918091208778786,3.6280318761040986,8,2,3,9,2,In Relationship, Home ,1,8,1,9,2,7,1.7428600405820849,Yes,2.9312314988594457,No , No,No
2024-01-31 08:00:00,22, other ,YEAR 3,,4.1 - 5.0,65.95386995610589,9.090592285726672,9,6,7.12002462729549,4.150453643740097,5.761288397216061,5,3,1,10,8,SINGLE,home ,5,6,4,4,7,10,8.419573028249566,Yes ,0.2513468198939055,yes ,yes,no
2024-01-31 09:00:00,23,female,year 1 ,,7.1 - 8.0,49.98592459974742,8.671804015938664,8,3,8.554199808644197,10.878174403060857,10.557113686388721,4,5,6,6,6,SINGLE,,8,,9,9,7,18,,No ,7.794587306365499, Yes , Yes,Yes
2024-01-31 10:00:00,27, other,YEAR 4,Engineering ,9.1 - 10.0,59.13554292591336,,6,3,,7.743832828888404,,1,7,8,5,10,single, Hostel,10,9,4,3,9,4,, yes,6.883872004990911, Yes,NO ,Yes
2024-01-31 11:00:00,26,Male, YEAR 2 , ARTS,3.6 - 4.0,,0.2596882796950162,3,3,7.367945176228761,4.8802141599438835,1.9332988553964903,1,0,4,5,10,Single,home,2,9,5,13,3,,,No ,0.5231745984178975,, no, YES
2024-01-31 12:00:00,26, OTHER,, science,9.1 - 10.0,82.8334881596868,7.128152410897008,,9,3.869669107436968,6.9218139521273585,2.5631940401398294,4,,2,1,,IN RELATIONSHIP,Home,8,3,9,4,3,4,,no ,5.452488003505916,yes,YES,No 
2024-01-31 13:00:00,19,MALE,year 2,Engineering,9.1 - 10.0,40.78732753369801,,5,4,,4.0157588279811005,3.042212432365762,19,7,4,1,6,IN RELATIONSHIP ,HOME,8,2,8,2,8,7,7.287089737454736,no,3.593794096150493,,YES,yes
2024-01-31 14:00:00,23,,year 1,ENGINEERING,3.6-4.0,58.94712300639274,7.013297569687631,8,5,7.764612232714728,,1.6301300762559991,10,6,10,3,10,SINGLE,Alone,1,,1,5,6,1,0.36339734641919197,Yes,6.4663854847522995,no,YES,
2024-01-31 15:00:00,, male,YEAR 1,law,8.1 - 9.0,86.79055486115901,2.55881838534637,2,3,8.347463670599527,8.763006447199958,2.8898898925713477,10,3,4,2,7,IN RELATIONSHIP ,,4,5,3,9,3,,1.755545694562769,yes,4.986915437557768,Yes,No ,YES
2024-01-31 16:00:00,29, male ,year 4, engineering ,8.1-9.0,80.25146219984173,1.0862387753905587,,10,,7.430801868082763,1.9043654148825215,6,2,5,,2,in relationship, ALONE,5,10,4,8,8,6,6.47148970173265,No,3.302473968391313,Yes , NO ,
2024-01-31 17:00:00,29,female ,YEAR 3 ,MANAGEMENT,6.1 - 7.0,83.90439841513631,8.39515743381282,5,1,8.32061453494645,2.028355496447175,7.965822843669346,1,6,13,1,4, Single,hostel ,,6,3,8,3,10,9.197334085741272, no,3.4913098890924976,, yes,No
2024-01-31 18:00:00,18,MALE,Year 1,COMMERCE ,9.1 - 10.0,88.70864616635168,8.661243327813715,3,4,5.549957402818845,11.705007703566435,6.266002723107251,8,0,,5,7,SINGLE , Hostel ,8,5,16,8,6,8,,no,5.212578773576519,yes,no, yes 
2024-01-31 19:00:00,28,female ,YEAR 3,,7.1 - 8.0,86.99414313267773,2.070380408245304,4,1,8.861162786963046,1.5427061525477366,6.880136560088852,18,6,7,3,6,IN RELATIONSHIP,PG,3,4,6,8,1,6,1.4967800770852757,yes ,5.237690012914695,No, no,No 
2024-01-31 20:00:00,26,Female,YEAR 3,arts,3.6 - 4.0,80.93098996916669,0.33828378595843533,2,7,2.199230177428741,1.912335295098302,7.377175174805286,2,5,9,7,8, in relationship,PG,1,1,3,6,4,7,9.248237202413065,Yes,4.461063817293671,NO, yes,
2024-01-31 21:00:00,20,FEMALE, year 3 ,ENGINEERING,,66.37969194223544,4.899402158678364,1,7,2.667960566518805,8.71524653615247,5.320007932786595,6,2,7,8,6, in relationship, home,7,4,,7,6,3,8.653317154397566,no ,7.073284822991054, no ,NO, yes
2024-01-31 22:00:00,28,Other,YEAR 3, Management,,,6.992624425596265,8,4,8.210814458141453,8.788199533739053,,7,5,,10,, in relationship, PG ,4,10,9,10,5,8,9.09789469168528,YES ,6.2346234349628515,No,yes,Yes
2024-01-31 23:00:00,24,OTHER,,law ,3.0 - 3.5,74.14439173540443,8.472028914806295,,5,6.992717022642658,1.2082908654944906,6.068208555804341,1,2,4,6,1, single,Hostel,10,3,10,5,4,5,3.041729734974104,,0.9491050248112982, YES ,yes, yes 
2024-02-01 00:00:00,29,OTHER ,,Law,6.1 - 7.0,52.16615256213035,9.719340109834834,5,10,6.472162029084147,8.070292894099577,0.12489173301748213,5,1,5,5,5,IN RELATIONSHIP,HOME,5,3,4,6,10,7,9.23551471864362,NO,6.975026595158744, Yes, no ,YES
2024-02-01 01:00:00,25, Other, Year 4 ,SCIENCE ,3.0-3.5,57.56877130628706,7.326449127680788,4,7,,1.3658601625410212,0.9058435136852712,5,0,7,23,10,in relationship, HOSTEL ,,5,5,3,1,7,5.8130910000640625,yes ,1.6142983830815307,Yes,YES ,no
2024-02-01 02:00:00,23, male,year 3 ,Arts ,6.1 - 7.0,81.6137473582282,1.3305673031818204,9,6,9.441525019377206,11.568469932790297,0.2366756665079821,3,7,6,5,10, Single,Alone,4,1,3,,4,6,6.669469992384283,no,7.6032483805607844,no ,yes,
2024-02-01 03:00:00,17, Male,year 2,,4.1 - 5.0,95.48437391196782,,7,4,7.2442962515045295,8.65756853216229,1.0835609302490283,,2,9,1,9,in relationship,home,1,,5,10,1,3,,No ,6.458512369984286,NO,YES,No
2024-02-01 04:00:00,19, other,year 1,Management,3.6 - 4.0,50.72320775235385,11.810119714738585,,4,7.179808933278688,3.0523591145304656,6.016033917129157,1,4,3,6,2,, home ,8,16,2,3,10,1,3.5539799051511967,No,7.272992299545293,yes ,NO,no
2024-02-01 05:00:00,29, MALE,YEAR 3 , Law,3.0 - 3.5,44.94078974474718,10.867015015168846,7,2,8.075767037649822,2.73915266976461,7.0838445482571455,,4,,6,7,SINGLE,ALONE ,9,14,2,5,4,6,1.128538023692679,NO,5.41249453582499,,No,
2024-02-01 06:00:00,28,male,, SCIENCE,7.1 - 8.0,92.89186288252037,10.460026911234152,4,10,,7.266285329924498,,7,6,10,15,9, in relationship,HOSTEL,3,8,5,10,3,9,,Yes ,5.212461562599615,Yes,yes,
2024-02-01 07:00:00,25,Female,YEAR 3 , Law ,3.6 - 4.0,94.91667873477006,,9,2,4.09529982590684,7.968705982002589,0.9530175726807428,2,6,4,17,4,in relationship ,PG,10,10,7,1,7,2,5.8763217935262375, Yes,1.9928758823244088,,YES, No
2024-02-01 08:00:00,28, Female,, Science,7.1-8.0,56.58276071895396,9.009458117448007,5,4,6.933990873866432,,2.183677509251285,2,5,9,4,4,Single, home,4,,1,,6,2,3.1686375554185053,No,5.008910277636825,,NO,no
2024-02-01 09:00:00,17,,YEAR 2,Commerce,9.1 - 10.0,62.637143462274395,10.213241351581747,4,5,6.671799708419802,10.936532641349178,5.176910019544038,5,,1,6,10,In Relationship,PG ,5,6,3,10,6,10,1.1969782096900783,No,,Yes,no,yes 
2024-02-01 10:00:00,25,,year 2 ,,,79.6112798498715,8.139914455575157,1,4,3.07879585198674,5.317867884640272,2.801624322236865,5,6,5,8,5,In Relationship ,alone ,10,2,1,6,10,1,7.09636288258925,yes,1.2271409133391469,No,yes, YES
2024-02-01 11:00:00,, Male , Year 4 ,COMMERCE,9.1 - 10.0,59.79580125054849,3.0067410788157662,9,3,6.162535791285696,,7.689168193063118,3,1,4,,6,in relationship ,Hostel ,9,12,8,8,3,1,5.28535537751047,YES,2.8808095735748136,No ,no,Yes
2024-02-01 12:00:00,17,Other ,YEAR 1,Law,8.1 - 9.0,92.62952249620318,11.4460076624995,9,2,2.556404117923723,6.966180388484072,1.047830371491366,3,5,5,9,7, IN RELATIONSHIP , Hostel,5,9,2,,6,2,0.4108392080058887, NO ,5.297150686325615,yes , NO ,YES
2024-02-01 13:00:00,22,male, YEAR 4,arts,5.1 - 6.0,46.454722162831764,5.4098329375041105,5,4,3.479676699218717,6.1764035466222165,7.922740190355309,,2,13,,18,, Hostel,7,7,6,7,3,1,6.7252724766505025,no,,yes,no,yes
2024-02-01 14:00:00,21,Male , YEAR 3, Engineering,,,1.5576667039905527,,5,9.303704655345443,8.688677106635666,0.16048377944900866,3,6,1,8,6, single , PG ,3,4,,5,7,6,8.615020046202188,No,3.5044699793381016,No,yes ,NO
2024-02-01 15:00:00,22,MALE,year 1,ARTS,4.1 - 5.0,52.509172404567366,1.317334740688704,2,1,2.953945452338748,2.1351445747911915,3.6135437258318506,9,6,8,8,3,IN RELATIONSHIP ,PG,1,3,9,2,,5,7.757219455331681,No,,Yes , No,NO
2024-02-01 16:00:00,26,female,,ARTS,3.0 - 3.5,57.16526669229814,7.770227847588549,2,1,6.631330398774356,3.919251563057638,2.014494185444873,2,7,3,10,2,IN RELATIONSHIP ,PG,6,19,6,5,9,8,21.087029841855973,No,1.288082299458635,no ,yes,no 
2024-02-01 17:00:00,28,FEMALE ,Year 1,engineering ,2.0 - 2.9,46.7755954773325,5.25251575700087,6,6,4.587845567944589,9.98438953952527,4.5302837530001145,1,7,,4,20,, pg,23,4,10,2,10,10,3.3789484110981585,yes ,3.2240523325380686,yes, yes , yes
2024-02-01 18:00:00,29,,year 2 , MANAGEMENT,5.1-6.0,43.941425760438804,1.1338065021475634,9,5,6.4425063258129,6.544867221711499,0.7724066558485765,16,4,,4,9,in relationship,home,,5,6,9,2,,0.8808084483336021,YES ,2.2762962918503984,Yes, NO, No
2024-02-01 19:00:00,29,OTHER,YEAR 4,COMMERCE,,85.33646281010789,8.884374865873136,3,17,3.8797883396192248,10.988477801303034,,,0,9,3,3,IN RELATIONSHIP, PG,6,6,1,1,1,4,7.141269653282362,No,3.5775508620746637,No , NO,yes 
2024-02-01 20:00:00,29,Male,YEAR 4, Commerce,6.1 - 7.0,49.85659395413544,9.591902007103435,1,1,,1.9757410727120195,1.0922112032903764,,,7,5,4, In Relationship, alone,8,10,7,3,4,9,9.019671502231754,No,1.6728353506266607,No , No,YES
2024-02-01 21:00:00,21, Other,year 2 , MANAGEMENT ,4.1 - 5.0,94.83533194397825,8.704987569437415,8,20,8.938667465186086,4.447540920780496,7.2721520137974665,4,1,8,,3,SINGLE ,home,9,5,6,9,8,4,3.189969439314979,No ,5.883840277411256,Yes ,YES,No
2024-02-01 22:00:00,22,FEMALE, year 2, engineering,3.6 - 4.0,,2.427130532208155,8,4,5.009735822554851,4.911048820844402,,8,2,4,,7,IN RELATIONSHIP,,8,9,8,5,7,9,2.6535886274595466,no ,0.035383041027267303,No,Yes ,No 
2024-02-01 23:00:00,,OTHER, year 3,,8.1 - 9.0,80.23634858328072,8.277305471952833,5,3,4.824247504007485,5.6499235499546945,2.487936777123278,5,6,,9,4,SINGLE ,pg ,5,1,1,4,6,4,7.148594390371984, YES,,no,NO ,YES
2024-02-02 00:00:00,27,MALE ,,arts ,9.1 - 10.0,53.524126886128016,0.12867363473262117,1,7,5.568944634157322,11.855020567206731,,6,,4,1,6,SINGLE, PG,7,6,8,6,10,2,7.282038340778642, Yes ,2.4530711570287256,,yes,No
2024-02-02 01:00:00,28,male ,year 4 ,law,1.0 - 1.9,54.41936610951201,3.6613456761409107,2,2,2.803942753954522,4.417289854750218,7.82277316596027,6,6,10,4,6,in relationship ,Home ,20,4,8,5,7,2,8.295511723738612, YES ,2.8739548185921215,NO,Yes ,NO
2024-02-02 02:00:00,21,female,YEAR 3,,3.6 - 4.0,74.48255217205451,4.785858376890525,4,10,5.098776196704439,6.705506982619769,0.09617094104327162,6,6,8,6,9, Single,Hostel,,4,1,7,4,6,7.458746915971299, No,1.3693191934532782,no,YES,
2024-02-02 03:00:00,20,FEMALE,year 4,management ,3.0 - 3.5,73.63857550875917,10.022963386626019,4,1,2.0552020050253246,6.896784562581019,2.8191627241036876,2,0,4,5,,single,Hostel ,4,3,7,18,8,6,, yes,7.745432165678507,No ,yes,NO 
2024-02-02 04:00:00,19, Other,year 2, law,5.1 - 6.0,86.12375368072489,4.684732476832851,8,4,6.027177161191615,,2.4222086186900027,10,4,4,4,7,In Relationship,ALONE,,5,7,10,4,7,4.230060890276896, no,0.42369983861950633,NO,Yes ,No 
2024-02-02 05:00:00,19,Female, year 1 ,Engineering,4.1 - 5.0,85.46879834165595,,9,8,8.783528633211436,15.0815270054826,5.258988732654025,10,5,10,3,1,SINGLE,Home,9,8,7,5,10,7,,NO ,2.2644344619147807,,yes, no 
2024-02-02 06:00:00,20, FEMALE, year 1,Law,6.1 - 7.0,80.24126587981966,4.228156941936113,2,6,6.416584831581055,7.6631114068256165,0.45102373397636075,,1,3,2,8,single,alone ,7,4,3,10,8,3,, NO,1.1753366457235686, no ,NO ,NO 
2024-02-02 07:00:00,25,MALE ,YEAR 4 , LAW,1.0 - 1.9,66.94783395360946,5.987089180311447,1,9,6.861801425648156,9.286608558370027,6.484942173418096,7,5,3,19,2,In Relationship,home,7,7,3,1,5,10,1.0876174113007864, yes ,3.858138189056932,YES,NO,no 
2024-02-02 08:00:00,18,Female ,YEAR 3,ARTS,4.1 - 5.0,162.75431536277912,,9,1,2.244506970078131,2.1124520514793987,3.732190373654525,3,3,4,10,4,SINGLE ,HOME ,2,8,8,9,9,7,2.1794831282669467,YES,4.479988301432415,no, NO, yes 
2024-02-02 09:00:00,25,FEMALE, year 2 ,Engineering ,2.0-2.9,77.35470941327793,11.292411645474537,7,1,8.876119840928602,11.598193358774664,3.6221805660903614,2,7,2,3,10,in relationship, Home,9,5,8,2,7,9,5.053401364697315,YES ,1.5705610104476015,yes,yes,YES
2024-02-02 10:00:00,17,MALE,,LAW,2.0 - 2.9,99.41190942774143,2.170488458656939,6,5,5.080028422402068,10.309345936873928,1.8143190430565506,4,2,3,4,7,Single, hostel,5,10,8,7,21,,5.704825473142438,yes,5.242437802565092,,no ,yes
2024-02-02 11:00:00,17, Male,year 2 , COMMERCE,2.0 - 2.9,140.7784721229988,2.2217585008734186,8,6,9.798821444853655,5.276498749854177,3.920374138425254,8,,2,1,6,In Relationship , Alone ,10,,3,3,10,7,0.7060440059322015,no,4.421271865997696,Yes ,Yes,Yes 
2024-02-02 12:00:00,21, other,year 4,ENGINEERING,,42.65858867429957,3.2992598385614498,2,22,2.96372295624208,9.012593479811176,2.911147642682856,9,0,6,1,4,IN RELATIONSHIP,alone,3,8,4,10,6,4,3.0336346453491325,,6.737009205687381, yes,yes, No
2024-02-02 13:00:00,22,FEMALE,YEAR 4, commerce,9.1 - 10.0,59.23563442481907,9.467063188969238,5,3,9.5573750782819,,1.961091490018151,10,1,3,,21,SINGLE ,pg,,10,2,6,2,8,7.492924540476242,Yes ,7.252339953960909,Yes,Yes,YES 
2024-02-02 14:00:00,22, male,year 1,,3.0 - 3.5,74.31254298825709,0.13042389064893797,4,15,7.074327250690584,23.016585863073505,1.3493355073716824,2,,11,9,7, Single , ALONE,10,3,13,5,6,2,,YES,5.556116620643508,YES , No,YES
2024-02-02 15:00:00,19,, Year 4,,3.6-4.0,83.28817227228923,1.526126378302528,4,3,2.418722402324753,3.0714850764745734,5.826684542988091,6,7,,4,6,,pg,2,4,,6,1,8,1.2993168143504807,YES ,5.042184149057902, no ,NO , NO
2024-02-02 16:00:00,23,Other,year 3 ,SCIENCE,,73.02018986571649,6.455515579729187,9,8,9.773592622693851,15.65988624821861,1.1363437867464494,8,7,8,10,5, IN RELATIONSHIP,pg,3,10,3,10,14,3,5.187164037825436,yes,4.843140839976318, Yes,no,
2024-02-02 17:00:00,25,FEMALE ,year 4, management,3.6 - 4.0,87.16782534773091,2.9707448026411862,,4,,,1.3438559691270973,3,6,5,,5,In Relationship,hostel,6,7,4,5,5,5,1.4974065883843568,No,1.3369444335602596, No ,yes, NO
2024-02-02 18:00:00,27,Female, YEAR 4 ,LAW,3.6 - 4.0,86.82963198661183,,0,2,7.8456013495279295,2.2713703645926953,4.616570778106337,9,1,,6,7, In Relationship, PG,1,9,7,,7,3,7.220527289558141,YES,7.065919539083905, yes, no,NO
2024-02-02 19:00:00,28,other ,YEAR 4, Engineering,4.1 - 5.0,,4.318536148006012,0,9,9.116239587104758,20.37077006357007,1.8086200585778993,4,6,5,14,6, Single,home,2,4,,8,1,6,1.5699507503392518, Yes,2.8817120614446017,Yes,, Yes
2024-02-02 20:00:00,26,MALE ,YEAR 2,management,9.1 - 10.0,43.235001027386204,,2,10,3.406492433841259,9.943033042699355,3.675011654750981,5,6,,6,,SINGLE ,HOME,4,,1,1,2,6,0.9666952589320998, NO ,5.531248123730874,,, yes 
2024-02-02 21:00:00,24, Other,YEAR 2 , Commerce,8.1 - 9.0,74.39882467429132,6.133251678171414,1,8,4.746857525582468,7.516800973370211,4.423338822451571,7,3,4,7,7, single ,Hostel ,1,6,1,15,,8,4.407226605854273,Yes,3.52526354623374,, Yes,
2024-02-02 22:00:00,22, FEMALE ,Year 1, LAW ,8.1 - 9.0,81.3159712405297,11.75080312596235,1,6,6.489834724310882,7.39854571602287,2.1954380558546482,5,3,3,1,5,,home,6,9,,2,9,9,0.9472506971010519,yes,7.223221236345475,NO,NO ,Yes
2024-02-02 23:00:00,28, Male ,,MANAGEMENT,5.1 - 6.0,59.56898302716169,1.4916556417790212,,3,7.438474286759704,9.244625712047226,2.748434006956006,16,,17,8,7,in relationship,HOME ,4,4,1,5,8,5,8.160779508430561,no ,,Yes,no, no 
2024-02-03 00:00:00,24,MALE, Year 1,arts ,3.0 - 3.5,76.8150510913526,4.472720458009132,3,2,8.975006942356753,10.966933042975716,1.6816546164187631,,2,9,11,7,SINGLE, ALONE,2,,6,6,,5,8.26842374663028,no,4.479906201423524,No ,NO,yes
2024-02-03 01:00:00,28, other ,Year 4 ,Commerce,5.1 - 6.0,43.12943385119976,11.183820214469696,0,4,8.088563767026447,5.632266879543927,3.6833959132983427,5,5,4,9,2,IN RELATIONSHIP, Hostel,10,8,4,,9,9,5.1172717933276,,1.4997880658037177, no ,No,NO
2024-02-03 02:00:00,,,year 2, Commerce ,9.1 - 10.0,45.95760077780822,19.622746284003057,9,4,4.906649150551502,,7.939199274699226,3,2,7,4,4,,home ,4,3,,1,4,10,5.724639731189186, Yes ,4.43231508894089,YES ,,NO
2024-02-03 03:00:00,24,other, YEAR 3, SCIENCE,3.6 - 4.0,,4.731252417411367,8,1,8.573758494293347,10.228993228700169,2.9016952069462683,9,5,,,10, Single, Hostel,8,2,6,7,7,4,1.325945373361186,,1.62064917733184,NO,yes, No
2024-02-03 04:00:00,26,other,,arts,,62.08418231303793,8.387439174236839,,9,9.728613768696107,4.758085605678283,5.226643033948314,2,5,7,18,4,Single,HOSTEL ,6,16,7,8,3,6,2.7664451081564643, no ,6.356110075500234, no,NO, Yes 
2024-02-03 05:00:00,28,Other, year 4,science,5.1 - 6.0,80.28004186618034,1.0542841629761468,4,10,3.8158894499330884,2.4716435053164942,5.087155608154652,7,6,8,8,7,In Relationship,home,1,4,1,1,8,10,1.2100226557747096,NO,2.9385148116917392,Yes,,yes
2024-02-03 06:00:00,, male, YEAR 4 ,management,5.1 - 6.0,89.90326721679509,8.550492666523382,8,8,2.592764747635435,7.760780401571145,6.291854662793129,4,1,8,2,8,Single, HOME ,5,13,10,10,,7,2.1437249890703347,yes,3.3946786894371437, YES,Yes,
2024-02-03 07:00:00,26,male,year 3,ARTS ,,91.15734624856701,11.674292753816898,4,7,5.412957855535168,7.3589231773285855,5.695347498003457,8,5,10,8,1, single,pg ,6,7,2,4,8,3,3.945282331530403, NO,5.122512248650847,,NO ,
2024-02-03 08:00:00,24,Female,YEAR 1,Commerce ,8.1 - 9.0,50.330058727867055,6.449857834010299,7,6,9.051176831660406,6.216708271526276,0.0942378717761363,7,2,6,8,7,single, hostel,4,9,6,2,9,6,6.818449027174815,yes,0.6876555500479187,NO,No,NO
2024-02-03 09:00:00,26,Female ,,Science ,7.1 - 8.0,69.17713434108079,5.981882724412971,0,3,3.202332039033558,10.457769686718748,2.473736740029379,8,7,,5,6, single ,Hostel ,4,10,10,5,6,,7.279629816525995, yes,2.518296943925405,no,,
2024-02-03 10:00:00,28, Other,year 1, law,5.1 - 6.0,84.03560341794919,2.247823436422924,0,4,9.08638550305608,3.9944841894370464,6.961867823023364,,2,2,,10, IN RELATIONSHIP,home ,3,2,9,2,4,6,4.444716589788059, No,7.466682058339641, Yes,Yes,yes
2024-02-03 11:00:00,18,,,ARTS ,1.0 - 1.9,86.43883577601463,7.605458386887502,3,2,,1.1455879181281814,4.316401748616998,2,3,8,7,, IN RELATIONSHIP ,pg ,10,4,8,9,3,1,2.93040823045277, yes,6.896945822954373,yes, YES,yes
2024-02-03 12:00:00,28,other, year 2 ,,2.0 - 2.9,87.08055884373266,7.085247369346979,7,7,2.432017847065251,4.558155908364199,,,1,5,4,8, Single,alone ,21,3,10,9,3,9,8.096428204750875,NO,1.8496993748695783, NO,No,No
2024-02-03 13:00:00,28,female ,year 4,ENGINEERING,3.6 - 4.0,53.69004006283507,7.823196713709006,2,2,5.9620509908438715,2.034819663510541,2.2090951013930322,9,7,8,6,5,in relationship ,HOME ,6,3,1,10,12,6,4.375665646398006,No,4.102679377943951,No,,Yes
2024-02-03 14:00:00,21,MALE,Year 4,Arts,6.1-7.0,51.5520890634264,0.3129994402166618,,,4.631083957706002,6.979503319865232,2.267088922340654,,7,6,10,7,IN RELATIONSHIP,,9,7,5,5,8,6,5.605185789587082,YES ,4.666545206690994,YES,Yes,yes
2024-02-03 15:00:00,25, Male, Year 4,,8.1 - 9.0,75.40074809642175,6.5846818601888835,8,1,5.149438839450488,5.160731221458327,,7,4,,6,8,,hostel,7,,7,5,8,4,2.667446101754698, YES,2.4131561680745355,No , YES , Yes
2024-02-03 16:00:00,20,OTHER , YEAR 1 ,MANAGEMENT ,9.1 - 10.0,84.46514786429319,7.139218121968476,8,6,5.6130780187704685,9.953370149427945,4.4272101685647,6,,,6,7,Single,HOSTEL ,9,6,,4,8,5,0.6651615072231398,NO,2.7811047174793018,Yes,yes,no 
2024-02-03 17:00:00,,Other ,YEAR 3 ,LAW ,4.1 - 5.0,59.1483709320516,2.4903616249536262,8,4,7.917631651609518,9.773438877398993,4.866588966763197,2,7,9,9,10,single, Home,15,3,7,1,9,4,3.933304275706243,,7.823659118555277, Yes,No,
2024-02-03 18:00:00,22,OTHER,year 2,,9.1-10.0,,2.4999942898624323,8,8,6.73039762536941,5.781023426285301,2.9365175248003323,9,0,9,2,1,IN RELATIONSHIP, PG,2,8,1,10,1,6,, no,1.1082688343568217, no,NO ,yes
2024-02-03 19:00:00,17,Other,,arts ,2.0 - 2.9,83.00478297460465,3.314618022131398,,1,9.689608705734242,3.3813380094440535,,5,3,3,10,6, in relationship ,HOME,6,22,4,3,7,21,2.7655817618364154,yes ,,YES ,yes,No
2024-02-03 20:00:00,25, FEMALE ,year 4,arts,1.0 - 1.9,57.98186988280027,8.54065910072685,3,18,4.662116793916272,5.646728525365267,0.6019862639742284,3,0,5,8,1, single , Hostel,7,12,4,,10,1,1.2638660557413939,Yes,2.8339629470841503, No,no,
2024-02-03 21:00:00,17,,year 2,law ,,49.98176345870331,7.2751927623884605,1,6,6.332032659861942,8.05449505797992,3.3630603330220863,4,1,7,8,4, SINGLE, pg ,2,9,9,7,9,3,6.420279893340178,,1.9125003751723897,no,NO, NO 
2024-02-03 22:00:00,21,OTHER , year 2 , Law,,48.8634117038279,10.149151753413655,6,12,20.567239942397773,3.092265797301981,,4,6,8,1,4, in relationship, PG,1,,6,7,2,2,,no,2.0842927343901696,Yes , Yes , Yes
2024-02-03 23:00:00,20,FEMALE , Year 4, science ,,58.89457285160297,3.547902862117178,2,8,4.984227335949441,9.503512771273332,0.8341004762751636,9,4,7,2,8,in relationship,,6,5,6,7,4,5,0.23230277980544778,NO ,2.26637755918252,YES,,YES
2024-02-04 00:00:00,29, OTHER, YEAR 3,COMMERCE ,6.1 - 7.0,75.56068395482473,,,5,5.7223936048872766,4.636162314788012,2.0979483586494343,5,6,3,4,6,In Relationship,hostel ,8,6,,7,6,8,9.908301777774353,no ,2.2952147003521395,no, NO ,NO
2024-02-04 01:00:00,28,Other ,Year 4 ,,,107.70967882186581,8.924473943800301,6,5,7.479796421481814,11.253946944091501,5.936370884805413,2,4,7,5,7,single, Alone,,9,5,4,17,5,3.8222806145170543, yes,2.032331937934882, no,,No
2024-02-04 02:00:00,29,,YEAR 3, Science,8.1 - 9.0,41.2397110956059,4.740140040164364,7,5,8.885953748834451,6.630575833020687,0.5841464351770354,6,7,1,5,, SINGLE , ALONE ,8,4,9,9,22,9,6.552015314063038,No,6.739880339090438, No,No , yes 
2024-02-04 03:00:00,29,Other,year 2,commerce,,45.814506080668664,1.143144787505471,8,19,5.32545176339063,10.318391875426943,3.585807273902768,,4,5,6,7,IN RELATIONSHIP,hostel ,6,5,2,4,10,1,9.83581066450938,Yes ,2.142336517367072, Yes,NO ,No
2024-02-04 04:00:00,19,male,year 2,,1.0 - 1.9,57.43019483191715,3.08380394984979,,7,6.255603777173921,,6.6086972765122285,8,0,9,7,7, in relationship ,PG ,6,9,10,6,1,6,6.3458518349575685,YES,6.894721647215492,,NO ,
2024-02-04 05:00:00,29,MALE,YEAR 4, SCIENCE ,4.1 - 5.0,79.58226892882551,11.481218606578203,6,10,9.800978282326712,7.100620281566115,2.1433985211242303,,6,2,1,10,in relationship,hostel ,8,4,,1,9,3,3.1165200943871207,no,7.754146786586544,Yes,yes, Yes
2024-02-04 06:00:00,22, MALE,YEAR 2, Science,5.1 - 6.0,45.91090440811203,3.7243605106089523,8,7,2.339753295576032,8.503431468336235,2.4149937218432997,8,2,3,7,2, SINGLE,HOME,3,2,,1,10,2,4.883262072065034,YES,2.2306295644714167,YES,No,NO
2024-02-04 07:00:00,18,female ,, commerce ,5.1 - 6.0,73.63941121004092,3.9588115217887734,0,20,5.5858297332763565,9.926402360785369,12.1315734685363,8,0,,6,19,single ,Hostel,,9,5,6,1,4,1.0279359465931448,,,yes,YES , no
2024-02-04 08:00:00,19, FEMALE,YEAR 2,Engineering,3.6 - 4.0,47.19315224944025,2.275067173172604,3,2,7.087854809033604,8.0895825485071,5.200028642110077,4,6,3,5,8, IN RELATIONSHIP, PG,6,13,4,1,1,,1.6923938682578488,Yes ,3.6491863712093977,No ,No,yes
2024-02-04 09:00:00,21, Male ,YEAR 1 ,commerce,1.0 - 1.9,52.69691964096289,9.682207213665185,3,8,2.067419660497001,9.769647559108726,6.381696761070509,7,4,8,6,8,SINGLE , ALONE,4,6,4,1,,9,3.116469564242629,No ,6.773562467284815, YES ,NO, NO
2024-02-04 10:00:00,25,other,year 2 , MANAGEMENT,3.0-3.5,50.331311653345765,3.3077307629073283,4,1,6.774292012531316,7.224622930463725,2.3136337323506853,9,3,6,8,4,SINGLE , Hostel ,,,4,6,1,9,0.8475090153081377,YES,4.272632919835516,YES, YES,no 
2024-02-04 11:00:00,18, MALE,year 4 ,ENGINEERING ,9.1 - 10.0,44.03371813424863,3.9630989804262677,,2,2.449599637304072,4.052681944122812,,10,3,7,6,7,, ALONE,7,3,12,8,10,8,1.135056589495158,NO,6.118183464307654,,Yes,
2024-02-04 12:00:00,26,Other,year 4, science,3.6 - 4.0,80.27978904319542,4.972177301179519,9,7,8.860467173185466,3.526951037460374,1.1271709592798187,4,5,5,,9, Single,Home,9,8,6,9,9,,8.395351673405024,YES ,3.80511097299975,no,YES, NO
2024-02-04 13:00:00,24, male ,Year 1,engineering,3.6-4.0,67.80421284316208,5.204739357295317,0,4,8.456688764068527,9.781335065960333,15.408831278999473,9,6,10,6,8,In Relationship, PG,2,9,3,18,,10,5.011523598337878,,5.047271168453763,No,NO , No
2024-02-04 14:00:00,18, other ,Year 4 ,Arts,3.6 - 4.0,89.86320645384029,,5,10,2.25804109438877,1.9474141474278341,7.216792953213492,4,0,7,9,2,Single,alone,,,6,1,9,3,3.2255493907317403,No,,Yes,YES, NO
2024-02-04 15:00:00,27,FEMALE,year 2,Law,4.1 - 5.0,45.933450398939016,6.044924344496744,8,10,,9.75449517185901,8.073986495988368,1,7,10,1,8,IN RELATIONSHIP ,home,6,3,6,7,5,3,1.735847428492373, YES ,0.4991572304940819, no,YES,YES
2024-02-04 16:00:00,,Other ,year 2,Engineering,8.1 - 9.0,48.68397600028433,,9,,8.02891145249282,5.279465297959738,4.682371839657178,4,5,10,3,3,IN RELATIONSHIP,,9,4,16,2,6,7,4.042140384321954,No,4.708681414541208,Yes,yes,Yes
2024-02-04 17:00:00,21, Male,Year 4 ,,3.6-4.0,92.92902240694052,,7,19,4.956359140626483,,,2,5,3,3,4,,PG,7,1,2,7,,4,6.977915022166612, No,6.619796957861597,Yes ,Yes, yes 
2024-02-04 18:00:00,23,FEMALE , year 2,law ,8.1 - 9.0,,9.579757605160163,1,3,6.6002063035065985,5.6686888767910855,2.454256849536484,6,0,16,9,3,SINGLE, Alone,6,,9,10,9,,9.453251215751097,Yes,2.307506129161186,Yes,NO,no
2024-02-04 19:00:00,24,,YEAR 3,arts,8.1 - 9.0,58.34552938934193,1.21349806939785,6,,4.1626261581230715,4.305525305872364,4.219758256436126,8,5,6,,8, single,alone,5,1,10,10,3,1,5.387852829016035,no ,3.221890484062185,NO, NO , Yes
2024-02-04 20:00:00,17,other ,YEAR 3,,1.0 - 1.9,64.50512244992156,9.59614563929777,4,9,5.306606092757148,7.511474010609145,7.219006349836037,6,1,,6,4,in relationship ,Alone,8,3,8,4,5,1,3.002261332929627,Yes,1.6409018579888013,YES ,,YES 
2024-02-04 21:00:00,22,Other,YEAR 2,Law ,,58.096213977829876,,1,10,4.368616940380492,6.197792964031942,0.5459922978788887,9,0,13,9,1,IN RELATIONSHIP,pg,2,6,7,,8,7,5.098630113906912, No ,1.6771694090223885, YES, YES,No 
2024-02-04 22:00:00,17,Other ,,arts,8.1 - 9.0,44.8134575080618,3.7161276158968803,0,8,3.9737096017919047,4.264551301971851,7.244229354857755,,5,8,10,,,PG,3,8,9,9,5,,1.276614985942952, YES,2.456658430825411, No ,YES ,YES
2024-02-04 23:00:00,18,Other,year 1,law,3.6 - 4.0,96.36601737377124,11.374353259619529,1,1,5.586459505914675,10.48492538846067,11.31148254440313,7,5,8,5,9,In Relationship,PG,6,,8,1,10,2,6.771367012724278, YES ,,Yes , YES,
2024-02-05 00:00:00,17,female,YEAR 4,Law,4.1-5.0,72.91233952427133,9.832774136466496,9,6,7.97340932230149,5.475035673301258,6.15875863151574,5,0,10,10,1,,Alone ,1,8,9,,4,5,3.2846874376142954,NO,3.850228755321771,,Yes,Yes 
2024-02-05 01:00:00,27,Female ,Year 1,Commerce ,3.6 - 4.0,87.2699912911298,6.628925602416103,5,7,15.638639724138166,6.177589909819566,0.5177448242701281,8,4,6,9,8,single,ALONE,8,6,8,6,4,2,,no ,5.52960553393202,, Yes,YES
2024-02-05 02:00:00,21,FEMALE,year 4 ,Management ,2.0 - 2.9,145.99169852312397,10.499642453734346,7,8,6.873426463517748,10.312913772277033,1.5020533512398169,2,7,8,9,2, Single ,HOME,9,1,,7,5,9,6.585413415705287,No,7.484982505828907,yes, no,yes
2024-02-05 03:00:00,26, FEMALE,year 2 ,management,9.1 - 10.0,70.85525674371851,,2,,5.760628771664674,,7.402094394659266,2,5,5,,7, SINGLE,hostel,2,3,10,,3,9,4.761368746876343,,5.842910205752587,NO,, no 
2024-02-05 04:00:00,25,MALE,YEAR 3,,2.0 - 2.9,45.38069539956281,,4,1,4.59786912162253,5.2888245595551915,0.9924115877850666,8,7,1,8,1, IN RELATIONSHIP,Home,9,2,1,1,10,1,2.3057869081902913, YES ,,no, Yes,NO
2024-02-05 05:00:00,22,female , Year 4, Management,2.0 - 2.9,78.56401271621826,7.354781243778216,1,4,3.1480706028839034,,,6,7,4,9,6,Single , hostel,5,,6,,4,7,0.9193849447153701, NO,4.08555187084204, yes , yes,yes
2024-02-05 06:00:00,27,Other,year 1, MANAGEMENT,1.0-1.9,,,7,1,4.836523672912008,6.454082206723518,6.261540397540304,2,2,6,9,10, IN RELATIONSHIP,Home,8,8,,,5,1,1.8817430884506103,NO ,,yes,No, yes 
2024-02-05 07:00:00,27,OTHER,YEAR 3, law,3.0 - 3.5,64.8629901613766,2.7856674283839933,3,2,7.321588929710921,2.1673265159534583,2.9313074172706313,6,4,9,8,10,Single, Alone ,11,6,3,8,4,7,5.700323002871469,Yes,0.5259810653294474,YES,YES,yes
2024-02-05 08:00:00,17, Female,YEAR 1 , Science,9.1 - 10.0,176.71328348426002,2.005498338225592,9,3,,2.129261333745065,5.590321690278218,8,2,4,4,8, Single ,PG ,1,4,6,3,3,8,5.1959481573084565, YES,, Yes,,No 
2024-02-05 09:00:00,29,other ,YEAR 2, commerce,1.0 - 1.9,86.9337400283274,9.11496900018087,5,4,5.753452351265708,5.5805755134250745,0.5246121063619285,14,,6,8,6,in relationship,HOSTEL ,4,4,10,10,1,1,0.09460095150408465,YES,5.294766973425283,YES,, no
2024-02-05 10:00:00,17,FEMALE,year 3, Engineering,3.6 - 4.0,81.10271054251717,4.138857539929228,2,6,7.159978196664365,1.3633190918140063,3.9901472243411424,,6,18,2,9, In Relationship , PG,1,9,9,2,,3,,YES ,6.8499344896882945,Yes,yes ,Yes 
2024-02-05 11:00:00,18,OTHER ,year 1,commerce,1.0-1.9,80.29201174327773,1.620844275671208,7,8,3.684328655074018,3.8048279496559863,2.6754649419975314,6,4,5,3,1,IN RELATIONSHIP ,Hostel,1,1,5,,9,10,0.40145557355127703,No,1.2777897786759214, Yes,yes,
2024-02-05 12:00:00,25,Male ,Year 4, ENGINEERING,3.6 - 4.0,48.94253255051245,,7,9,,3.2129442914872,8.953107839126,3,1,9,9,9, Single,pg,5,2,1,8,10,5,0.7801775945620704,No ,7.0742080386929524, No,Yes,No
2024-02-05 13:00:00,19,,year 2 ,ARTS,3.0 - 3.5,60.767712404295274,4.303642414494904,2,4,8.927491605411397,6.383248874559323,7.112038768568768,9,5,10,10,3,In Relationship,Home,2,4,10,9,2,10,7.118943891175275,NO,6.354832589075556,yes, NO, NO
2024-02-05 14:00:00,17,FEMALE, year 2 ,LAW,8.1 - 9.0,94.35814681577915,11.582731914068289,8,1,4.562623418180203,1.1227551294003166,1.0039273449865727,,7,6,4,2,in relationship,pg,4,,7,6,8,7,6.461051936528489,,,YES,yes ,Yes
2024-02-05 15:00:00,21,female , YEAR 2 ,MANAGEMENT,1.0 - 1.9,83.16861359058788,,9,5,6.3816979143594175,8.433067952903675,3.6024612197778225,5,6,3,2,8,Single,Hostel ,,9,9,7,15,,2.154246789910329,no,7.859206658966702,Yes,No, Yes
2024-02-05 16:00:00,23,female, YEAR 4 ,,7.1 - 8.0,97.15515887904515,6.370275808796807,4,18,6.853296227321754,10.411460378438097,3.385550452028105,6,7,2,3,,,alone,6,5,10,1,10,3,6.628274289872628,,0.3124287143960105,,NO, no
2024-02-05 17:00:00,22,,YEAR 4,Science,8.1 - 9.0,55.84662341074455,11.62647766419126,9,9,5.77944031027712,,2.5903619071513715,4,,3,7,5, In Relationship,HOSTEL,2,,2,5,9,8,0.18970424583680812,,6.358573273722739,Yes ,YES ,
2024-02-05 18:00:00,28, Female,YEAR 3,commerce,6.1 - 7.0,45.26180254973856,10.837676885690168,8,6,9.289137228462298,9.998859862982,,3,4,6,9,1, single,PG ,3,4,9,6,3,6,2.7808622056871846,No,3.428343091587334,Yes,Yes, YES
2024-02-05 19:00:00,17,MALE, Year 4,commerce,1.0 - 1.9,68.53420460521922,14.3459002966653,6,5,7.917735574345457,8.076480441780053,7.045827822791732,,4,10,13,1,In Relationship,home ,2,,5,10,9,1,7.595465025313653,,6.922986966984325, NO, YES,Yes 
2024-02-05 20:00:00,21,,YEAR 3 , COMMERCE,3.6 - 4.0,91.40189338765413,10.86815562452377,9,10,7.380083940869861,6.581037378280558,7.7892954701267945,5,,8,19,2,in relationship,Hostel,4,10,1,6,,7,,NO,5.826663235925142,YES,YES,Yes 
2024-02-05 21:00:00,21,female,year 2 ,Management ,9.1 - 10.0,73.11845171630678,,2,10,14.369118704574854,3.409237570406342,0.02274309907080241,3,6,8,3,16, in relationship ,home,16,,4,,3,9,8.555820981004207, No,,No ,No,
2024-02-05 22:00:00,22, other ,,Commerce ,1.0 - 1.9,42.8066290114068,2.7650479842794957,,5,2.6787786395099387,4.0758898245115045,5.912252344905009,2,1,5,7,12,IN RELATIONSHIP,alone,9,9,,7,5,1,,No,1.919972447531598, YES,Yes,No
2024-02-05 23:00:00,19,other,Year 1,law,3.6 - 4.0,98.45633443167677,2.7921381218650216,9,8,2.8625710209607726,4.4947880409146945,4.920649602504167,6,2,1,1,9, SINGLE ,Home,7,10,3,4,7,7,8.626362995601427, No,7.619363319784789,No,Yes, no
2024-02-06 00:00:00,21, female,year 2,engineering,3.0 - 3.5,89.71899459775605,7.947786293305521,1,1,,1.4181943641313215,7.956097177490761,8,1,1,6,,in relationship,Home,17,2,5,5,7,2,4.861606345309941, Yes,1.177556569789056,no ,no ,
2024-02-06 01:00:00,23,Other, year 2 ,Management,2.0 - 2.9,47.89564462309061,6.012843848487325,5,5,3.6921781469513073,11.043976485530903,0.7194511671093569,3,6,7,3,4,in relationship,hostel ,7,3,2,6,2,1,1.014794005764773,yes,0.547911259973981, YES, Yes,
2024-02-06 02:00:00,21, MALE , YEAR 3, Law ,1.0 - 1.9,95.30786539021054,7.907410164065361,4,1,14.631871145916612,10.903329728967114,6.490770412621624,6,,2,2,4,single ,HOME,10,3,5,9,7,1,0.46623826451931194, NO,1.234075688735203,NO,no, no
2024-02-06 03:00:00,21,Male,year 2, Arts,5.1 - 6.0,67.04129731631132,8.232911571146039,2,7,5.278500149213857,2.185556344829507,7.471425435642393,9,3,4,4,3, SINGLE ,,8,3,9,4,7,3,0.012968703858857733,NO,5.762256855846565, yes,No ,
2024-02-06 04:00:00,21,Other , year 4 , law,6.1 - 7.0,,0.2678744747726114,6,7,9.012843509270017,7.123629221050584,7.2969250553825376,,1,,9,9,,Home ,5,4,3,4,2,13,6.370472876352928, Yes,0.31703674220806555, No,,Yes
2024-02-06 05:00:00,26, FEMALE ,year 1 ,LAW ,5.1 - 6.0,67.66319983163129,0.6484751081748281,3,10,8.544637469329853,6.144054236242194,4.484581633742522,3,3,5,6,2,IN RELATIONSHIP , pg,,5,7,7,10,10,2.220646209265018,NO ,3.4625175299704383,no , No,yes
2024-02-06 06:00:00,26,,YEAR 3,arts,8.1 - 9.0,90.07431741225683,6.392132719094999,,8,8.50056218189676,8.51755396746195,2.6204491601337407,2,5,8,9,9, Single,,7,6,6,1,9,16,1.459514014543456, yes,0.7310069612728292,no, YES,no
2024-02-06 07:00:00,19,Male, year 3 , LAW,8.1 - 9.0,79.56878069720715,2.292425733120923,8,,3.7256602011748123,7.63319426592168,5.119230696247071,8,,10,8,3, in relationship ,HOME,1,5,2,16,8,7,6.014174415353648, YES,5.497202057769589,YES,, NO
2024-02-06 08:00:00,17, OTHER , YEAR 2,Engineering,2.0 - 2.9,43.554907143983655,7.590405225653276,5,9,5.578574504006523,2.3675398129726384,2.4485759617858704,9,1,9,5,4,single , Home ,3,9,7,20,2,8,9.00319615675814,NO ,2.0238053386010737,no,no, yes
2024-02-06 09:00:00,21,Other,YEAR 4,Management,2.0 - 2.9,97.45626226697026,6.626228870047777,3,8,4.543615933177116,8.260854094579752,3.2981540744031976,10,2,15,8,21,,Hostel ,7,7,10,2,6,3,10.622191710004534,Yes,5.4772852390743605,Yes,Yes,yes
2024-02-06 10:00:00,25,Male,year 2, Science ,8.1-9.0,,7.029124300450695,9,8,9.763288030711358,7.697595343516414,3.565799878334876,6,3,9,11,,,Hostel,4,7,4,4,8,7,1.3401568098593086,no ,1.402156403460781,,,NO 
2024-02-06 11:00:00,,other,year 2, Arts ,1.0-1.9,84.73407710412107,3.629464557972128,1,3,9.013954410365361,6.843460017711861,2.415601411316774,16,6,5,8,6,,Home,7,7,6,15,9,7,2.5321315945777476,yes ,3.169885372946257,YES,YES, yes
2024-02-06 12:00:00,19,other, year 3 ,MANAGEMENT,4.1 - 5.0,78.16819182568787,15.200276572899382,8,10,3.9993892877847443,5.426468932305494,2.7346189179521962,10,6,4,1,5,SINGLE,,10,7,7,10,1,10,0.990124060345533,YES ,,No, yes,
2024-02-06 13:00:00,29, Female, year 2,COMMERCE,1.0 - 1.9,51.25168287679365,9.953911637820276,3,,4.508162886481292,11.504130934584808,0.058504951737476496,8,0,10,17,6,single , pg,10,2,9,10,7,4,3.3496676777604426,YES,3.072013775357097,yes ,Yes,
2024-02-06 14:00:00,29,female ,, Engineering ,6.1 - 7.0,50.24392456678298,11.976855043106845,3,9,6.231273900622596,10.343835174422274,2.3766309100931835,10,5,5,7,5,Single, home ,6,15,7,6,,,3.0860745226663977,YES,0.9121338017161387,, Yes,No
2024-02-06 15:00:00,20,male,year 2,,8.1 - 9.0,92.21965562228152,10.061332634066572,1,1,4.228846281051061,,3.778442993280067,7,0,9,4,,In Relationship,ALONE,4,10,,7,,4,7.776328846318789,,2.9596618883217847,YES,,yes
2024-02-06 16:00:00,17, male, year 2 , ENGINEERING ,5.1 - 6.0,65.18169540997583,6.689985116159369,4,,8.59623973269529,1.0701560779437806,1.3840589617388854,2,1,8,7,2, SINGLE,Home,7,1,9,7,9,1,9.867362644946306,NO,3.636883459722773,no ,No ,YES
2024-02-06 17:00:00,17,MALE , YEAR 3 ,engineering,2.0 - 2.9,79.2745908504483,2.3211551001594786,5,2,8.55385022323849,5.753355663867505,6.4446766148240116,7,2,10,,10,,Hostel,17,6,6,4,9,10,9.991839737786593,No ,3.6677660307681084, yes, yes,
2024-02-06 18:00:00,24, FEMALE ,, Commerce,5.1-6.0,70.2442602314004,8.177350513437851,9,9,7.794723502634123,8.70373701405109,,1,1,5,7,9,in relationship,hostel ,8,3,4,3,3,4,3.85943461678392,YES,5.673869849190631,,No, no
2024-02-06 19:00:00,18,Male, YEAR 4,science,8.1 - 9.0,83.64121102455758,11.251845426695738,5,1,7.514481638048345,2.2902365824644155,6.351045345435861,8,4,10,3,4,Single ,HOME,7,6,10,4,10,18,7.9309871647495935,no ,0.9975351363890796, NO,NO,no
2024-02-06 20:00:00,28,male,YEAR 3,ENGINEERING,3.0 - 3.5,68.75454250235984,2.542398476787629,2,1,6.3784120599595315,5.472045782289165,1.0248274589711306,5,7,,2,10,In Relationship,Hostel,2,6,5,9,7,9,2.79124979186132, NO ,5.918013703399297, NO , no ,Yes 
2024-02-06 21:00:00,24, Male , YEAR 2 ,COMMERCE,8.1-9.0,57.2427949153341,3.071947446318925,8,,4.776898056866538,3.1089774634790195,,9,0,1,9,6,Single , PG,8,8,10,10,,7,1.4301672164331647,Yes ,2.0316090998653227,yes, NO,YES
2024-02-06 22:00:00,23,FEMALE ,YEAR 1,Arts,7.1-8.0,61.803002259789785,1.7881025209398138,6,6,8.69550762218594,,7.666103417489094,3,4,9,,9, Single ,HOSTEL ,,4,1,7,4,,6.399538774483338,no ,3.556048971652488,No ,YES , No
2024-02-06 23:00:00,26, Other,, Commerce,6.1-7.0,91.54466166702056,8.84065972351682,2,1,8.870657370014179,1.293361244218054,2.8196318882927613,7,4,3,3,5,Single ,ALONE,9,9,4,3,,9,4.768987670715417,No ,1.3843771908563642,NO,yes,no
2024-02-07 00:00:00,26,male, YEAR 3,Law ,7.1 - 8.0,68.08208157536362,4.878738041083912,3,3,,2.394056204913893,2.2716192357405713,8,3,1,10,7,single, HOME,6,2,3,3,1,8,12.109860323368808,No,1.8837066639694964,yes , No ,No
2024-02-07 01:00:00,18,other,YEAR 3,MANAGEMENT,9.1 - 10.0,52.806959934676556,0.7523476666366089,6,10,5.188955311392634,6.002325351531866,5.174652342697156,1,6,5,15,5,,HOSTEL ,4,6,6,5,4,2,3.6629948729234973,no ,4.422753928121863,no,yes,NO 
2024-02-07 02:00:00,22,Male,YEAR 2,COMMERCE,5.1-6.0,96.0763232846352,10.499399897883363,7,2,2.213020643601796,10.880089131393584,5.087312884339239,6,4,10,7,9,single,Hostel,9,3,9,15,4,5,3.0205139276070025,yes,2.4102342850892446, No, YES, Yes
2024-02-07 03:00:00,22,other ,year 4 ,commerce,3.0 - 3.5,87.79602738990262,6.6920628564308,5,9,8.715819157597078,9.947141657711427,0.8997443112337171,2,0,,7,2,IN RELATIONSHIP, Home ,,4,3,5,3,4,9.277902984568401,No ,1.2768480376709093, NO ,NO ,NO
2024-02-07 04:00:00,19, female,year 2,COMMERCE,6.1 - 7.0,91.48753723337218,3.9731315040042694,3,5,3.4167459721763347,5.9838521557867255,7.414070277606282,8,0,6,9,3,In Relationship,Hostel,4,9,,6,2,1,8.835098609347833,no,,YES ,yes,Yes
2024-02-07 05:00:00,27, Female ,year 1 ,Engineering,3.6 - 4.0,99.93657771883107,4.127795712733164,1,6,7.390934118532262,9.66326332268638,3.832449242969279,6,7,7,10,5,SINGLE,alone,5,7,2,,8,13,1.2378299602240506, yes,6.69173248767184,Yes,,yes 
2024-02-07 06:00:00,18, MALE ,YEAR 4,Science,,81.69560178640614,3.483014642290881,9,2,4.85900654155496,3.946130846295513,6.11533131752476,3,7,,8,2,single , Home,4,1,9,9,6,5,6.523125025218869,Yes,6.5711869971185735,NO , YES,no 
2024-02-07 07:00:00,28,other,YEAR 4,commerce,4.1 - 5.0,49.61599594243522,5.465762068711702,7,8,8.528523625857321,2.045756241473417,2.8745414094685557,4,7,4,6,17,in relationship,HOSTEL ,9,4,8,6,2,10,3.5785666612574563,YES,13.26940546666815,yes,yes,Yes
2024-02-07 08:00:00,17,FEMALE,year 4,commerce,7.1-8.0,54.23006087791579,4.04450026185774,0,6,6.077495202030116,3.3052988237034704,,,2,2,6,10,In Relationship,pg ,1,8,,5,8,10,5.675296692849417, YES,0.13784036074218342,no,yes,YES
2024-02-07 09:00:00,22,Male,YEAR 2 ,Law,6.1 - 7.0,81.54672887449281,,,8,4.595215395612454,9.704309206442106,0.8901751686864179,9,1,2,5,3,single,PG,3,10,4,8,8,7,4.918918412307208,NO,5.488811755194611,No ,Yes, yes
2024-02-07 10:00:00,28, male,year 1,Law,6.1-7.0,86.78566331674732,9.28220702725553,7,8,,8.447527176029801,2.196149718103685,10,2,7,2,5, in relationship,home ,,4,8,1,,1,7.236519834903627, No,7.990298786430392,no ,YES ,no
2024-02-07 11:00:00,,Female,year 3,,7.1 - 8.0,,8.093535401332481,2,1,,2.006865004794394,7.94744916421037,,2,5,6,5,single,HOSTEL,7,1,10,3,8,5,3.098028171623323,No ,5.811733439084345,YES,Yes,No
2024-02-07 12:00:00,27, Female,year 2,Arts,9.1 - 10.0,55.418131233956245,3.5334827130494055,9,,8.308633735354423,12.821553714709953,5.26368147106651,9,6,5,6,10, IN RELATIONSHIP ,PG ,5,,4,6,9,3,6.885436002599251,No ,2.1266196699812854,, no ,NO
2024-02-07 13:00:00,25,Male,YEAR 3 , law,3.0 - 3.5,58.42724169232365,15.096202800981837,,2,7.688924790613388,,6.422258640340555,6,,2,5,8,IN RELATIONSHIP,alone,16,2,2,8,,,1.4320825605832854,YES ,4.512030347607504, No,yes,Yes 
2024-02-07 14:00:00,17, Other,YEAR 4 ,science,,135.22525499326775,,9,8,4.553712858772264,1.4945045160149175,,2,0,7,6,9,In Relationship ,HOSTEL ,16,,9,6,2,4,1.3369438256480204, no,3.824456792649924, Yes,NO, NO 
2024-02-07 15:00:00,23,other,YEAR 4, arts,2.0 - 2.9,50.308970698076614,0.8184748169127056,3,2,5.921664711548824,7.780599055096191,0.6319308143673386,8,3,2,5,4,single, Alone ,5,,2,10,7,6,3.476841778028088,Yes ,3.6721696158814146,no ,, No
2024-02-07 16:00:00,21,OTHER,year 2,MANAGEMENT,1.0 - 1.9,46.25459193308665,0.9395672038428571,1,4,2.609227084234603,5.170810267612032,1.3175554058799488,4,6,5,4,10,In Relationship,PG,14,1,1,6,2,4,9.971843686049139,yes ,5.781193253765138, YES,, YES
2024-02-07 17:00:00,21,MALE,Year 1, management,9.1 - 10.0,80.73184534513081,6.674040816597041,,2,8.620002146875386,,7.4237255359542775,8,7,5,3,1,single,Home ,19,5,1,4,3,7,8.610436618668206,NO,,No,,No
2024-02-07 18:00:00,18,Female ,Year 4,,5.1 - 6.0,86.74587638759022,7.669381540677639,4,7,4.1276384755499675,6.8099669757655645,7.215722276725036,,7,3,1,,IN RELATIONSHIP, alone ,10,8,3,7,6,3,6.207695199289404, NO,0.9548773728731428, no,NO,yes 
2024-02-07 19:00:00,27,Male , year 3 ,Law,5.1 - 6.0,70.05576426499033,2.536956189310849,,5,9.113801134709576,9.481507072140893,5.078793643246751,7,7,2,4,4,,PG,2,8,10,7,9,,3.0884525678390826,no,4.051740707010574,YES,YES,
2024-02-07 20:00:00,19, female, year 3 , Arts ,9.1-10.0,61.829962616103124,8.942641520298217,0,,6.774373544103408,7.127137717502327,5.917454678996719,20,,3,9,5,in relationship,Home ,8,2,7,1,9,2,1.640431007477321,no,7.791575171287742,yes,,Yes
2024-02-07 21:00:00,23,OTHER ,year 2 ,Commerce ,7.1 - 8.0,65.92256281158859,,1,13,6.542561297728339,7.523941909376208,6.5154298783162465,2,7,5,7,,Single,hostel ,3,9,6,16,10,2,7.4391128635245956,no,0.4923019568756626, No , Yes ,no 
2024-02-07 22:00:00,22, Other, YEAR 3,Law,5.1 - 6.0,63.30447003231711,11.079471218835437,6,8,3.3017499385137725,4.662030281489905,4.137953721360672,8,3,6,7,8,Single ,PG ,5,2,,9,2,1,2.0413893642089365,No,2.9643213635084216,, No, No
2024-02-07 23:00:00,28, FEMALE,Year 1,arts,5.1-6.0,97.59909449426051,2.0274504223024405,0,2,2.5562828767201315,2.38539827562703,6.60903566655464,2,4,4,7,8,SINGLE,PG,6,4,17,6,1,6,4.114277416134654, YES,4.0707328807734235,,yes, NO
2024-02-08 00:00:00,18,female,year 4,science,1.0 - 1.9,86.08539431314841,9.016491184296129,1,3,6.420932647854614,8.510055667640156,17.488749599823443,,7,7,4,8,Single ,Hostel,,10,10,,6,,5.291942168562667, NO,, no,No , yes
2024-02-08 01:00:00,22,,YEAR 3,Management ,6.1 - 7.0,52.48523289100662,1.0037170869992043,9,,5.743912986041792,,5.173814274158098,10,1,2,7,1,in relationship,Hostel ,3,4,6,8,7,6,, no,2.3574180361959485,no,No , Yes
2024-02-08 02:00:00,18, OTHER , YEAR 3,Science,6.1 - 7.0,63.05134912323881,,6,7,2.957464268618101,4.615888864394061,4.2305086706775805,7,1,6,2,7,IN RELATIONSHIP,,1,4,10,7,8,1,7.793776657040001,no,0.8867292911340066, no,,NO
2024-02-08 03:00:00,18, Male,year 4 , ARTS,9.1 - 10.0,72.64073748178659,6.62274167398975,0,10,15.616703719379416,3.3984834986712595,2.921262834121813,7,2,9,8,4, IN RELATIONSHIP, home ,,7,2,10,4,4,9.41277713959313,No,5.644343828404747, No ,NO ,YES
2024-02-08 04:00:00,18, Male ,year 2, science,8.1-9.0,76.77915172382131,4.660620535760888,6,8,5.33792095340572,5.273867848317402,1.5575715398291807,7,5,10,10,6, In Relationship,Home,2,22,14,,7,,1.466732160896902,no ,3.5122457400286233,NO,YES ,
2024-02-08 05:00:00,27,Male, YEAR 3 , Arts,6.1 - 7.0,68.09103376172602,10.134853772022806,7,3,4.083662403127096,4.423948297702082,5.253262300444571,4,5,5,8,, In Relationship ,,10,8,4,4,9,2,8.675614206319935, Yes ,4.981196229265922,yes, NO,
2024-02-08 06:00:00,19,OTHER ,year 2,arts,7.1 - 8.0,88.60759810071755,0.05244773743214681,1,7,8.306176745171108,,0.5010975335803538,,1,4,9,5, single,Home,7,4,8,4,1,8,10.785970429113453,Yes,4.819345636980034,YES,No,no
2024-02-08 07:00:00,18,,YEAR 2, science,3.6 - 4.0,86.0563611674939,6.2421528227822485,3,8,9.304513254215497,3.8622665564508005,7.65030068267392,,4,9,5,5,SINGLE ,PG,,4,1,,3,8,1.3578335231572902,YES,2.8620774790430845,Yes,No, no
2024-02-08 08:00:00,20,Male ,YEAR 3, engineering,8.1 - 9.0,,4.814692757173924,6,10,4.447701625512321,7.168253801462088,,8,5,6,10,1,,HOME,3,6,,3,5,,6.078108037731873,No ,0.2834262608238687, NO, No , Yes
2024-02-08 09:00:00,25, male ,,COMMERCE ,1.0 - 1.9,91.26576320690383,20.3941224281957,0,6,8.207599083213179,6.0134747306373,7.674902186143569,3,3,4,8,6,In Relationship , PG,1,9,1,9,7,1,9.302542794146765, NO,2.1416912625805677,YES,no,no 
2024-02-08 10:00:00,22,Male ,year 2,LAW ,7.1 - 8.0,,0.516809115673166,5,4,7.2201572560681075,9.81163255869075,2.1781960823675393,6,6,1,,10,In Relationship, PG,7,5,3,8,5,3,9.573880979447257,YES ,,,yes, no
2024-02-08 11:00:00,17,MALE, year 3, MANAGEMENT,3.0 - 3.5,86.71491092323859,9.978656258178932,4,6,9.917822270032733,5.709017366483824,,,3,9,10,,Single ,HOME,8,2,3,4,1,7,7.197709046658235, YES,1.6214675766328028,yes, No,
2024-02-08 12:00:00,24, MALE, year 2,COMMERCE ,1.0 - 1.9,97.384046766005,10.057106720483418,,,5.6329840822478,10.502636857247193,4.897001137496777,10,3,10,,, In Relationship, Hostel,4,9,9,3,1,6,4.9357349129741195, yes,7.501474905002766,,yes,yes
2024-02-08 13:00:00,28, Other ,Year 4,law,2.0 - 2.9,,9.994392148842035,7,3,9.685431956051636,,6.4821117292209784,14,5,3,8,10,SINGLE,alone ,9,,3,4,1,3,1.866837497314917, No,3.308938682695688,, no , yes
2024-02-08 14:00:00,23, male,Year 1, law,5.1 - 6.0,133.70346536987626,,0,2,4.522176453679117,,1.4313864217149597,4,6,6,10,6,IN RELATIONSHIP, alone ,4,1,3,2,8,8,13.521258764700404,NO,2.8175745555722687, No , Yes,
2024-02-08 15:00:00,26,Female,YEAR 1, MANAGEMENT,4.1-5.0,93.3371353414384,7.564878222732538,2,5,5.295634384567778,1.107876928875803,4.00088297166258,,3,1,9,5,SINGLE,home ,10,9,2,6,7,8,14.889092656572137,YES,0.8604105823504895,, NO,No
2024-02-08 16:00:00,19,MALE,,COMMERCE,3.0 - 3.5,86.33358240314077,,8,7,4.870606513164279,8.85327755677822,4.5516829286890905,4,2,6,,1, SINGLE,,5,7,4,,3,6,1.1108734768449968, yes ,2.209145205181743,Yes,no,No
2024-02-08 17:00:00,17,, year 4, MANAGEMENT ,8.1 - 9.0,95.59273248613763,10.175551095470398,7,3,4.147605576707007,3.584146420110292,3.1428353985619104,3,5,3,13,5,SINGLE,alone,,,8,16,4,1,2.5377851125554574,NO,,no,yes, yes
2024-02-08 18:00:00,21,other,year 2,ARTS,7.1 - 8.0,43.78780961946718,8.675702322103445,3,5,7.545780651442349,5.179793769504423,2.025861881744639,7,3,3,4,2,In Relationship, PG ,9,,6,1,8,8,3.073352173531081,YES,6.557030599510146,YES , YES,No
2024-02-08 19:00:00,29,other,YEAR 4,Management ,3.0 - 3.5,77.66542463569579,6.373844770791032,9,4,,5.184812657008542,,5,4,7,8,4, single,PG ,9,2,1,8,7,,,no ,6.1874203903590415,yes,Yes,Yes
2024-02-08 20:00:00,20,Female,year 1,Science ,2.0 - 2.9,48.67770028740685,19.921668233747596,8,7,4.445535565536772,10.310646601958808,0.6804710528406854,1,7,9,7,2,Single, PG,8,8,5,8,7,9,, Yes,5.480773096554255,no,yes , Yes
2024-02-08 21:00:00,,FEMALE,YEAR 4 ,,7.1 - 8.0,70.23383189755495,1.1318891598212666,6,2,3.0576996521462103,2.123020369822497,1.2318967288140446,8,7,6,9,8,Single, pg,10,1,10,9,6,9,2.439169022903105,,,yes,Yes , YES
2024-02-08 22:00:00,24,Other, year 3,Engineering,4.1 - 5.0,49.34481591120665,6.343869986122275,1,7,4.539005101865654,8.335866486852888,2.564084265054409,1,2,12,,7,IN RELATIONSHIP,ALONE ,2,3,8,5,9,2,5.674875494705238,No,3.2933704465325695,YES, YES, No 
2024-02-08 23:00:00,17,OTHER ,YEAR 3, engineering,8.1 - 9.0,47.684710539092755,3.4953179017973453,0,2,5.049850493470799,,7.358160011976475,9,6,9,10,9,, HOME,10,1,1,4,,6,1.458969386449458,NO,4.572097534238367,Yes , NO,
2024-02-09 00:00:00,26, male,YEAR 2 , COMMERCE,1.0 - 1.9,40.73010072292199,11.671433558675677,0,3,,1.2462287205137133,4.513682962407506,,2,,,4, IN RELATIONSHIP ,HOME,10,,17,9,1,4,0.4426468522653526, No ,0.3731974271614398, YES ,Yes,Yes 
2024-02-09 01:00:00,17, other,year 1,COMMERCE,9.1 - 10.0,77.81432874297425,10.28541540748682,2,5,4.858076270100724,11.624836186379978,2.9853895346476467,4,5,2,8,5,SINGLE,PG ,1,4,7,3,5,7,5.097448101067278,,5.6292810037911725,, no ,yes
2024-02-09 02:00:00,28,female ,YEAR 3, ARTS,3.0 - 3.5,61.54135700140516,,9,7,2.389780049785095,1.2024520183789358,3.221425721739469,10,2,3,9,9,In Relationship, pg ,2,3,5,4,8,6,0.3184202066067088,No,6.408919909868441, Yes,yes,
2024-02-09 03:00:00,20,Male, year 4, ENGINEERING,,46.3112970927383,11.204971622996784,1,6,5.712264863212136,10.252644043049688,6.702220739724505,,1,5,7,9, in relationship ,Home ,6,8,4,8,6,7,9.92043574360445,No,2.0773601908411683,No , NO,
2024-02-09 04:00:00,24,FEMALE , year 3 ,Arts,,59.37026666387859,4.162119654785685,3,7,8.689664777962456,11.573688616250202,0.214236596712837,9,2,,9,2,Single , hostel,7,7,7,2,5,5,, NO,6.325554747914627,,NO,
2024-02-09 05:00:00,21, male,year 3,,3.0 - 3.5,50.136645487095095,,7,6,3.442930334868148,11.923301204991084,0.09071246587511705,1,4,3,,1,Single,,6,4,9,3,9,9,7.778718936333361,no,5.671813789265935,No,yes,No
2024-02-09 06:00:00,18,OTHER , year 2 ,COMMERCE ,3.6-4.0,96.50168989009957,3.902858785280524,4,,,6.050334750676074,0.3686775690795123,,6,,8,3,In Relationship,,1,1,4,3,7,1,7.545157758509852,Yes,4.327881047059216,YES ,NO,Yes
2024-02-09 07:00:00,22,FEMALE, YEAR 4,Science ,3.6 - 4.0,59.20029314568089,8.793560636293837,4,5,,10.536532568752317,3.7536400049571057,9,5,6,9,10,in relationship ,,1,7,3,8,7,14,6.411106313720307, No,4.427773092141674,Yes , NO,
2024-02-09 08:00:00,21, Male, year 4,SCIENCE,8.1 - 9.0,60.03721139736339,8.837002941317389,,1,4.964824097200092,2.3457349733256554,4.649995156865399,15,5,,9,1,,PG,14,3,10,2,1,9,0.6997132978375897,Yes,5.640770611098884, no,,no
2024-02-09 09:00:00,18, MALE , Year 4,science ,1.0 - 1.9,90.39148020397514,0.22019851744912167,4,7,6.490245125708407,5.679227724756875,4.995750484063709,7,3,2,1,6,single, PG ,1,5,4,8,2,8,4.559849184296025, yes,7.98524879966784, No,NO,no 
2024-02-09 10:00:00,29,OTHER,YEAR 2,MANAGEMENT,8.1 - 9.0,149.78415363956262,4.332716379338342,4,,9.576594477303914,4.387724738013292,5.849096995204957,9,6,1,3,8,,HOME,10,8,5,7,10,1,2.789604804744555, No,,No , NO ,No
2024-02-09 11:00:00,27,other,Year 4 , SCIENCE,8.1 - 9.0,82.61029644418008,0.23319206890197464,6,5,8.087090002662437,5.346947556677864,,7,1,7,16,11,IN RELATIONSHIP ,Hostel ,10,9,9,1,5,8,2.982268992260022, yes ,, No, No , NO
2024-02-09 12:00:00,27,OTHER ,YEAR 4 ,Law,,78.16010823933763,11.965104211322982,5,1,7.4964652254503825,,2.0982774092249192,,3,6,7,4,SINGLE,home,1,10,1,8,3,3,3.7070921405317305,No ,5.596389069188205,NO ,NO,Yes 
2024-02-09 13:00:00,27,FEMALE, year 3, engineering ,,96.77177703691393,1.466361141950856,,8,5.327495555149429,1.9622822004703078,,6,0,6,4,10,Single , Hostel,2,10,9,1,8,10,3.2066314317615685,yes,0.23079198061651773,No ,NO,Yes
2024-02-09 14:00:00,19,MALE,YEAR 3 , SCIENCE ,5.1 - 6.0,52.42004989348271,6.513730747777313,1,4,4.298878691053079,11.97980356361493,1.19337678488528,6,1,5,10,1,Single, Alone,2,7,9,9,4,6,11.738670442644537, YES,7.158793911844118, NO, YES ,No 
2024-02-09 15:00:00,25,Other,YEAR 4,LAW,7.1 - 8.0,99.34235450534774,18.56023732493732,0,,6.3221128263670465,7.985738749406116,1.9551646112294128,3,6,,2,9,in relationship,,18,6,8,1,7,9,0.07451204366029418,NO ,7.78164446123027, no, yes ,No
2024-02-09 16:00:00,23,Female,YEAR 1,,4.1 - 5.0,89.85737065339079,2.4151632271307095,0,1,9.083548221290258,10.608693452294881,4.909221157734719,4,,8,4,10, Single ,,3,,10,5,5,7,3.6627237068078533,,5.811547067268399,yes ,YES,YES
2024-02-09 17:00:00,23,female ,YEAR 1,Law,4.1 - 5.0,75.33835533258053,,3,4,9.013940084090972,10.12665121762657,2.9312927497299404,6,1,3,6,,single,,4,5,8,8,6,5,,yes,2.7444176513901546,NO ,No,NO
2024-02-09 18:00:00,27,Female, Year 4 ,Arts ,1.0 - 1.9,79.74229746377495,7.28914513105381,1,3,5.564119589993737,9.42597298442687,6.143299495444726,6,2,,4,3, in relationship , PG,,4,8,,,8,2.578821934413522,yes,1.80576996417492,, no, YES
2024-02-09 19:00:00,22,OTHER,year 1, arts,1.0 - 1.9,78.92955259003685,3.0903484069268177,5,8,3.9697628258922926,1.43145884236491,4.291350394744537,1,1,8,10,3,IN RELATIONSHIP,,4,,4,6,,8,6.213266305337459,NO,,Yes,Yes ,Yes
2024-02-09 20:00:00,24,other , year 2,Law ,7.1-8.0,43.503773443549235,,8,9,,10.70123476773274,1.6963133369342938,,2,3,2,18,, Hostel ,3,1,7,1,3,6,5.6042109044047415,No ,0.07851256521637169, No, yes , Yes
2024-02-09 21:00:00,20,MALE,YEAR 3,Management,,100.90129905053995,3.5920374862723836,9,5,2.271907334075004,4.609632138359574,3.7390560046667094,8,3,5,9,4,,Hostel,3,3,2,3,,6,4.892752543761983,YES,3.4435350444115587,yes, Yes,Yes
2024-02-09 22:00:00,24, male,, science,7.1 - 8.0,,2.532276916066084,9,9,8.741313970367571,2.242330274040243,4.746950420709398,9,1,6,1,4,Single,alone,4,6,3,5,2,9,,no,5.176899611128212, NO ,yes ,no
2024-02-09 23:00:00,20,,YEAR 3, Engineering ,9.1 - 10.0,,6.699464957249003,7,1,4.118704270666304,4.772892270618935,6.92955977143054,2,1,1,10,2,single ,HOSTEL,6,10,8,2,6,13,8.358380691667067,NO,3.0108737237524164, NO, NO ,YES
2024-02-10 00:00:00,24,Female,year 1,Management ,2.0 - 2.9,,4.923763531715254,3,,4.871993128049334,8.092833410390005,,4,4,16,7,4,in relationship,PG,7,1,4,,2,3,5.672742876289516,No,3.505569196706843,Yes ,, YES
2024-02-10 01:00:00,25,,YEAR 1,Commerce,3.6 - 4.0,85.7223078033445,11.043431335637013,,7,21.146240791358714,3.5368907148435866,3.411838684130525,6,7,7,,2, in relationship,ALONE ,4,7,10,9,1,8,,NO,5.481822137569579, no,Yes ,yes 
2024-02-10 02:00:00,19, FEMALE,year 4 ,,9.1 - 10.0,71.47113655934857,10.560752378377847,0,6,2.9601924141832834,5.890549721448009,5.181406552780392,2,0,9,3,7,single,PG,8,2,6,8,1,9,9.492168703854507, yes,3.2722683703519593, YES,,YES
2024-02-10 03:00:00,19, Male, year 1,SCIENCE,8.1 - 9.0,40.789766285913856,10.285291005264483,6,4,5.689872630514396,5.449436679915153,2.382438237325659,7,1,10,6,5,, alone ,15,7,8,3,9,4,0.828003664242456,yes ,6.187323978023659,yes,,Yes 
2024-02-10 04:00:00,27,female ,,SCIENCE,3.0 - 3.5,84.17425580290708,4.311165296707171,9,9,2.978731039370663,1.5770925908705227,5.064026475598114,16,3,4,9,7,SINGLE , Alone ,5,4,8,6,1,2,4.915447736997347,YES,5.138740642556763,Yes ,Yes ,YES
2024-02-10 05:00:00,, MALE,YEAR 4,Commerce ,5.1 - 6.0,83.93305360317169,3.9062157795751826,2,3,5.5347885560905965,7.908907823210808,7.302339560234201,8,2,5,9,6,in relationship, HOSTEL ,,9,5,,7,,7.06013832277769,Yes,5.371193525951655,,YES,Yes
2024-02-10 06:00:00,18,Male,Year 4,COMMERCE,6.1 - 7.0,49.90892272659846,3.2107634769780886,5,1,2.3771165890298622,7.807315925217873,4.996342157308917,17,7,4,4,2, In Relationship,Home ,14,5,7,6,5,,7.971527560268149,yes,4.954487108992771,No, no, yes
2024-02-10 07:00:00,29,,YEAR 3, SCIENCE,3.0 - 3.5,97.39960530545281,6.534574244549727,4,2,6.140982608107641,,2.4301746993348425,10,3,3,8,2,single, alone,13,,1,8,6,2,0.008732516708741533, YES ,0.9577348765405382, No,yes , yes 
2024-02-10 08:00:00,26, Female,Year 1 ,COMMERCE,1.0 - 1.9,53.43448789246686,9.659743256814522,4,3,8.36567775257111,4.278057382946248,5.151867386963908,1,6,10,16,1,In Relationship,HOSTEL,1,4,5,3,10,9,6.821932328325394,,5.472633770813109,yes,Yes,yes
2024-02-10 09:00:00,19,other,year 3,science,2.0 - 2.9,67.46496204293196,3.7290792984426933,1,2,7.410373398329203,5.608461315062231,7.22203736666335,10,5,2,7,1,In Relationship,Alone ,,4,3,4,9,5,9.55705822095833,No,4.737858591445346,yes,, yes
2024-02-10 10:00:00,19,Other ,year 3 ,MANAGEMENT,9.1 - 10.0,,2.281129076256978,8,6,6.073352076619204,5.440013845843545,1.0963754461773112,10,5,3,6,5,SINGLE,hostel ,,4,4,8,3,,7.302388136116676,No ,4.594121889618059, NO, no, No
2024-02-10 11:00:00,21, female,year 2, Commerce,6.1 - 7.0,76.19693916703531,5.705805674199441,3,7,8.630069697193242,11.117182910843566,3.859575343163316,13,4,2,3,5,single, ALONE,6,3,1,16,6,8,4.190330156589716,Yes,4.7870332297404,Yes,yes,No 
2024-02-10 12:00:00,21, male, year 1,Management,6.1 - 7.0,62.52706720343275,0.8284130015719984,9,5,3.822303799673544,,2.5684075994862,,5,8,4,7,single,Hostel,,3,1,10,7,2,8.760072850323649,No,7.896594708023273,Yes,No,no
2024-02-10 13:00:00,,Male,year 1,Management,1.0 - 1.9,61.19040773258233,8.415348073556482,0,5,8.64637027987423,5.870405586265545,1.931739631147133,7,1,,9,1,Single,ALONE,9,,,8,2,7,8.786261377170826,,3.4884761328051557,Yes, yes, NO
2024-02-10 14:00:00,28,male, year 2, COMMERCE,9.1-10.0,89.61861263325684,6.220299195623204,1,7,4.210907836705409,3.775789876109214,3.169671810393141,,6,5,24,5,SINGLE ,ALONE,4,5,4,,6,10,6.88215211960645, No ,1.2929795194512397,No,, yes 
2024-02-10 15:00:00,26, male, year 3,SCIENCE,6.1 - 7.0,40.57370277102869,5.9564976956742495,8,6,4.899890729606095,1.0128496106645248,3.1517443678491475,9,0,1,7,2,Single,ALONE,7,5,3,10,6,7,6.660879616856449,no,4.102987303615312, YES ,no,NO
2024-02-10 16:00:00,29, MALE,Year 1 ,,9.1 - 10.0,87.87680625354534,3.60534455460027,6,8,3.0274416132839397,,1.6834639751458136,1,7,,8,10,,hostel,,15,2,6,5,1,3.4438084059099205, Yes,1.1995594006569545,No ,NO, No
2024-02-10 17:00:00,22,other,YEAR 3,SCIENCE ,5.1 - 6.0,74.28691394488473,10.85608125038084,9,,2.814038050897751,8.742780665700398,3.2290010280889705,3,0,3,6,,SINGLE, home,8,10,7,9,7,10,2.42500714883372,NO,6.450845875712077,Yes, No, No
2024-02-10 18:00:00,21,Female,YEAR 2,ENGINEERING ,5.1 - 6.0,99.16591080881194,1.0858355021946324,1,2,,8.50745152713207,5.069854562259366,10,1,9,1,7, in relationship,ALONE,8,21,,8,,8,6.298121347776747,No,1.9970012541489446, no,,NO
2024-02-10 19:00:00,22,OTHER,year 4,COMMERCE,6.1 - 7.0,75.36659323625494,10.437888106644376,6,2,3.519825977479819,4.547836301293582,0.2058557216299981,2,0,1,9,3,single,HOSTEL,1,9,9,3,7,1,,No,7.965308214817303,No ,,
2024-02-10 20:00:00,17,Male , YEAR 3 ,Arts,6.1 - 7.0,43.32274804887747,,3,1,4.666369240495581,6.2030685052167325,7.913801701183872,2,3,10,3,9,In Relationship,PG ,10,3,3,7,2,,,NO,1.4207651299905866, NO,No,No
2024-02-10 21:00:00,21,,YEAR 1, COMMERCE ,1.0 - 1.9,43.03871958662358,10.567482191700268,9,7,6.2332135915994655,4.271162327183479,,1,2,1,3,5,Single ,HOSTEL,6,4,23,9,4,2,9.026977092639585,Yes,3.02421566912379,YES,YES, No
2024-02-10 22:00:00,25,Male,, engineering ,9.1 - 10.0,92.98917918230993,8.745137499988603,,4,,9.040080274136844,4.989162916041019,17,1,8,9,5,IN RELATIONSHIP ,HOSTEL,9,2,8,10,1,10,1.6402460344413416, no,1.1692940113261923, yes , no,No 
2024-02-10 23:00:00,28,male,, management,4.1 - 5.0,90.47284873066319,1.2500487199444597,,9,8.961066267030233,10.267492851170454,2.268391561331395,10,5,3,4,5,SINGLE,Home ,8,8,5,3,,7,5.725052827331016,yes ,3.3538712011419474,yes, no,no
2024-02-11 00:00:00,26,female , year 3,Arts ,7.1 - 8.0,60.753404534921394,9.978435438112243,4,6,17.74718846157519,10.890158219210228,3.148287020956136,5,,7,14,9,IN RELATIONSHIP,PG,2,7,6,,9,5,1.7826769215481142,Yes,3.8724344413934313, no ,,No
2024-02-11 01:00:00,18,male,YEAR 4,ARTS ,7.1 - 8.0,77.08194905086823,8.186122004394061,3,7,4.607923659148165,2.912584535632329,4.393899806417604,6,2,10,4,17,single,pg ,5,3,1,5,7,5,4.945193761329887,No,5.94687605580751,no,No ,No
2024-02-11 02:00:00,17,,Year 4,Science,3.0 - 3.5,69.37548142333603,,,7,2.7362215693337077,8.645184160180085,4.89482002109158,8,0,5,2,1,single,Home,4,5,6,10,8,5,6.3842560823268,,0.011146647425198886, yes,yes, no
2024-02-11 03:00:00,26, MALE,YEAR 4 ,Law,3.0 - 3.5,98.02984330816312,1.6044321853160395,,8,3.6812658720574163,,6.1636635961607045,4,7,2,5,5,in relationship, Home,8,1,9,9,,,7.590663637017491,YES,1.8464316565653363,Yes ,Yes,
2024-02-11 04:00:00,29, female , YEAR 1, science,6.1 - 7.0,96.99765405261348,7.627536670028341,0,4,5.795143365880511,,6.333470519113992,1,,20,3,10,, Alone,9,6,7,1,2,,, NO,2.159378723282863,YES , YES ,YES
2024-02-11 05:00:00,27,OTHER, year 1, arts,3.6-4.0,99.03034051244647,7.95120603456342,,3,,4.860715579612201,4.149625432980967,9,6,14,4,6,IN RELATIONSHIP,ALONE,11,23,9,4,,8,8.911855277759058,NO ,8.795105092581696,no, No, no
2024-02-11 06:00:00,, Male,year 3, Arts ,5.1 - 6.0,91.98692683805585,8.95981719405114,4,3,5.62777790025236,7.995410023807679,0.6058060341100484,3,2,3,3,9,SINGLE , HOSTEL,9,6,5,9,1,9,5.3073505040735425,YES ,2.217556300997301,YES,yes,
2024-02-11 07:00:00,26,,year 3 ,LAW ,8.1 - 9.0,94.57309544650607,8.642944809299783,7,10,8.06962799776698,,4.462268471076299,20,6,,,3,in relationship,HOSTEL,1,,5,9,9,7,5.804708004226098, NO ,3.8947265993884876,No , NO ,
2024-02-11 08:00:00,25,OTHER ,year 2,Commerce,9.1-10.0,53.036726726028185,7.914239456039459,9,8,5.365107470205508,5.36752029846434,3.8206422725547107,18,6,5,4,1,IN RELATIONSHIP,ALONE,7,,5,6,5,3,0.02714232519257176,NO,3.902208120169937,,yes,NO
2024-02-11 09:00:00,25,,year 1,law,2.0 - 2.9,89.86040733938647,9.19486682095707,3,3,3.575979649663509,2.143900456026471,1.7230928581222251,3,4,1,9,8,,PG ,8,4,6,,10,3,3.379369659337057, no,6.483570033279611, no,YES,Yes 
2024-02-11 10:00:00,22,Male, YEAR 3,management ,2.0 - 2.9,,6.901028470708474,3,8,4.863741124679459,7.673258542722456,0.08130297591831326,3,7,1,7,,SINGLE ,,6,2,4,6,7,2,7.607733386788734, No ,7.007171452192065,NO ,yes ,no
2024-02-11 11:00:00,24, MALE,Year 4, Science,5.1-6.0,97.7671905296842,3.129496626293459,4,2,7.943849745188265,9.823548805683995,2.5277277934457505,4,3,2,6,6,Single ,Hostel ,4,7,10,,9,10,9.940620732027861, Yes ,7.816256726137473, no,yes,NO
2024-02-11 12:00:00,27,female, Year 4,commerce,3.0 - 3.5,74.27570970655717,20.82709055822994,4,5,5.392496961710223,11.973341321316646,2.0759065765442113,4,,7,10,5,, home,4,5,9,10,1,5,9.452842242574405, no,6.726369584756001,,yes ,No
2024-02-11 13:00:00,29,female,YEAR 1,science,1.0 - 1.9,45.11003000263338,0.21856837118373518,5,,3.9963028237683087,3.4536413765923624,3.863281746802371,7,2,3,9,8,,alone,7,7,7,5,1,3,0.9458817811589637,Yes ,7.023667209539051,No ,Yes,No
2024-02-11 14:00:00,,other ,YEAR 4,law ,2.0 - 2.9,75.84393347122918,4.398740638457882,4,7,11.717452065361023,8.704278715999084,6.092812554008011,2,2,9,4,6, SINGLE,home ,10,7,3,15,1,2,4.171954267500628, NO,, no,, no 
2024-02-11 15:00:00,26,Female,,COMMERCE ,6.1 - 7.0,81.19485568127726,,4,5,5.638453501461278,1.30847520182681,3.5123200886709025,8,1,3,6,6, SINGLE,Hostel,6,7,10,2,7,4,0.5464424649575184,yes ,6.619413618218148,Yes ,No,Yes
